CountyFIPS,state,county,convspth16
01001,AL,Autauga,.56080174
01003,AL,Baldwin,.56865001
01005,AL,Barbour,.73717701
01007,AL,Bibb,.66274911
01009,AL,Blount,.46905944
01011,AL,Bullock,.57465762
01013,AL,Butler,1.1019284
01015,AL,Calhoun,.73056185
01017,AL,Chambers,.65248984
01019,AL,Cherokee,.69859505
01021,AL,Chilton,.75290895
01023,AL,Choctaw,1.1494253
01025,AL,Clarke,.53388089
01027,AL,Clay,.4474273
01029,AL,Cleburne,.80683118
01031,AL,Coffee,.56621826
01033,AL,Colbert,.8283174
01035,AL,Conecuh,1.1985617
01037,AL,Coosa,.74012399
01039,AL,Covington,.90943134
01041,AL,Crenshaw,.50334364
01043,AL,Cullman,.64381331
01045,AL,Dale,.58909565
01047,AL,Dallas,.8981812
01049,AL,DeKalb,.70208943
01051,AL,Elmore,.67700642
01053,AL,Escambia,.80051231
01055,AL,Etowah,.68142438
01057,AL,Fayette,.48373443
01059,AL,Franklin,.63337237
01061,AL,Geneva,.56569618
01063,AL,Greene,1.531574
01065,AL,Hale,.80824411
01067,AL,Henry,.70208287
01069,AL,Houston,.68155855
01071,AL,Jackson,.80693191
01073,AL,Jefferson,.69572127
01075,AL,Lamar,.64520752
01077,AL,Lauderdale,.53076833
01079,AL,Lawrence,.60182959
01081,AL,Lee,.49690849
01083,AL,Limestone,.63495481
01085,AL,Lowndes,.87882042
01087,AL,Macon,.68162751
01089,AL,Madison,.60901684
01091,AL,Marengo,1.076647
01093,AL,Marion,.76866519
01095,AL,Marshall,.77859497
01097,AL,Mobile,.60262454
01099,AL,Monroe,.64898944
01101,AL,Montgomery,.65720987
01103,AL,Morgan,.79953545
01105,AL,Perry,.83594567
01107,AL,Pickens,.4430224
01109,AL,Pike,.60213757
01111,AL,Randolph,.88896793
01113,AL,Russell,.60161233
01115,AL,St. Clair,.60583889
01117,AL,Shelby,.50219589
01119,AL,Sumter,1.5465512
01121,AL,Talladega,.9703182
01123,AL,Tallapoosa,.86262137
01125,AL,Tuscaloosa,.6205098
01127,AL,Walker,.72799367
01129,AL,Washington,.6007449
01131,AL,Wilcox,.82758623
01133,AL,Winston,1.0047306
02013,AK,Aleutians East,0
02016,AK,Aleutians West,.17400382
02020,AK,Anchorage,.17150006
02050,AK,Bethel,.27808675
02060,AK,Bristol Bay,0
02068,AK,Denali,1.4669926
02070,AK,Dillingham,.20096463
02090,AK,Fairbanks North Star,.23856385
02100,AK,Haines,0
02105,AK,Hoonah-Angoon,0
02110,AK,Juneau,.21601605
02122,AK,Kenai Peninsula,.3074663
02130,AK,Ketchikan Gateway,.21854739
02150,AK,Kodiak Island,.14620952
02164,AK,Lake and Peninsula,1.2484394
02170,AK,Matanuska-Susitna,.16326845
02180,AK,Nome,.10085729
02185,AK,North Slope,.20650491
02188,AK,Northwest Arctic,.26102844
02195,AK,Petersburg,0
02198,AK,Prince of Wales-Hyder,0
02220,AK,Sitka,.22810219
02230,AK,Skagway,0
02240,AK,Southeast Fairbanks,.73099416
02261,AK,Valdez-Cordova,.85653102
02270,AK,Wade Hampton,0
02275,AK,Wrangell,0
02282,AK,Yakutat,0
02290,AK,Yukon-Koyukuk,.73909831
04001,AZ,Apache,.57444692
04003,AZ,Cochise,.47066331
04005,AZ,Coconino,.57110631
04007,AZ,Gila,.58164626
04009,AZ,Graham,.47660655
04011,AZ,Greenlee,.62350619
04012,AZ,La Paz,1.0232422
04013,AZ,Maricopa,.22913118
04015,AZ,Mohave,.44307032
04017,AZ,Navajo,.52620888
04019,AZ,Pima,.27950093
04021,AZ,Pinal,.1999446
04023,AZ,Santa Cruz,.34725991
04025,AZ,Yavapai,.36102208
04027,AZ,Yuma,.32122573
05001,AR,Arkansas,.93329674
05003,AR,Ashley,.68299347
05005,AR,Baxter,.38886863
05007,AR,Benton,.31309915
05009,AR,Boone,.56465274
05011,AR,Bradley,.45541489
05013,AR,Calhoun,.58117008
05015,AR,Carroll,.61309868
05017,AR,Chicot,.82478005
05019,AR,Clark,.44345897
05021,AR,Clay,.53131431
05023,AR,Cleburne,.55646092
05025,AR,Cleveland,.60532689
05027,AR,Columbia,.75053161
05029,AR,Conway,.62215841
05031,AR,Craighead,.40650022
05033,AR,Crawford,.44973418
05035,AR,Crittenden,.60827249
05037,AR,Cross,.58695781
05039,AR,Dallas,.94212651
05041,AR,Desha,.67114097
05043,AR,Drew,.59050894
05045,AR,Faulkner,.42593974
05047,AR,Franklin,.56589895
05049,AR,Fulton,.66450703
05051,AR,Garland,.48864412
05053,AR,Grant,.49740246
05055,AR,Greene,.40254948
05057,AR,Hempstead,.68101335
05059,AR,Hot Spring,.44848412
05061,AR,Howard,.74415833
05063,AR,Independence,.51221222
05065,AR,Izard,.5189029
05067,AR,Jackson,.63550752
05069,AR,Jefferson,.56865031
05071,AR,Johnson,.45757866
05073,AR,Lafayette,.72170901
05075,AR,Lawrence,.96159625
05077,AR,Lee,.10683761
05079,AR,Lincoln,.57929039
05081,AR,Little River,.40225261
05083,AR,Logan,.8750518
05085,AR,Lonoke,.4320136
05087,AR,Madison,.55883265
05089,AR,Marion,.30545545
05091,AR,Miller,.59260613
05093,AR,Mississippi,.51299989
05095,AR,Monroe,1.38217
05097,AR,Montgomery,.55872166
05099,AR,Nevada,.59708619
05101,AR,Newton,.63540477
05103,AR,Ouachita,.58287191
05105,AR,Perry,.48671275
05107,AR,Phillips,.83989501
05109,AR,Pike,.64712954
05111,AR,Poinsett,.74975008
05113,AR,Polk,.74474949
05115,AR,Pope,.40719163
05117,AR,Prairie,.84633052
05119,AR,Pulaski,.57407469
05121,AR,Randolph,.6318934
05123,AR,St. Francis,.76034063
05125,AR,Saline,.3146874
05127,AR,Scott,.38610038
05129,AR,Searcy,.50219709
05131,AR,Sebastian,.50169712
05133,AR,Sevier,.82571512
05135,AR,Sharp,.35009921
05137,AR,Stone,.40000001
05139,AR,Union,.80266887
05141,AR,Van Buren,.7219348
05143,AR,Washington,.3119508
05145,AR,White,.53273803
05147,AR,Woodruff,1.3589008
05149,AR,Yell,.60504514
06001,CA,Alameda,.19960852
06003,CA,Alpine,0
06005,CA,Amador,.32023057
06007,CA,Butte,.32667476
06009,CA,Calaveras,.50755823
06011,CA,Colusa,.50820053
06013,CA,Contra Costa,.19584681
06015,CA,Del Norte,.14571948
06017,CA,El Dorado,.31137261
06019,CA,Fresno,.31137255
06021,CA,Glenn,.57210284
06023,CA,Humboldt,.27849233
06025,CA,Imperial,.34810477
06027,CA,Inyo,.88721305
06029,CA,Kern,.32087278
06031,CA,Kings,.28705513
06033,CA,Lake,.48475373
06035,CA,Lassen,.45243019
06037,CA,Los Angeles,.1934869
06039,CA,Madera,.36136958
06041,CA,Marin,.1605922
06043,CA,Mariposa,.34238759
06045,CA,Mendocino,.45657408
06047,CA,Merced,.28637522
06049,CA,Modoc,.22368863
06051,CA,Mono,.78008652
06053,CA,Monterey,.2818754
06055,CA,Napa,.31062698
06057,CA,Nevada,.3634418
06059,CA,Orange,.20675312
06061,CA,Placer,.34760442
06063,CA,Plumas,.85165274
06065,CA,Riverside,.19107303
06067,CA,Sacramento,.25375679
06069,CA,San Benito,.20224151
06071,CA,San Bernardino,.22506809
06073,CA,San Diego,.22850597
06075,CA,San Francisco,.12783885
06077,CA,San Joaquin,.20836341
06079,CA,San Luis Obispo,.32591522
06081,CA,San Mateo,.19231744
06083,CA,Santa Barbara,.22182587
06085,CA,Santa Clara,.18844725
06087,CA,Santa Cruz,.2361953
06089,CA,Shasta,.51461619
06091,CA,Sierra,.33738193
06093,CA,Siskiyou,.59755003
06095,CA,Solano,.25663272
06097,CA,Sonoma,.28580898
06099,CA,Stanislaus,.29925022
06101,CA,Sutter,.4164151
06103,CA,Tehama,.47285795
06105,CA,Trinity,.62310147
06107,CA,Tulare,.34068593
06109,CA,Tuolumne,.46479633
06111,CA,Ventura,.23146625
06113,CA,Yolo,.25930849
06115,CA,Yuba,.30591208
08001,CO,Adams,.25130934
08003,CO,Alamosa,.42537677
08005,CO,Arapahoe,.24805754
08007,CO,Archuleta,.46743533
08009,CO,Baca,.84554678
08011,CO,Bent,.52807605
08013,CO,Boulder,.233519
08014,CO,Broomfield,.24056895
08015,CO,Chaffee,.89089197
08017,CO,Cheyenne,.54525626
08019,CO,Clear Creek,1.2819144
08021,CO,Conejos,.24777007
08023,CO,Costilla,1.0796221
08025,CO,Crowley,.19033118
08027,CO,Custer,.43468812
08029,CO,Delta,.39543927
08031,CO,Denver,.2950587
08033,CO,Dolores,.48496604
08035,CO,Douglas,.183082
08037,CO,Eagle,.33110148
08039,CO,Elbert,.19967254
08041,CO,El Paso,.26357713
08043,CO,Fremont,.25583082
08045,CO,Garfield,.47533357
08047,CO,Gilpin,.33869603
08049,CO,Grand,.59488398
08051,CO,Gunnison,.30319569
08053,CO,Hinsdale,2.541296
08055,CO,Huerfano,.75964755
08057,CO,Jackson,2.2058823
08059,CO,Jefferson,.27328196
08061,CO,Kiowa,.74183977
08063,CO,Kit Carson,.52438384
08065,CO,Lake,1.0518012
08067,CO,La Plata,.41654593
08069,CO,Larimer,.25403878
08071,CO,Las Animas,.49691203
08073,CO,Lincoln,1.0787487
08075,CO,Logan,.4104903
08077,CO,Mesa,.32044008
08079,CO,Mineral,1.3245033
08081,CO,Moffat,.60785657
08083,CO,Montezuma,.57747835
08085,CO,Montrose,.21865889
08087,CO,Morgan,.46324342
08089,CO,Otero,.38379297
08091,CO,Ouray,.41806021
08093,CO,Park,.40345821
08095,CO,Phillips,.70077085
08097,CO,Pitkin,.39119259
08099,CO,Prowers,.83409792
08101,CO,Pueblo,.40040284
08103,CO,Rio Blanco,.77124786
08105,CO,Rio Grande,.61739284
08107,CO,Routt,.48624337
08109,CO,Saguache,.62431717
08111,CO,San Juan,1.4513788
08113,CO,San Miguel,.37669513
08115,CO,Sedgwick,0
08117,CO,Summit,.42859027
08119,CO,Teller,.4575707
08121,CO,Washington,.61906725
08123,CO,Weld,.26168847
08125,CO,Yuma,.39533505
09001,CT,Fairfield,.26654276
09003,CT,Hartford,.35175997
09005,CT,Litchfield,.42054212
09007,CT,Middlesex,.37936035
09009,CT,New Haven,.36977905
09011,CT,New London,.4233087
09013,CT,Tolland,.36388898
09015,CT,Windham,.36193791
10001,DE,Kent,.31472814
10003,DE,New Castle,.31011865
10005,DE,Sussex,.39528745
11001,DC,District of Columbia,.29371536
12001,FL,Alachua,.46152508
12003,FL,Baker,.64481461
12005,FL,Bay,.65576637
12007,FL,Bradford,.82310683
12009,FL,Brevard,.51739144
12011,FL,Broward,.40529501
12013,FL,Calhoun,.27853215
12015,FL,Charlotte,.33116856
12017,FL,Citrus,.47555774
12019,FL,Clay,.36672458
12021,FL,Collier,.27588469
12023,FL,Columbia,.82281953
12027,FL,DeSoto,.41753653
12029,FL,Dixie,.48552528
12031,FL,Duval,.49871543
12033,FL,Escambia,.55820936
12035,FL,Flagler,.31538427
12037,FL,Franklin,.67802358
12039,FL,Gadsden,.80164665
12041,FL,Gilchrist,.40674028
12043,FL,Glades,.37147102
12045,FL,Gulf,.49689442
12047,FL,Hamilton,1.1868193
12049,FL,Hardee,.6210953
12051,FL,Hendry,.68113017
12053,FL,Hernando,.33473998
12055,FL,Highlands,.5218693
12057,FL,Hillsborough,.43571818
12059,FL,Holmes,.77291697
12061,FL,Indian River,.46240637
12063,FL,Jackson,.55909884
12065,FL,Jefferson,1.2918969
12067,FL,Lafayette,.57776749
12069,FL,Lake,.43526089
12071,FL,Lee,.34324974
12073,FL,Leon,.43542778
12075,FL,Levy,.72771072
12077,FL,Liberty,.60103381
12079,FL,Madison,.87403035
12081,FL,Manatee,.37543634
12083,FL,Marion,.49980035
12085,FL,Martin,.45430455
12086,FL,Miami-Dade,.32668954
12087,FL,Monroe,.76322055
12089,FL,Nassau,.51300019
12091,FL,Okaloosa,.52022111
12093,FL,Okeechobee,.76172692
12095,FL,Orange,.39664611
12097,FL,Osceola,.34024677
12099,FL,Palm Beach,.34737316
12101,FL,Pasco,.37801555
12103,FL,Pinellas,.46148762
12105,FL,Polk,.47524953
12107,FL,Putnam,.64913541
12109,FL,St. Johns,.31057751
12111,FL,St. Lucie,.37571999
12113,FL,Santa Rosa,.32340956
12115,FL,Sarasota,.32939434
12117,FL,Seminole,.37474194
12119,FL,Sumter,.31116679
12121,FL,Suwannee,.68438464
12123,FL,Taylor,1.0398771
12125,FL,Union,.45850527
12127,FL,Volusia,.53871369
12129,FL,Wakulla,.43907794
12131,FL,Walton,.55012226
12133,FL,Washington,.44989774
13001,GA,Appling,.75737083
13003,GA,Atkinson,.84134614
13005,GA,Bacon,1.0558733
13007,GA,Baker,0
13009,GA,Baldwin,.81876522
13011,GA,Banks,.60079741
13013,GA,Barrow,.64858413
13015,GA,Bartow,.70578456
13017,GA,Ben Hill,1.1052938
13019,GA,Berrien,.68370676
13021,GA,Bibb,1.1161516
13023,GA,Bleckley,.85284543
13025,GA,Brantley,.70825386
13027,GA,Brooks,.70094949
13029,GA,Bryan,.72540593
13031,GA,Bulloch,.69592214
13033,GA,Burke,.79617834
13035,GA,Butts,1.0544075
13037,GA,Calhoun,.78210545
13039,GA,Camden,.70589131
13043,GA,Candler,1.4658726
13045,GA,Carroll,.80831707
13047,GA,Catoosa,.40744263
13049,GA,Charlton,.78425223
13051,GA,Chatham,.63927573
13053,GA,Chattahoochee,.1980198
13055,GA,Chattooga,1.1678009
13057,GA,Cherokee,.29387417
13059,GA,Clarke,.53592283
13061,GA,Clay,.66533601
13063,GA,Clayton,.5642736
13065,GA,Clinch,1.1783768
13067,GA,Cobb,.31446666
13069,GA,Coffee,.97640359
13071,GA,Colquitt,.89772505
13073,GA,Columbia,.25771272
13075,GA,Cook,1.0473032
13077,GA,Coweta,.41289368
13079,GA,Crawford,.48816207
13081,GA,Crisp,1.0900371
13083,GA,Dade,1.4160818
13085,GA,Dawson,.50819463
13087,GA,Decatur,1.0481004
13089,GA,DeKalb,.49418098
13091,GA,Dodge,.95983106
13093,GA,Dooly,1.2243428
13095,GA,Dougherty,.9735052
13097,GA,Douglas,.49992606
13099,GA,Early,1.650806
13101,GA,Echols,.7535795
13103,GA,Effingham,.47819924
13105,GA,Elbert,.83581465
13107,GA,Emanuel,.80342793
13109,GA,Evans,1.312336
13111,GA,Fannin,.64023048
13113,GA,Fayette,.37753487
13115,GA,Floyd,.83833575
13117,GA,Forsyth,.31354088
13119,GA,Franklin,.71729577
13121,GA,Fulton,.4051753
13123,GA,Gilmer,.46615389
13125,GA,Glascock,.66844922
13127,GA,Glynn,.76897597
13129,GA,Gordon,.71946234
13131,GA,Grady,.60257906
13133,GA,Greene,1.1216719
13135,GA,Gwinnett,.41560972
13137,GA,Habersham,.81490368
13139,GA,Hall,.54525906
13141,GA,Hancock,.92410767
13143,GA,Haralson,.86706203
13145,GA,Harris,.59493709
13147,GA,Hart,.66541409
13149,GA,Heard,.95040607
13151,GA,Henry,.53308034
13153,GA,Houston,.78360617
13155,GA,Irwin,.85479218
13157,GA,Jackson,.60020316
13159,GA,Jasper,.434122
13161,GA,Jeff Davis,1.002004
13163,GA,Jefferson,1.2034457
13165,GA,Jenkins,.5701254
13167,GA,Johnson,.61664951
13169,GA,Jones,.49031624
13171,GA,Lamar,.64970219
13173,GA,Lanier,.38262865
13175,GA,Laurens,1.0595016
13177,GA,Lee,.71843994
13179,GA,Liberty,.76559699
13181,GA,Lincoln,.89013225
13183,GA,Long,.32268474
13185,GA,Lowndes,.83110249
13187,GA,Lumpkin,.44404975
13189,GA,McDuffie,.93214017
13191,GA,McIntosh,.99488348
13193,GA,Macon,.81360948
13195,GA,Madison,.7631734
13197,GA,Marion,.58747506
13199,GA,Meriwether,.85421413
13201,GA,Miller,.51011735
13205,GA,Mitchell,.98166078
13207,GA,Monroe,.89289033
13209,GA,Montgomery,1.1132139
13211,GA,Morgan,.99332267
13213,GA,Murray,.60950834
13215,GA,Muscogee,.64185178
13217,GA,Newton,.52542692
13219,GA,Oconee,.37975371
13221,GA,Oglethorpe,.40788579
13223,GA,Paulding,.32824025
13225,GA,Peach,1.1524591
13227,GA,Pickens,.55383611
13229,GA,Pierce,.9366219
13231,GA,Pike,.66953075
13233,GA,Polk,.91061586
13235,GA,Pulaski,.7959671
13237,GA,Putnam,.97456843
13239,GA,Quitman,3.4290614
13241,GA,Rabun,.78654402
13243,GA,Randolph,1.2456747
13245,GA,Richmond,.65838975
13247,GA,Rockdale,.66013986
13249,GA,Schley,.7754944
13251,GA,Screven,.7126568
13253,GA,Seminole,1.3025459
13255,GA,Spalding,.71259278
13257,GA,Stephens,.9329809
13259,GA,Stewart,1.1914893
13261,GA,Sumter,1.0541921
13263,GA,Talbot,.78702974
13265,GA,Taliaferro,1.8450185
13267,GA,Tattnall,.79110795
13269,GA,Taylor,.85376263
13271,GA,Telfair,.62367469
13273,GA,Terrell,1.0126013
13275,GA,Thomas,.99800402
13277,GA,Tift,1.2300123
13279,GA,Toombs,1.1399155
13281,GA,Towns,1.0573618
13283,GA,Treutlen,1.4865468
13285,GA,Troup,1.0032103
13287,GA,Turner,1.8815856
13289,GA,Twiggs,.72859746
13291,GA,Union,.66195941
13293,GA,Upson,.87742722
13295,GA,Walker,.64397156
13297,GA,Walton,.54498339
13299,GA,Ware,1.2298747
13301,GA,Warren,1.3006318
13303,GA,Washington,.83566827
13305,GA,Wayne,.73370016
13307,GA,Webster,.38284838
13309,GA,Wheeler,.62367469
13311,GA,White,.58976585
13313,GA,Whitfield,.68769222
13315,GA,Wilcox,.90222174
13317,GA,Wilkes,.81449807
13319,GA,Wilkinson,1.4367816
13321,GA,Worth,.67570829
15001,HI,Hawaii,.33219081
15003,HI,Honolulu,.26793963
15005,HI,Kalawao,0
15007,HI,Kauai,.41800776
15009,HI,Maui,.35674551
16001,ID,Ada,.25209951
16003,ID,Adams,1.2661433
16005,ID,Bannock,.40294385
16007,ID,Bear Lake,1.009761
16009,ID,Benewah,.55420083
16011,ID,Bingham,.39774612
16013,ID,Blaine,.50595647
16015,ID,Boise,.98758465
16017,ID,Bonner,.54318303
16019,ID,Bonneville,.41062263
16021,ID,Boundary,.42918456
16023,ID,Butte,1.5546055
16025,ID,Camas,0
16027,ID,Canyon,.26526329
16029,ID,Caribou,.57920647
16031,ID,Cassia,.89506435
16033,ID,Clark,2.3419204
16035,ID,Clearwater,.35067213
16037,ID,Custer,1.4602093
16039,ID,Elmore,.34495977
16041,ID,Franklin,.59938562
16043,ID,Fremont,.54314089
16045,ID,Gem,.47117028
16047,ID,Gooding,.26500598
16049,ID,Idaho,.55459702
16051,ID,Jefferson,.28769735
16053,ID,Jerome,.38698027
16055,ID,Kootenai,.42443714
16057,ID,Latah,.33512065
16059,ID,Lemhi,.90532851
16061,ID,Lewis,.52042675
16063,ID,Lincoln,.56958419
16065,ID,Madison,.28364405
16067,ID,Minidoka,.53442162
16069,ID,Nez Perce,.39904231
16071,ID,Oneida,.92571163
16073,ID,Owyhee,.26401478
16075,ID,Payette,.56719023
16077,ID,Power,.26106253
16079,ID,Shoshone,.80560702
16081,ID,Teton,.45101932
16083,ID,Twin Falls,.3591266
16085,ID,Valley,.86397237
16087,ID,Washington,.59618443
17001,IL,Adams,.41996011
17003,IL,Alexander,.46217841
17005,IL,Bond,.59378898
17007,IL,Boone,.39206901
17009,IL,Brown,.2965599
17011,IL,Bureau,.65803248
17013,IL,Calhoun,0
17015,IL,Carroll,.75285745
17017,IL,Cass,.86743945
17019,IL,Champaign,.34405807
17021,IL,Christian,.60112411
17023,IL,Clark,.50479555
17025,IL,Clay,.52588087
17027,IL,Clinton,.58565152
17029,IL,Coles,.32435319
17031,IL,Cook,.25442734
17033,IL,Crawford,.47017032
17035,IL,Cumberland,.4590525
17037,IL,DeKalb,.37339512
17039,IL,De Witt,.49508014
17041,IL,Douglas,.60701096
17043,IL,DuPage,.31788546
17045,IL,Edgar,.5723443
17047,IL,Edwards,.76394194
17049,IL,Effingham,.73137909
17051,IL,Fayette,.45837918
17053,IL,Ford,.67456156
17055,IL,Franklin,.66509771
17057,IL,Fulton,.59126616
17059,IL,Gallatin,.77474338
17061,IL,Greene,.76225322
17063,IL,Grundy,.35807356
17065,IL,Hamilton,.48786438
17067,IL,Hancock,.76842856
17069,IL,Hardin,.73188585
17071,IL,Henderson,.72737855
17073,IL,Henry,.58557469
17075,IL,Iroquois,.46076417
17077,IL,Jackson,.37267923
17079,IL,Jasper,.4169707
17081,IL,Jefferson,.39156312
17083,IL,Jersey,.31897926
17085,IL,Jo Daviess,.50317919
17087,IL,Johnson,.5400818
17089,IL,Kane,.25912914
17091,IL,Kankakee,.4361535
17093,IL,Kendall,.24082264
17095,IL,Knox,.39258024
17097,IL,Lake,.28371412
17099,IL,LaSalle,.47055843
17101,IL,Lawrence,.42831793
17103,IL,Lee,.58141226
17105,IL,Livingston,.76764905
17107,IL,Logan,.40902585
17109,IL,McDonough,.47790486
17111,IL,McHenry,.29223436
17113,IL,McLean,.36481979
17115,IL,Macon,.496948
17117,IL,Macoupin,.59141785
17119,IL,Madison,.425455
17121,IL,Marion,.60421371
17123,IL,Marshall,.92452514
17125,IL,Mason,.65664673
17127,IL,Massac,.48379293
17129,IL,Menard,.32260665
17131,IL,Mercer,.70377481
17133,IL,Monroe,.38372985
17135,IL,Montgomery,.89411604
17137,IL,Morgan,.58489794
17139,IL,Moultrie,.47948489
17141,IL,Ogle,.54721701
17143,IL,Peoria,.37237716
17145,IL,Perry,.46768311
17147,IL,Piatt,.42357498
17149,IL,Pike,.8185367
17151,IL,Pope,.23282887
17153,IL,Pulaski,.71390325
17155,IL,Putnam,.34983382
17157,IL,Randolph,.49084273
17159,IL,Richland,.37835792
17161,IL,Rock Island,.48806643
17163,IL,St. Clair,.47126785
17165,IL,Saline,.78340822
17167,IL,Sangamon,.38463292
17169,IL,Schuyler,.56713456
17171,IL,Scott,.59347183
17173,IL,Shelby,.78243661
17175,IL,Stark,.54486012
17177,IL,Stephenson,.54896796
17179,IL,Tazewell,.42547792
17181,IL,Union,.46742624
17183,IL,Vermilion,.42006111
17185,IL,Wabash,.52124053
17187,IL,Warren,.34668052
17189,IL,Washington,.70372975
17191,IL,Wayne,.60339105
17193,IL,White,.70982397
17195,IL,Whiteside,.45984331
17197,IL,Will,.25807163
17199,IL,Williamson,.47309285
17201,IL,Winnebago,.42644221
17203,IL,Woodford,.53938818
18001,IN,Adams,.36898273
18003,IN,Allen,.34867504
18005,IN,Bartholomew,.41527733
18007,IN,Benton,.46216059
18009,IN,Blackford,.57971013
18011,IN,Boone,.26463675
18013,IN,Brown,.39978677
18015,IN,Carroll,.40066108
18017,IN,Cass,.44721544
18019,IN,Clark,.31088084
18021,IN,Clay,.49612638
18023,IN,Clinton,.43387982
18025,IN,Crawford,.56705415
18027,IN,Daviess,.33336365
18029,IN,Dearborn,.42449111
18031,IN,Decatur,.33782515
18033,IN,DeKalb,.30502111
18035,IN,Delaware,.54553485
18037,IN,Dubois,.54173732
18039,IN,Elkhart,.33799338
18041,IN,Fayette,.47297588
18043,IN,Floyd,.32584754
18045,IN,Fountain,.66759723
18047,IN,Franklin,.4840484
18049,IN,Fulton,.44693848
18051,IN,Gibson,.44670776
18053,IN,Grant,.65866292
18055,IN,Greene,.40343854
18057,IN,Hamilton,.19285733
18059,IN,Hancock,.25751889
18061,IN,Harrison,.32762924
18063,IN,Hendricks,.27442372
18065,IN,Henry,.53758997
18067,IN,Howard,.68011516
18069,IN,Huntington,.63242412
18071,IN,Jackson,.59181029
18073,IN,Jasper,.50914973
18075,IN,Jay,.28517109
18077,IN,Jefferson,.27907842
18079,IN,Jennings,.36203027
18081,IN,Johnson,.28374785
18083,IN,Knox,.50609982
18085,IN,Kosciusko,.3547582
18087,IN,LaGrange,.30664656
18089,IN,Lake,.47473037
18091,IN,LaPorte,.49905634
18093,IN,Lawrence,.54854637
18095,IN,Madison,.41755268
18097,IN,Marion,.37074935
18099,IN,Marshall,.40727085
18101,IN,Martin,.58811998
18103,IN,Miami,.52679735
18105,IN,Monroe,.32259837
18107,IN,Montgomery,.75672573
18109,IN,Morgan,.51756114
18111,IN,Newton,.56943554
18113,IN,Noble,.37941065
18115,IN,Ohio,.33967391
18117,IN,Orange,.35932446
18119,IN,Owen,.38237262
18121,IN,Parke,.53075427
18123,IN,Perry,.52603894
18125,IN,Pike,.72417122
18127,IN,Porter,.3583416
18129,IN,Posey,.50717854
18131,IN,Pulaski,.47577512
18133,IN,Putnam,.45619214
18135,IN,Randolph,.5187757
18137,IN,Ripley,.45761758
18139,IN,Rush,.66133589
18141,IN,St. Joseph,.36719298
18143,IN,Scott,.59054285
18145,IN,Shelby,.45220223
18147,IN,Spencer,.63436294
18149,IN,Starke,.26096034
18151,IN,Steuben,.63975805
18153,IN,Sullivan,.38578385
18155,IN,Switzerland,.46961585
18157,IN,Tippecanoe,.31800884
18159,IN,Tipton,.39593506
18161,IN,Union,.69754463
18163,IN,Vanderburgh,.40709668
18165,IN,Vermillion,.64057398
18167,IN,Vigo,.3807967
18169,IN,Wabash,.50711548
18171,IN,Warren,.61169565
18173,IN,Warrick,.27397701
18175,IN,Washington,.25227043
18177,IN,Wayne,.45051134
18179,IN,Wells,.32327586
18181,IN,White,.70536494
18183,IN,Whitley,.47784016
19001,IA,Adair,.99857348
19003,IA,Adams,.53821313
19005,IA,Allamakee,.57682604
19007,IA,Appanoose,.64015365
19009,IA,Audubon,.53238684
19011,IA,Benton,.66300064
19013,IA,Black Hawk,.45929238
19015,IA,Boone,.41636699
19017,IA,Bremer,.56488055
19019,IA,Buchanan,.5705049
19021,IA,Buena Vista,.59206629
19023,IA,Butler,.68087423
19025,IA,Calhoun,.71435863
19027,IA,Carroll,.58921731
19029,IA,Cass,.60698026
19031,IA,Cedar,.76058024
19033,IA,Cerro Gordo,.48764628
19035,IA,Cherokee,.61381972
19037,IA,Chickasaw,.74608308
19039,IA,Clarke,.538445
19041,IA,Clay,.61255741
19043,IA,Clayton,.68000227
19045,IA,Clinton,.55042762
19047,IA,Crawford,.52829301
19049,IA,Dallas,.41575101
19051,IA,Davis,.67408156
19053,IA,Decatur,.49720323
19055,IA,Delaware,.63697958
19057,IA,Des Moines,.60567826
19059,IA,Dickinson,.76005614
19061,IA,Dubuque,.48601919
19063,IA,Emmet,.41849759
19065,IA,Fayette,.75052536
19067,IA,Floyd,.56836122
19069,IA,Franklin,.49019608
19071,IA,Fremont,.71839082
19073,IA,Greene,.99900103
19075,IA,Grundy,.5692445
19077,IA,Guthrie,.5633803
19079,IA,Hamilton,.59602648
19081,IA,Hancock,.45901036
19083,IA,Hardin,.7561217
19085,IA,Harrison,.71063101
19087,IA,Henry,.55552751
19089,IA,Howard,.539258
19091,IA,Humboldt,.73444551
19093,IA,Ida,.71870059
19095,IA,Iowa,.80326247
19097,IA,Jackson,.8251676
19099,IA,Jasper,.65464664
19101,IA,Jefferson,.49526745
19103,IA,Johnson,.32052812
19105,IA,Jones,.44152278
19107,IA,Keokuk,.58956468
19109,IA,Kossuth,.59472674
19111,IA,Lee,.5514279
19113,IA,Linn,.38756198
19115,IA,Louisa,.62567037
19117,IA,Lucas,.81813931
19119,IA,Lyon,.67865628
19121,IA,Madison,.44320628
19123,IA,Mahaska,.58542734
19125,IA,Marion,.42233551
19127,IA,Marshall,.52290839
19129,IA,Mills,.46530178
19131,IA,Mitchell,.65684527
19133,IA,Monona,.90919423
19135,IA,Monroe,.63669938
19137,IA,Montgomery,.59206629
19139,IA,Muscatine,.48946485
19141,IA,O'Brien,.79017311
19143,IA,Osceola,.32873109
19145,IA,Page,.3260515
19147,IA,Palo Alto,.66356999
19149,IA,Plymouth,.39674667
19151,IA,Pocahontas,1.0221963
19153,IA,Polk,.38334513
19155,IA,Pottawattamie,.52401936
19157,IA,Poweshiek,.60135579
19159,IA,Ringgold,.80176389
19161,IA,Sac,.71297616
19163,IA,Scott,.52893138
19165,IA,Shelby,.59972584
19167,IA,Sioux,.51589233
19169,IA,Story,.35118163
19171,IA,Tama,.64031667
19173,IA,Taylor,.641334
19175,IA,Union,.64568198
19177,IA,Van Buren,.6891799
19179,IA,Wapello,.68046498
19181,IA,Warren,.48639119
19183,IA,Washington,.58799583
19185,IA,Wayne,.77675939
19187,IA,Webster,.57139748
19189,IA,Winnebago,.75464576
19191,IA,Winneshiek,.53897792
19193,IA,Woodbury,.48682174
19195,IA,Worth,.66889632
19197,IA,Wright,.78027463
20001,KS,Allen,.55349094
20003,KS,Anderson,.38392627
20005,KS,Atchison,.54968548
20007,KS,Barber,.85433573
20009,KS,Barton,.4459143
20011,KS,Bourbon,.40894219
20013,KS,Brown,.62227756
20015,KS,Butler,.34509662
20017,KS,Chase,.37821484
20019,KS,Chautauqua,.88626295
20021,KS,Cherokee,.39564788
20023,KS,Cheyenne,.74878323
20025,KS,Clark,0
20027,KS,Clay,.24755539
20029,KS,Cloud,.43956044
20031,KS,Coffey,.71873504
20033,KS,Comanche,1.080497
20035,KS,Cowley,.39302659
20037,KS,Crawford,.46163315
20039,KS,Decatur,.35248503
20041,KS,Dickinson,.47415838
20043,KS,Doniphan,.38814855
20045,KS,Douglas,.25106284
20047,KS,Edwards,.68965518
20049,KS,Elk,.79649544
20051,KS,Ellis,.58980674
20053,KS,Ellsworth,1.1091745
20055,KS,Finney,.35137033
20057,KS,Ford,.43477002
20059,KS,Franklin,.50886601
20061,KS,Geary,.39763689
20063,KS,Gove,.76045626
20065,KS,Graham,1.1682243
20067,KS,Grant,.26024723
20069,KS,Gray,.33444816
20071,KS,Greeley,.78125
20073,KS,Greenwood,.65231574
20075,KS,Hamilton,.76074553
20077,KS,Harper,.52816904
20079,KS,Harvey,.25881407
20081,KS,Haskell,.49529469
20083,KS,Hodgeman,.54555374
20085,KS,Jackson,.37710235
20087,KS,Jefferson,.74246925
20089,KS,Jewell,.3462604
20091,KS,Johnson,.18983574
20093,KS,Kearny,.51282054
20095,KS,Kingman,.13487996
20097,KS,Kiowa,.39936101
20099,KS,Labette,.59026068
20101,KS,Lane,.625
20103,KS,Leavenworth,.22467703
20105,KS,Lincoln,.64998376
20107,KS,Linn,1.038853
20109,KS,Logan,.71123755
20111,KS,Lyon,.41916168
20113,KS,McPherson,.31687909
20115,KS,Marion,.33272335
20117,KS,Marshall,.91827363
20119,KS,Meade,.94095504
20121,KS,Miami,.39438158
20123,KS,Mitchell,1.1315875
20125,KS,Montgomery,.57808745
20127,KS,Morris,.3599712
20129,KS,Morton,.35714287
20131,KS,Nemaha,.49504951
20133,KS,Neosho,.37364554
20135,KS,Ness,0
20137,KS,Norton,.54486012
20139,KS,Osage,.76002282
20141,KS,Osborne,.82781458
20143,KS,Ottawa,.50684237
20145,KS,Pawnee,.29664788
20147,KS,Phillips,.3708511
20149,KS,Pottawatomie,.42385453
20151,KS,Pratt,.20894276
20153,KS,Rawlins,.79968011
20155,KS,Reno,.34898478
20157,KS,Republic,.64502257
20159,KS,Rice,.50973594
20161,KS,Riley,.30852604
20163,KS,Rooks,.5859375
20165,KS,Rush,.65061808
20167,KS,Russell,.71530759
20169,KS,Saline,.32685673
20171,KS,Scott,.19956097
20173,KS,Sedgwick,.26139149
20175,KS,Seward,.26366672
20177,KS,Shawnee,.35923976
20179,KS,Sheridan,1.2087027
20181,KS,Sherman,.50462574
20183,KS,Smith,.27188689
20185,KS,Stafford,.47619048
20187,KS,Stanton,.47619048
20189,KS,Stevens,.53050399
20191,KS,Sumner,.38788089
20193,KS,Thomas,.25604916
20195,KS,Trego,1.3971359
20197,KS,Wabaunsee,.58055151
20199,KS,Wallace,0
20201,KS,Washington,.71839082
20203,KS,Wichita,.46926326
20205,KS,Wilson,1.1503508
20207,KS,Woodson,.62597811
20209,KS,Wyandotte,.31626707
21001,KY,Adair,.5160225
21003,KY,Allen,.38593274
21005,KY,Anderson,.40643063
21007,KY,Ballard,.74469405
21009,KY,Barren,.52524608
21011,KY,Bath,.4889577
21013,KY,Bell,.36775523
21015,KY,Boone,.34067857
21017,KY,Bourbon,.44872114
21019,KY,Boyd,.68470412
21021,KY,Boyle,.46841541
21023,KY,Bracken,.95808381
21025,KY,Breathitt,.37910381
21027,KY,Breckinridge,.55126792
21029,KY,Bullitt,.35349518
21031,KY,Butler,.39366978
21033,KY,Caldwell,.55471909
21035,KY,Calloway,.43846074
21037,KY,Campbell,.35856313
21039,KY,Carlisle,.8305648
21041,KY,Carroll,.47174263
21043,KY,Carter,.69735008
21045,KY,Casey,.82482076
21047,KY,Christian,.46002647
21049,KY,Clark,.50154644
21051,KY,Clay,.48348886
21053,KY,Clinton,.68493152
21055,KY,Crittenden,.21826912
21057,KY,Cumberland,1.1876484
21059,KY,Daviess,.58090621
21061,KY,Edmonson,.41431886
21063,KY,Elliott,.26641801
21065,KY,Estill,.20913211
21067,KY,Fayette,.3416371
21069,KY,Fleming,.68936992
21071,KY,Floyd,.67624223
21073,KY,Franklin,.65683407
21075,KY,Fulton,.64724916
21077,KY,Gallatin,.68744272
21079,KY,Garrard,.57477874
21081,KY,Grant,.72265941
21083,KY,Graves,.51146764
21085,KY,Grayson,1.0328997
21087,KY,Green,.45450413
21089,KY,Greenup,.61461097
21091,KY,Hancock,.34336728
21093,KY,Hardin,.45840234
21095,KY,Harlan,.5552265
21097,KY,Harrison,.48418334
21099,KY,Hart,.48577753
21101,KY,Henderson,.60548395
21103,KY,Henry,.75695449
21105,KY,Hickman,1.5177797
21107,KY,Hopkins,.48131618
21109,KY,Jackson,.52344275
21111,KY,Jefferson,.34795755
21113,KY,Jessamine,.42101234
21115,KY,Johnson,.65588105
21117,KY,Kenton,.3706044
21119,KY,Knott,.45132172
21121,KY,Knox,.54271483
21123,KY,Larue,.57008481
21125,KY,Laurel,.61676943
21127,KY,Lawrence,.50485927
21129,KY,Lee,.15156108
21131,KY,Leslie,.67056233
21133,KY,Letcher,.1758319
21135,KY,Lewis,.44526902
21137,KY,Lincoln,.69826669
21139,KY,Livingston,.75963104
21141,KY,Logan,.48767677
21143,KY,Lyon,.37114933
21145,KY,McCracken,.55094731
21147,KY,McCreary,.56963825
21149,KY,McLean,.85634768
21151,KY,Madison,.51375407
21153,KY,Magoffin,.55231184
21155,KY,Marion,.57462257
21157,KY,Marshall,.3837176
21159,KY,Martin,.92073321
21161,KY,Mason,1.1073551
21163,KY,Meade,.60683942
21165,KY,Menifee,.15513496
21167,KY,Mercer,.28046557
21169,KY,Metcalfe,.59940058
21171,KY,Monroe,.47263446
21173,KY,Montgomery,.90379959
21175,KY,Morgan,.22667171
21177,KY,Muhlenberg,.64383209
21179,KY,Nelson,.48338899
21181,KY,Nicholas,.14158289
21183,KY,Ohio,.86791205
21185,KY,Oldham,.24488796
21187,KY,Owen,.28134671
21189,KY,Owsley,.88987762
21191,KY,Pendleton,.20581779
21193,KY,Perry,.73624146
21195,KY,Pike,.47979087
21197,KY,Powell,.81333876
21199,KY,Pulaski,.68734962
21201,KY,Robertson,0
21203,KY,Rockcastle,.41491318
21205,KY,Rowan,.77862471
21207,KY,Russell,.9003939
21209,KY,Scott,.18720983
21211,KY,Shelby,.30048078
21213,KY,Simpson,.38921323
21215,KY,Spencer,.21931027
21217,KY,Taylor,.31450251
21219,KY,Todd,.48535836
21221,KY,Trigg,.69866556
21223,KY,Trimble,.34774545
21225,KY,Union,.608437
21227,KY,Warren,.38783926
21229,KY,Washington,.41220117
21231,KY,Wayne,.53004384
21233,KY,Webster,.68316382
21235,KY,Whitley,.47087499
21237,KY,Wolfe,.97020096
21239,KY,Woodford,.45992872
22001,LA,Acadia,.65286624
22003,LA,Allen,.545044
22005,LA,Ascension,.51033849
22007,LA,Assumption,.52735662
22009,LA,Avoyelles,.82846004
22011,LA,Beauregard,.56759822
22013,LA,Bienville,.8691873
22015,LA,Bossier,.39603332
22017,LA,Caddo,.54586685
22019,LA,Calcasieu,.74265319
22021,LA,Caldwell,.39718002
22023,LA,Cameron,.87133312
22025,LA,Catahoula,.60544902
22027,LA,Claiborne,.68052465
22029,LA,Concordia,1.0003
22031,LA,De Soto,.40424827
22033,LA,East Baton Rouge,.56283796
22035,LA,East Carroll,.41385019
22037,LA,East Feliciana,.76832455
22039,LA,Evangeline,.53396618
22041,LA,Franklin,.93301904
22043,LA,Grant,.4933399
22045,LA,Iberia,.58842045
22047,LA,Iberville,.72910655
22049,LA,Jackson,.82034457
22051,LA,Jefferson,.42190725
22053,LA,Jefferson Davis,.79693973
22055,LA,Lafayette,.52948135
22057,LA,Lafourche,.51715219
22059,LA,La Salle,.86367261
22061,LA,Lincoln,.54567969
22063,LA,Livingston,.55682468
22065,LA,Madison,.52242053
22067,LA,Morehouse,.54024851
22069,LA,Natchitoches,.69239646
22071,LA,Orleans,.3384043
22073,LA,Ouachita,.64357036
22075,LA,Plaquemines,.68590045
22077,LA,Pointe Coupee,.90268999
22079,LA,Rapides,.77973002
22081,LA,Red River,.34746352
22083,LA,Richland,.88010955
22085,LA,Sabine,.6225875
22087,LA,St. Bernard,.58933949
22089,LA,St. Charles,.49182808
22091,LA,St. Helena,.86215156
22093,LA,St. James,.69988799
22095,LA,St. John the Baptist,.48298067
22097,LA,St. Landry,.66903216
22099,LA,St. Martin,.57611179
22101,LA,St. Mary,.68999887
22103,LA,St. Tammany,.43517479
22105,LA,Tangipahoa,.67369455
22107,LA,Tensas,1.7104982
22109,LA,Terrebonne,.57459581
22111,LA,Union,.66345263
22113,LA,Vermilion,.46500814
22115,LA,Vernon,.63927472
22117,LA,Washington,.64621747
22119,LA,Webster,.82924992
22121,LA,West Baton Rouge,.84820914
22123,LA,West Carroll,.62904388
22125,LA,West Feliciana,.52202284
22127,LA,Winn,.3440446
23001,ME,Androscoggin,.59663087
23003,ME,Aroostook,.88085032
23005,ME,Cumberland,.50188208
23007,ME,Franklin,.93112963
23009,ME,Hancock,.51472479
23011,ME,Kennebec,.63464326
23013,ME,Knox,.78174251
23015,ME,Lincoln,.91195244
23017,ME,Oxford,.85820371
23019,ME,Penobscot,.74580073
23021,ME,Piscataquis,.82958049
23023,ME,Sagadahoc,.56926537
23025,ME,Somerset,1.0658666
23027,ME,Waldo,.73557389
23029,ME,Washington,.91870999
23031,ME,York,.54889899
24001,MD,Allegany,.40169543
24003,MD,Anne Arundel,.35154575
24005,MD,Baltimore,.32955229
24009,MD,Calvert,.27442673
24011,MD,Caroline,.63855016
24013,MD,Carroll,.32308245
24015,MD,Cecil,.41869116
24017,MD,Charles,.22232103
24019,MD,Dorchester,.55784547
24021,MD,Frederick,.26625678
24023,MD,Garrett,.64749181
24025,MD,Harford,.33940402
24027,MD,Howard,.25554791
24029,MD,Kent,.50880229
24031,MD,Montgomery,.21176498
24033,MD,Prince George's,.34900796
24035,MD,Queen Anne's,.4880231
24037,MD,St. Mary's,.3040193
24039,MD,Somerset,.34839159
24041,MD,Talbot,.51069778
24043,MD,Washington,.34710634
24045,MD,Wicomico,.50689673
24047,MD,Worcester,.67942697
24510,MD,Baltimore,.5186739
25001,MA,Barnstable,.63249624
25003,MA,Berkshire,.53603244
25005,MA,Bristol,.55166286
25007,MA,Dukes,.46210721
25009,MA,Essex,.38430351
25011,MA,Franklin,.43898156
25013,MA,Hampden,.5223847
25015,MA,Hampshire,.32785264
25017,MA,Middlesex,.38010079
25019,MA,Nantucket,.45089728
25021,MA,Norfolk,.40182659
25023,MA,Plymouth,.49040678
25025,MA,Suffolk,.49041602
25027,MA,Worcester,.45937461
26001,MI,Alcona,.57786769
26003,MI,Alger,.87767416
26005,MI,Allegan,.46104997
26007,MI,Alpena,.69790977
26009,MI,Antrim,.56360012
26011,MI,Arenac,.79328352
26013,MI,Baraga,.70290536
26015,MI,Barry,.45217043
26017,MI,Bay,.57426709
26019,MI,Benzie,.62771058
26021,MI,Berrien,.44110873
26023,MI,Branch,.43721381
26025,MI,Calhoun,.50678951
26027,MI,Cass,.46866763
26029,MI,Charlevoix,.65079242
26031,MI,Cheboygan,.74791372
26033,MI,Chippewa,.55708826
26035,MI,Clare,.85509437
26037,MI,Clinton,.32245582
26039,MI,Crawford,.72785503
26041,MI,Delta,.57971013
26043,MI,Dickinson,.5095042
26045,MI,Eaton,.39504993
26047,MI,Emmet,.72912872
26049,MI,Genesee,.41849503
26051,MI,Gladwin,.79541838
26053,MI,Gogebic,.32575414
26055,MI,Grand Traverse,.38079074
26057,MI,Gratiot,.63519984
26059,MI,Hillsdale,.52439529
26061,MI,Houghton,.35825503
26063,MI,Huron,.89027375
26065,MI,Ingham,.40634453
26067,MI,Ionia,.48300147
26069,MI,Iosco,.83099204
26071,MI,Iron,.62600607
26073,MI,Isabella,.52015239
26075,MI,Jackson,.44875643
26077,MI,Kalamazoo,.29112527
26079,MI,Kalkaska,.6936416
26081,MI,Kent,.27686656
26083,MI,Keweenaw,.46750817
26085,MI,Lake,.92740917
26087,MI,Lapeer,.44247285
26089,MI,Leelanau,.41874099
26091,MI,Lenawee,.39589891
26093,MI,Livingston,.31854236
26095,MI,Luce,1.2616307
26097,MI,Mackinac,1.1221246
26099,MI,Macomb,.34812561
26101,MI,Manistee,.69563794
26103,MI,Marquette,.46643895
26105,MI,Mason,.62400335
26107,MI,Mecosta,.57907903
26109,MI,Menominee,.34451574
26111,MI,Midland,.40751261
26113,MI,Missaukee,.39914849
26115,MI,Monroe,.32166624
26117,MI,Montcalm,.60352904
26119,MI,Montmorency,.65174884
26121,MI,Muskegon,.4274936
26123,MI,Newaygo,.52314389
26125,MI,Oakland,.32670766
26127,MI,Oceana,.68490547
26129,MI,Ogemaw,.81331933
26131,MI,Ontonagon,.6744225
26133,MI,Osceola,.51788872
26135,MI,Oscoda,.84725249
26137,MI,Otsego,.94320279
26139,MI,Ottawa,.24007739
26141,MI,Presque Isle,.94302553
26143,MI,Roscommon,.7967459
26145,MI,Saginaw,.40044725
26147,MI,St. Clair,.33854315
26149,MI,St. Joseph,.47672278
26151,MI,Sanilac,.74893701
26153,MI,Schoolcraft,1.126408
26155,MI,Shiawassee,.3939248
26157,MI,Tuscola,.54475439
26159,MI,Van Buren,.74467093
26161,MI,Washtenaw,.28512523
26163,MI,Wayne,.48901343
26165,MI,Wexford,.75551528
27001,MN,Aitkin,1.0775862
27003,MN,Anoka,.32555929
27005,MN,Becker,.65181321
27007,MN,Beltrami,.45641258
27009,MN,Benton,.48140267
27011,MN,Big Stone,.59856343
27013,MN,Blue Earth,.31700984
27015,MN,Brown,.43543664
27017,MN,Carlton,.5345487
27019,MN,Carver,.27908739
27021,MN,Cass,.62068963
27023,MN,Chippewa,.33233634
27025,MN,Chisago,.49450549
27027,MN,Clay,.31817749
27029,MN,Clearwater,.33856225
27031,MN,Cook,1.1297307
27033,MN,Cottonwood,.6142506
27035,MN,Crow Wing,.54883879
27037,MN,Dakota,.26352292
27039,MN,Dodge,.29201344
27041,MN,Douglas,.72633362
27043,MN,Faribault,.43305665
27045,MN,Fillmore,.57364118
27047,MN,Freeborn,.49337235
27049,MN,Goodhue,.38927335
27051,MN,Grant,1.0116338
27053,MN,Hennepin,.26434347
27055,MN,Houston,.53421658
27057,MN,Hubbard,.67570829
27059,MN,Isanti,.3353627
27061,MN,Itasca,.84165764
27063,MN,Jackson,.80466706
27065,MN,Kanabec,.50371492
27067,MN,Kandiyohi,.51616538
27069,MN,Kittson,.6947661
27071,MN,Koochiching,.95102233
27073,MN,Lac qui Parle,.44490582
27075,MN,Lake,.66565233
27077,MN,Lake of the Woods,.79030561
27079,MN,Le Sueur,.50515985
27081,MN,Lincoln,1.226349
27083,MN,Lyon,.38668266
27085,MN,McLeod,.58744544
27087,MN,Mahnomen,.54605025
27089,MN,Marshall,.32013661
27091,MN,Martin,.60331827
27093,MN,Meeker,.6926707
27095,MN,Mille Lacs,.74178183
27097,MN,Morrison,.66828674
27099,MN,Mower,.48310408
27101,MN,Murray,.96385545
27103,MN,Nicollet,.26741147
27105,MN,Nobles,.4087936
27107,MN,Norman,0
27109,MN,Olmsted,.25459746
27111,MN,Otter Tail,.67263412
27113,MN,Pennington,.35085258
27115,MN,Pine,.83111125
27117,MN,Pipestone,.97900575
27119,MN,Polk,.47415838
27121,MN,Pope,.54739529
27123,MN,Ramsey,.29476136
27125,MN,Red Lake,.75075078
27127,MN,Redwood,.39380416
27129,MN,Renville,.48010975
27131,MN,Rice,.32018054
27133,MN,Rock,.53118026
27135,MN,Roseau,.70698631
27137,MN,St. Louis,.52495277
27139,MN,Scott,.20217794
27141,MN,Sherburne,.31103864
27143,MN,Sibley,.54083288
27145,MN,Stearns,.38321272
27147,MN,Steele,.35419449
27149,MN,Stevens,.51297837
27151,MN,Swift,.74121135
27153,MN,Todd,.57367647
27155,MN,Traverse,.30102348
27157,MN,Wabasha,.46626568
27159,MN,Wadena,.66342324
27161,MN,Waseca,.37178671
27163,MN,Washington,.20950603
27165,MN,Watonwan,.54990375
27167,MN,Wilkin,.31520882
27169,MN,Winona,.39314356
27171,MN,Wright,.31725168
27173,MN,Yellow Medicine,.70764256
28001,MS,Adams,.34987277
28003,MS,Alcorn,.61761546
28005,MS,Amite,.56315368
28007,MS,Attala,.43089518
28009,MS,Benton,.84694493
28011,MS,Bolivar,.88864374
28013,MS,Calhoun,.89267319
28015,MS,Carroll,.39173439
28017,MS,Chickasaw,.98642218
28019,MS,Choctaw,.36075035
28021,MS,Claiborne,.32862306
28023,MS,Clarke,.691998
28025,MS,Clay,1.4112903
28027,MS,Coahoma,.83963054
28029,MS,Copiah,.94389093
28031,MS,Covington,.46904317
28033,MS,DeSoto,.42724088
28035,MS,Forrest,.96513611
28037,MS,Franklin,1.1651994
28039,MS,George,.71684587
28041,MS,Greene,.66755676
28043,MS,Grenada,.98967904
28045,MS,Hancock,.64312816
28047,MS,Harrison,.46881399
28049,MS,Hinds,.63270724
28051,MS,Holmes,.83518928
28053,MS,Humphreys,1.1636025
28055,MS,Issaquena,0
28057,MS,Itawamba,.5127548
28059,MS,Jackson,.53691274
28061,MS,Jasper,.72328371
28063,MS,Jefferson,.68287355
28065,MS,Jefferson Davis,.95952547
28067,MS,Jones,.6893416
28069,MS,Kemper,.4018485
28071,MS,Lafayette,.52357
28073,MS,Lamar,.53895152
28075,MS,Lauderdale,.88050967
28077,MS,Lawrence,.70296025
28079,MS,Leake,.83564234
28081,MS,Lee,.82531595
28083,MS,Leflore,1.1101019
28085,MS,Lincoln,.95919079
28087,MS,Lowndes,.89135551
28089,MS,Madison,.52948254
28091,MS,Marion,.79640025
28093,MS,Marshall,.92230296
28095,MS,Monroe,.47343209
28097,MS,Montgomery,.68232769
28099,MS,Neshoba,.5774653
28101,MS,Newton,.70142621
28103,MS,Noxubee,.82462889
28105,MS,Oktibbeha,.66560441
28107,MS,Panola,1.0831382
28109,MS,Pearl River,.56289947
28111,MS,Perry,.49685326
28113,MS,Pike,1.009897
28115,MS,Pontotoc,.63619304
28117,MS,Prentiss,.47255257
28119,MS,Quitman,1.080497
28121,MS,Rankin,.59573454
28123,MS,Scott,1.0571569
28125,MS,Sharkey,1.5438906
28127,MS,Simpson,.88954782
28129,MS,Smith,.43829441
28131,MS,Stone,.83560807
28133,MS,Sunflower,.90946984
28135,MS,Tallahatchie,.90384483
28137,MS,Tate,.4956454
28139,MS,Tippah,.63506466
28141,MS,Tishomingo,.56526208
28143,MS,Tunica,2.1662071
28145,MS,Union,.77669901
28147,MS,Walthall,.48043925
28149,MS,Warren,.76528984
28151,MS,Washington,1.0383335
28153,MS,Wayne,.92909533
28155,MS,Webster,.92052776
28157,MS,Wilkinson,.55506217
28159,MS,Winston,.92592591
28161,MS,Yalobusha,1.040916
28163,MS,Yazoo,.77188855
29001,MO,Adair,.51540262
29003,MO,Andrew,.40371418
29005,MO,Atchison,.94161958
29007,MO,Audrain,.57971013
29009,MO,Barry,.53764963
29011,MO,Barton,.67459315
29013,MO,Bates,.61083621
29015,MO,Benton,.73991859
29017,MO,Bollinger,.81940347
29019,MO,Boone,.36249328
29021,MO,Buchanan,.43646619
29023,MO,Butler,.65437376
29025,MO,Caldwell,.55126792
29027,MO,Callaway,.57679081
29029,MO,Camden,.68875116
29031,MO,Cape Girardeau,.54853934
29033,MO,Carroll,.90354639
29035,MO,Carter,.48332527
29037,MO,Cass,.35999221
29039,MO,Cedar,.50410485
29041,MO,Chariton,.79691857
29043,MO,Christian,.36835039
29045,MO,Clark,.74283165
29047,MO,Clay,.28061417
29049,MO,Clinton,.43838286
29051,MO,Cole,.46890265
29053,MO,Cooper,.56551492
29055,MO,Crawford,.41267744
29057,MO,Dade,.92032605
29059,MO,Dallas,.48840049
29061,MO,Daviess,.48584962
29063,MO,DeKalb,.47980806
29065,MO,Dent,.38897893
29067,MO,Douglas,.44937089
29069,MO,Dunklin,.68726271
29071,MO,Franklin,.48659906
29073,MO,Gasconade,.61016947
29075,MO,Gentry,.60268193
29077,MO,Greene,.39599696
29079,MO,Grundy,.3968254
29081,MO,Harrison,.93131548
29083,MO,Henry,.92519778
29085,MO,Hickory,.7467463
29087,MO,Holt,1.5628488
29089,MO,Howard,.29815146
29091,MO,Howell,.57299453
29093,MO,Iron,.78841037
29095,MO,Jackson,.38088918
29097,MO,Jasper,.52808934
29099,MO,Jefferson,.38493732
29101,MO,Johnson,.42869657
29103,MO,Knox,.50697082
29105,MO,Laclede,.64922237
29107,MO,Lafayette,.58386087
29109,MO,Lawrence,.54939306
29111,MO,Lewis,.79341465
29113,MO,Lincoln,.43489292
29115,MO,Linn,.74135089
29117,MO,Livingston,.39635354
29119,MO,McDonald,.52707869
29121,MO,Macon,.59433401
29123,MO,Madison,.65407568
29125,MO,Maries,.6761325
29127,MO,Marion,.90696621
29129,MO,Mercer,1.0934937
29131,MO,Miller,.72017282
29133,MO,Mississippi,.50957268
29135,MO,Moniteau,.49978134
29137,MO,Monroe,.92624754
29139,MO,Montgomery,.52278471
29141,MO,Morgan,.69655204
29143,MO,New Madrid,.61486864
29145,MO,Newton,.53247219
29147,MO,Nodaway,.35568202
29149,MO,Oregon,.93118542
29151,MO,Osage,.44130626
29153,MO,Ozark,.54424733
29155,MO,Pemiscot,.76014501
29157,MO,Perry,.72912872
29159,MO,Pettis,.52034056
29161,MO,Phelps,.49076471
29163,MO,Pike,.54042369
29165,MO,Platte,.24327694
29167,MO,Polk,.35018465
29169,MO,Pulaski,.43717092
29171,MO,Putnam,.62098944
29173,MO,Ralls,.7821666
29175,MO,Randolph,.40048057
29177,MO,Ray,.52814579
29179,MO,Reynolds,1.4128728
29181,MO,Ripley,.72563672
29183,MO,St. Charles,.27891862
29185,MO,St. Clair,.96847087
29186,MO,Ste. Genevieve,.50335568
29187,MO,St. Francois,.45185485
29189,MO,St. Louis,.31656474
29195,MO,Saline,.83143705
29197,MO,Schuyler,.66800267
29199,MO,Scotland,.40749797
29201,MO,Scott,.54231334
29203,MO,Shannon,.72780204
29205,MO,Shelby,.82630968
29207,MO,Stoddard,.61052132
29209,MO,Stone,.66594785
29211,MO,Sullivan,.94592464
29213,MO,Taney,.67581141
29215,MO,Texas,.38681728
29217,MO,Vernon,.63248032
29219,MO,Warren,.26615408
29221,MO,Washington,.68460053
29223,MO,Wayne,.60573936
29225,MO,Webster,.44660449
29227,MO,Worth,.9861933
29229,MO,Wright,.71135432
29510,MO,St. Louis,.40875763
30001,MT,Beaverhead,.52943671
30003,MT,Big Horn,1.1218308
30005,MT,Blaine,.60087126
30007,MT,Broadwater,.34554249
30009,MT,Carbon,.76204991
30011,MT,Carter,.84961766
30013,MT,Cascade,.35588062
30015,MT,Chouteau,.51777703
30017,MT,Custer,.42297605
30019,MT,Daniels,.57670128
30021,MT,Dawson,.43275994
30023,MT,Deer Lodge,.55132872
30025,MT,Fallon,.64703977
30027,MT,Fergus,.26548672
30029,MT,Flathead,.38897362
30031,MT,Gallatin,.35552311
30033,MT,Garfield,.76452601
30035,MT,Glacier,.3657912
30037,MT,Golden Valley,1.2269939
30039,MT,Granite,.3037667
30041,MT,Hill,.60805058
30043,MT,Jefferson,.33984706
30045,MT,Judith Basin,0
30047,MT,Lake,.53852111
30049,MT,Lewis and Clark,.3443526
30051,MT,Liberty,.41186163
30053,MT,Lincoln,.41601664
30055,MT,McCone,1.1500863
30057,MT,Madison,.62743127
30059,MT,Meagher,.54288816
30061,MT,Mineral,1.2121212
30063,MT,Missoula,.29336646
30065,MT,Musselshell,.43140638
30067,MT,Park,.49695614
30069,MT,Petroleum,0
30071,MT,Phillips,.728863
30073,MT,Pondera,.49767751
30075,MT,Powder River,.57077628
30077,MT,Powell,.29205608
30079,MT,Prairie,.85763294
30081,MT,Ravalli,.33432037
30083,MT,Richland,.52594668
30085,MT,Roosevelt,.53480703
30087,MT,Rosebud,.43173233
30089,MT,Sanders,.69771498
30091,MT,Sheridan,.5561735
30093,MT,Silver Bow,.46421215
30095,MT,Stillwater,.53378886
30097,MT,Sweet Grass,.82690185
30099,MT,Teton,.66533601
30101,MT,Toole,.20157227
30103,MT,Treasure,0
30105,MT,Valley,.26535758
30107,MT,Wheatland,.47370914
30109,MT,Wibaux,1.9102197
30111,MT,Yellowstone,.33619201
31001,NE,Adams,.50541747
31003,NE,Antelope,.94398993
31005,NE,Arthur,0
31007,NE,Banner,0
31009,NE,Blaine,2.1321962
31011,NE,Boone,.74654722
31013,NE,Box Butte,.53609723
31015,NE,Boyd,1.010101
31017,NE,Brown,1.6756033
31019,NE,Buffalo,.58725852
31021,NE,Burt,1.0691921
31023,NE,Butler,.62460959
31025,NE,Cass,.42978823
31027,NE,Cedar,.6980803
31029,NE,Chase,.50581688
31031,NE,Cherry,1.5440041
31033,NE,Cheyenne,.59606594
31035,NE,Clay,.32525614
31037,NE,Colfax,.46908715
31039,NE,Cuming,.55549383
31041,NE,Custer,1.0150411
31043,NE,Dakota,.39213765
31045,NE,Dawes,.44883305
31047,NE,Dawson,.67161989
31049,NE,Deuel,1.0706638
31051,NE,Dixon,.52228415
31053,NE,Dodge,.62898242
31055,NE,Douglas,.29142246
31057,NE,Dundy,.55096418
31059,NE,Fillmore,1.0638298
31061,NE,Franklin,.99601591
31063,NE,Frontier,.3773585
31065,NE,Furnas,.62879902
31067,NE,Gage,.5553242
31069,NE,Garden,1.0465724
31071,NE,Garfield,.99950027
31073,NE,Gosper,.98863077
31075,NE,Grant,1.5060241
31077,NE,Greeley,.83160084
31079,NE,Hall,.45506257
31081,NE,Hamilton,.32715377
31083,NE,Harlan,.57770073
31085,NE,Hayes,1.1223345
31087,NE,Hitchcock,1.0548524
31089,NE,Holt,.97703958
31091,NE,Hooker,1.447178
31093,NE,Howard,.77893752
31095,NE,Jefferson,.41794372
31097,NE,Johnson,.57603687
31099,NE,Kearney,.30446035
31101,NE,Keith,1.6037503
31103,NE,Keya Paha,1.2578616
31105,NE,Kimball,.81433225
31107,NE,Knox,.94106573
31109,NE,Lancaster,.31235108
31111,NE,Lincoln,.70474148
31113,NE,Logan,1.2547052
31115,NE,Loup,1.6233766
31117,NE,McPherson,0
31119,NE,Madison,.48661801
31121,NE,Merrick,.89183336
31123,NE,Morrill,.61324614
31125,NE,Nance,1.1182555
31127,NE,Nemaha,.5729838
31129,NE,Nuckolls,.70290536
31131,NE,Otoe,.62562561
31133,NE,Pawnee,.36886758
31135,NE,Perkins,1.0323468
31137,NE,Phelps,.54442507
31139,NE,Pierce,.55897146
31141,NE,Platte,.63740665
31143,NE,Polk,.38446751
31145,NE,Red Willow,.27821571
31147,NE,Richardson,.50012505
31149,NE,Rock,1.4164306
31151,NE,Saline,.27981812
31153,NE,Sarpy,.28038222
31155,NE,Saunders,.66682541
31157,NE,Scotts Bluff,.3830055
31159,NE,Seward,.468247
31161,NE,Sheridan,.76350451
31163,NE,Sherman,.66115701
31165,NE,Sioux,0
31167,NE,Stanton,.5010857
31169,NE,Thayer,1.1767013
31171,NE,Thomas,1.3850416
31173,NE,Thurston,.70028013
31175,NE,Valley,.71753168
31177,NE,Washington,.48619214
31179,NE,Wayne,.21157305
31181,NE,Webster,1.1166946
31183,NE,Wheeler,2.49066
31185,NE,York,.43601483
32001,NV,Churchill,.41638908
32003,NV,Clark,.31575668
32005,NV,Douglas,.35455817
32007,NV,Elko,.4016602
32009,NV,Esmeralda,0
32011,NV,Eureka,1.0309278
32013,NV,Humboldt,.77046168
32015,NV,Lander,1.2142237
32017,NV,Lincoln,1.1587485
32019,NV,Lyon,.49192113
32021,NV,Mineral,1.1373976
32023,NV,Nye,.66821814
32027,NV,Pershing,.90826523
32029,NV,Storey,.25068939
32031,NV,Washoe,.33817461
32033,NV,White Pine,.82101804
32510,NV,Carson City,.38686144
33001,NH,Belknap,.59400058
33003,NH,Carroll,.94938713
33005,NH,Cheshire,.59447533
33007,NH,Coos,.8457852
33009,NH,Grafton,.70540023
33011,NH,Hillsborough,.40714416
33013,NH,Merrimack,.51305246
33015,NH,Rockingham,.50341862
33017,NH,Strafford,.44000942
33019,NH,Sullivan,.60414535
34001,NJ,Atlantic,.28431121
34003,NJ,Bergen,.26422265
34005,NJ,Burlington,.30333987
34007,NJ,Camden,.29369092
34009,NJ,Cape May,.29812607
34011,NJ,Cumberland,.29886821
34013,NJ,Essex,.19281581
34015,NJ,Gloucester,.31881744
34017,NJ,Hudson,.25495672
34019,NJ,Hunterdon,.21589464
34021,NJ,Mercer,.24086067
34023,NJ,Middlesex,.31667194
34025,NJ,Monmouth,.30154026
34027,NJ,Morris,.22852835
34029,NJ,Ocean,.28670499
34031,NJ,Passaic,.21710855
34033,NJ,Salem,.37999937
34035,NJ,Somerset,.20037504
34037,NJ,Sussex,.32328799
34039,NJ,Union,.24594283
34041,NJ,Warren,.3556554
35001,NM,Bernalillo,.33304322
35003,NM,Catron,1.4156286
35005,NM,Chaves,.45891908
35006,NM,Cibola,.59268039
35007,NM,Colfax,1.0601859
35009,NM,Curry,.43852654
35011,NM,De Baca,1.0863661
35013,NM,Doa Ana,.28053901
35015,NM,Eddy,.60916179
35017,NM,Grant,.46373916
35019,NM,Guadalupe,1.6010979
35021,NM,Harding,0
35023,NM,Hidalgo,.69284064
35025,NM,Lea,.5153901
35027,NM,Lincoln,.72561419
35028,NM,Los Alamos,.2203614
35029,NM,Luna,.6587615
35031,NM,McKinley,.60308671
35033,NM,Mora,.8797009
35035,NM,Otero,.30682376
35037,NM,Quay,.71590501
35039,NM,Rio Arriba,.33198836
35041,NM,Roosevelt,.41924328
35043,NM,Sandoval,.26386353
35045,NM,San Juan,.53219795
35047,NM,San Miguel,.50078696
35049,NM,Santa Fe,.22305888
35051,NM,Sierra,.71851987
35053,NM,Socorro,.35463089
35055,NM,Taos,.42608881
35057,NM,Torrance,.77790743
35059,NM,Union,.48157957
35061,NM,Valencia,.29085526
36001,NY,Albany,.49825287
36003,NY,Allegany,.50944597
36005,NY,Bronx,.11300389
36007,NY,Broome,.52866602
36009,NY,Cattaraugus,.47581694
36011,NY,Cayuga,.37295678
36013,NY,Chautauqua,.41654453
36015,NY,Chemung,.45327756
36017,NY,Chenango,.70359868
36019,NY,Clinton,.65453917
36021,NY,Columbia,.68841171
36023,NY,Cortland,.45896441
36025,NY,Delaware,.68244356
36027,NY,Dutchess,.41756204
36029,NY,Erie,.38023391
36031,NY,Essex,.76287681
36033,NY,Franklin,.56708187
36035,NY,Fulton,.54007745
36037,NY,Genesee,.51579183
36039,NY,Greene,.67345738
36041,NY,Hamilton,2.1901007
36043,NY,Herkimer,.43214521
36045,NY,Jefferson,.53469372
36047,NY,Kings,.1312782
36049,NY,Lewis,.71305263
36051,NY,Livingston,.59188187
36053,NY,Madison,.32217848
36055,NY,Monroe,.39072642
36057,NY,Montgomery,.62923717
36059,NY,Nassau,.36753482
36061,NY,New York,.14017871
36063,NY,Niagara,.39188284
36065,NY,Oneida,.42806554
36067,NY,Onondaga,.44788754
36069,NY,Ontario,.40151113
36071,NY,Orange,.42114684
36073,NY,Orleans,.33904871
36075,NY,Oswego,.45413643
36077,NY,Otsego,.77888072
36079,NY,Putnam,.48432502
36081,NY,Queens,.18760261
36083,NY,Rensselaer,.43822306
36085,NY,Richmond,.23670721
36087,NY,Rockland,.27839389
36089,NY,St. Lawrence,.5091418
36091,NY,Saratoga,.42626122
36093,NY,Schenectady,.49041116
36095,NY,Schoharie,.60407591
36097,NY,Schuyler,.44449383
36099,NY,Seneca,.43126994
36101,NY,Steuben,.57833314
36103,NY,Suffolk,.38947117
36105,NY,Sullivan,.68992966
36107,NY,Tioga,.28701463
36109,NY,Tompkins,.31560525
36111,NY,Ulster,.59037793
36113,NY,Warren,.71296829
36115,NY,Washington,.40449148
36117,NY,Wayne,.43992785
36119,NY,Westchester,.26466271
36121,NY,Wyoming,.46984348
36123,NY,Yates,.2797538
37001,NC,Alamance,.50839478
37003,NC,Alexander,.32197478
37005,NC,Alleghany,.63956141
37007,NC,Anson,.67677855
37009,NC,Ashe,.63541901
37011,NC,Avery,.6857143
37013,NC,Beaufort,.63343257
37015,NC,Bertie,.51416528
37017,NC,Bladen,.65096462
37019,NC,Brunswick,.35614508
37021,NC,Buncombe,.4425576
37023,NC,Burke,.5517894
37025,NC,Cabarrus,.36215168
37027,NC,Caldwell,.52575594
37029,NC,Camden,.57564998
37031,NC,Carteret,.62450075
37033,NC,Caswell,.74751562
37035,NC,Catawba,.55538887
37037,NC,Chatham,.4869386
37039,NC,Cherokee,.5379622
37041,NC,Chowan,.7724719
37043,NC,Clay,.27728996
37045,NC,Cleveland,.67969763
37047,NC,Columbus,.63903433
37049,NC,Craven,.60277861
37051,NC,Cumberland,.51568335
37053,NC,Currituck,.74033666
37055,NC,Dare,.89485461
37057,NC,Davidson,.52278364
37059,NC,Davie,.57179618
37061,NC,Duplin,.688393
37063,NC,Durham,.39076492
37065,NC,Edgecombe,.61921829
37067,NC,Forsyth,.45477295
37069,NC,Franklin,.55676705
37071,NC,Gaston,.48869771
37073,NC,Gates,.51755369
37075,NC,Graham,.7019186
37077,NC,Granville,.66299468
37079,NC,Greene,.42565265
37081,NC,Guilford,.4961724
37083,NC,Halifax,.92537254
37085,NC,Harnett,.40489233
37087,NC,Haywood,.57958537
37089,NC,Henderson,.36041421
37091,NC,Hertford,.70551127
37093,NC,Hoke,.43307975
37095,NC,Hyde,1.0956903
37097,NC,Iredell,.4926708
37099,NC,Jackson,.42585409
37101,NC,Johnston,.46573937
37103,NC,Jones,.62337661
37105,NC,Lee,.61928833
37107,NC,Lenoir,.71388775
37109,NC,Lincoln,.49337032
37111,NC,McDowell,.37787014
37113,NC,Macon,.46634993
37115,NC,Madison,.41989362
37117,NC,Martin,.60655951
37119,NC,Mecklenburg,.32821402
37121,NC,Mitchell,.33182904
37123,NC,Montgomery,.54668707
37125,NC,Moore,.50318682
37127,NC,Nash,.77652967
37129,NC,New Hanover,.39420518
37131,NC,Northampton,.74382627
37133,NC,Onslow,.37461174
37135,NC,Orange,.3082895
37137,NC,Pamlico,.31252441
37139,NC,Pasquotank,.60583115
37141,NC,Pender,.22072431
37143,NC,Perquimans,.44686079
37145,NC,Person,.99279588
37147,NC,Pitt,.47290108
37149,NC,Polk,.39175358
37151,NC,Randolph,.4608649
37153,NC,Richmond,.97660583
37155,NC,Robeson,.77894455
37157,NC,Rockingham,.67864138
37159,NC,Rowan,.56619054
37161,NC,Rutherford,.45245457
37163,NC,Sampson,.55237281
37165,NC,Scotland,.96453899
37167,NC,Stanly,.55847567
37169,NC,Stokes,.56655991
37171,NC,Surry,.72173107
37173,NC,Swain,1.0573059
37175,NC,Transylvania,.47802576
37177,NC,Tyrrell,1.4855162
37179,NC,Union,.32223889
37181,NC,Vance,1.1479764
37183,NC,Wake,.33551192
37185,NC,Warren,.50279051
37187,NC,Washington,.57698649
37189,NC,Watauga,.42514649
37191,NC,Wayne,.57039106
37193,NC,Wilkes,.59737158
37195,NC,Wilson,.73680204
37197,NC,Yadkin,.45061761
37199,NC,Yancey,.51072526
38001,ND,Adams,.85178876
38003,ND,Barnes,.27449903
38005,ND,Benson,.29192817
38007,ND,Billings,1.049318
38009,ND,Bottineau,.75999391
38011,ND,Bowman,.30959752
38013,ND,Burke,.89806914
38015,ND,Burleigh,.34946892
38017,ND,Cass,.32641375
38019,ND,Cavalier,.52493441
38021,ND,Dickey,.8008008
38023,ND,Divide,.83717036
38025,ND,Dunn,.68602788
38027,ND,Eddy,.43706295
38029,ND,Emmons,.59970015
38031,ND,Foster,.60422963
38033,ND,Golden Valley,0
38035,ND,Grand Forks,.43911836
38037,ND,Grant,.83472455
38039,ND,Griggs,.88417327
38041,ND,Hettinger,.38476336
38043,ND,Kidder,.81201786
38045,ND,LaMoure,.24307244
38047,ND,Logan,1.0351967
38049,ND,McHenry,.33400133
38051,ND,McIntosh,.38402459
38053,ND,McKenzie,.39632213
38055,ND,McLean,1.0346612
38057,ND,Mercer,.81046659
38059,ND,Morton,.58794707
38061,ND,Mountrail,.39043435
38063,ND,Nelson,1.3788348
38065,ND,Oliver,.52687037
38067,ND,Pembina,.70791447
38069,ND,Pierce,.4747211
38071,ND,Ramsey,.69480634
38073,ND,Ransom,.74446303
38075,ND,Renville,.79270709
38077,ND,Richland,.61207002
38079,ND,Rolette,.61362243
38081,ND,Sargent,.51413882
38083,ND,Sheridan,.74239051
38085,ND,Sioux,.89786756
38087,ND,Slope,1.2755102
38089,ND,Stark,.61576355
38091,ND,Steele,1.0454783
38093,ND,Stutsman,.47598648
38095,ND,Towner,.89007568
38097,ND,Traill,.99688476
38099,ND,Walsh,.3682563
38101,ND,Ward,.41338217
38103,ND,Wells,.98570722
38105,ND,Williams,.52639276
39001,OH,Adams,.71859729
39003,OH,Allen,.46320421
39005,OH,Ashland,.39313328
39007,OH,Ashtabula,.48895273
39009,OH,Athens,.4221954
39011,OH,Auglaize,.43670982
39013,OH,Belmont,.53961033
39015,OH,Brown,.57281643
39017,OH,Butler,.36779004
39019,OH,Carroll,.28946701
39021,OH,Champaign,.30978134
39023,OH,Clark,.43083918
39025,OH,Clermont,.39898333
39027,OH,Clinton,.4775435
39029,OH,Columbiana,.45303825
39031,OH,Coshocton,.32747516
39033,OH,Crawford,.47577134
39035,OH,Cuyahoga,.45873243
39037,OH,Darke,.44542566
39039,OH,Defiance,.39348391
39041,OH,Delaware,.20327578
39043,OH,Erie,.53373188
39045,OH,Fairfield,.26853374
39047,OH,Fayette,.6628986
39049,OH,Franklin,.37086672
39051,OH,Fulton,.47253397
39053,OH,Gallia,.56674224
39055,OH,Geauga,.38359901
39057,OH,Greene,.32100007
39059,OH,Guernsey,.6377551
39061,OH,Hamilton,.39748818
39063,OH,Hancock,.3571901
39065,OH,Hardin,.57312065
39067,OH,Harrison,.4588058
39069,OH,Henry,.47673181
39071,OH,Highland,.60474962
39073,OH,Hocking,.38751498
39075,OH,Holmes,.2737726
39077,OH,Huron,.51377779
39079,OH,Jackson,.5840044
39081,OH,Jefferson,.403503
39083,OH,Knox,.24658075
39085,OH,Lake,.47542199
39087,OH,Lawrence,.41166493
39089,OH,Licking,.36665851
39091,OH,Logan,.35420957
39093,OH,Lorain,.35878536
39095,OH,Lucas,.39069545
39097,OH,Madison,.34598884
39099,OH,Mahoning,.39101705
39101,OH,Marion,.35203722
39103,OH,Medina,.31090486
39105,OH,Meigs,.69033957
39107,OH,Mercer,.39302382
39109,OH,Miami,.38320783
39111,OH,Monroe,.63843369
39113,OH,Montgomery,.37636787
39115,OH,Morgan,.33870751
39117,OH,Morrow,.31469932
39119,OH,Muskingum,.50041312
39121,OH,Noble,.27695078
39123,OH,Ottawa,.51858252
39125,OH,Paulding,.53081375
39127,OH,Perry,.41644686
39129,OH,Pickaway,.39979142
39131,OH,Pike,.74370509
39133,OH,Portage,.339167
39135,OH,Preble,.38924706
39137,OH,Putnam,.41157103
39139,OH,Richland,.43741283
39141,OH,Ross,.44207516
39143,OH,Sandusky,.38798267
39145,OH,Scioto,.59024137
39147,OH,Seneca,.59613055
39149,OH,Shelby,.49255016
39151,OH,Stark,.36677304
39153,OH,Summit,.36639932
39155,OH,Trumbull,.46107852
39157,OH,Tuscarawas,.42169002
39159,OH,Union,.28851703
39161,OH,Van Wert,.60356456
39163,OH,Vinton,.53759313
39165,OH,Warren,.31791449
39167,OH,Washington,.54513919
39169,OH,Wayne,.27486214
39171,OH,Williams,.70420629
39173,OH,Wood,.30068463
39175,OH,Wyandot,.4083114
40001,OK,Adair,.45226359
40003,OK,Alfalfa,.84545147
40005,OK,Atoka,.64631957
40007,OK,Beaver,1.2962962
40009,OK,Beckham,.62410843
40011,OK,Blaine,1.0448229
40013,OK,Bryan,.61549282
40015,OK,Caddo,.74470246
40017,OK,Canadian,.30813703
40019,OK,Carter,.84782565
40021,OK,Cherokee,.49229759
40023,OK,Choctaw,.67046595
40025,OK,Cimarron,.4608295
40027,OK,Cleveland,.29891598
40029,OK,Coal,.88621056
40031,OK,Comanche,.42834315
40033,OK,Cotton,.84559447
40035,OK,Craig,.69156295
40037,OK,Creek,.40823221
40039,OK,Custer,.75744534
40041,OK,Delaware,.62082142
40043,OK,Dewey,2.2513304
40045,OK,Ellis,.97967184
40047,OK,Garfield,.59310079
40049,OK,Garvin,.85892206
40051,OK,Grady,.58472049
40053,OK,Grant,1.1228385
40055,OK,Greer,.67057836
40057,OK,Harmon,1.1139992
40059,OK,Harper,1.5814444
40061,OK,Haskell,.94891667
40063,OK,Hughes,.74504542
40065,OK,Jackson,.51187146
40067,OK,Jefferson,.95999998
40069,OK,Johnston,.90163195
40071,OK,Kay,.53353488
40073,OK,Kingfisher,.77091098
40075,OK,Kiowa,.44306603
40077,OK,Latimer,.37871614
40079,OK,Le Flore,.78247261
40081,OK,Lincoln,.4005264
40083,OK,Logan,.47824007
40085,OK,Love,.70154339
40087,OK,McClain,.69949996
40089,OK,McCurtain,.78981745
40091,OK,McIntosh,.65792805
40093,OK,Major,.90427595
40095,OK,Marshall,.61542249
40097,OK,Mayes,.56135899
40099,OK,Murray,.72139663
40101,OK,Muskogee,.50690842
40103,OK,Noble,.79197466
40105,OK,Nowata,.48072299
40107,OK,Okfuskee,.24779053
40109,OK,Oklahoma,.33281985
40111,OK,Okmulgee,.61374795
40113,OK,Osage,.44381511
40115,OK,Ottawa,.47584304
40117,OK,Pawnee,.4241139
40119,OK,Payne,.50462157
40121,OK,Pittsburg,.85595226
40123,OK,Pontotoc,.52025074
40125,OK,Pottawatomie,.45844793
40127,OK,Pushmataha,.81344903
40129,OK,Roger Mills,1.3550136
40131,OK,Rogers,.31885302
40133,OK,Seminole,.71530759
40135,OK,Sequoyah,.70109272
40137,OK,Stephens,.81831199
40139,OK,Texas,.56788605
40141,OK,Tillman,1.062417
40143,OK,Tulsa,.32711047
40145,OK,Wagoner,.4128606
40147,OK,Washington,.42377779
40149,OK,Washita,1.0458428
40151,OK,Woods,.5474053
40153,OK,Woodward,.81246418
41001,OR,Baker,.50163031
41003,OR,Benton,.26876903
41005,OR,Clackamas,.26556507
41007,OR,Clatsop,.5694024
41009,OR,Columbia,.41268718
41011,OR,Coos,.4418146
41013,OR,Crook,.44754744
41015,OR,Curry,.48698425
41017,OR,Deschutes,.2435312
41019,OR,Douglas,.59204441
41021,OR,Gilliam,.53792363
41023,OR,Grant,.41759464
41025,OR,Harney,.96405452
41027,OR,Hood River,.563649
41029,OR,Jackson,.35862994
41031,OR,Jefferson,.43254465
41033,OR,Josephine,.43357003
41035,OR,Klamath,.43751791
41037,OR,Lake,.63938618
41039,OR,Lane,.4371638
41041,OR,Lincoln,.37580642
41043,OR,Linn,.46454766
41045,OR,Malheur,.23031619
41047,OR,Marion,.41100052
41049,OR,Morrow,.26740351
41051,OR,Multnomah,.38800359
41053,OR,Polk,.31924561
41055,OR,Sherman,2.912056
41057,OR,Tillamook,.72494179
41059,OR,Umatilla,.44358048
41061,OR,Union,.46077642
41063,OR,Wallowa,.43377674
41065,OR,Wasco,.42518651
41067,OR,Washington,.24024478
41069,OR,Wheeler,.75414783
41071,OR,Yamhill,.29774195
42001,PA,Adams,.29503167
42003,PA,Allegheny,.351105
42005,PA,Armstrong,.45363817
42007,PA,Beaver,.38295147
42009,PA,Bedford,.51385349
42011,PA,Berks,.29826906
42013,PA,Blair,.37925553
42015,PA,Bradford,.57390219
42017,PA,Bucks,.26485798
42019,PA,Butler,.37055534
42021,PA,Cambria,.3648195
42023,PA,Cameron,.64061499
42025,PA,Carbon,.29914194
42027,PA,Centre,.2899749
42029,PA,Chester,.25363562
42031,PA,Clarion,.51869911
42033,PA,Clearfield,.39982507
42035,PA,Clinton,.33346158
42037,PA,Columbia,.42326763
42039,PA,Crawford,.30056065
42041,PA,Cumberland,.29043853
42043,PA,Dauphin,.39033857
42045,PA,Delaware,.27482513
42047,PA,Elk,.49304801
42049,PA,Erie,.35104099
42051,PA,Fayette,.4607529
42053,PA,Forest,.4106214
42055,PA,Franklin,.33210909
42057,PA,Fulton,.47889444
42059,PA,Greene,.51133001
42061,PA,Huntingdon,.46150804
42063,PA,Indiana,.4105283
42065,PA,Jefferson,.29575703
42067,PA,Juniata,.40858018
42069,PA,Lackawanna,.48370576
42071,PA,Lancaster,.27822241
42073,PA,Lawrence,.44504797
42075,PA,Lebanon,.34642783
42077,PA,Lehigh,.34424546
42079,PA,Luzerne,.52398825
42081,PA,Lycoming,.42717159
42083,PA,McKean,.60214847
42085,PA,Mercer,.40826106
42087,PA,Mifflin,.34545296
42089,PA,Monroe,.3302986
42091,PA,Montgomery,.26685968
42093,PA,Montour,.32912782
42095,PA,Northampton,.33470309
42097,PA,Northumberland,.42171738
42099,PA,Perry,.36967772
42101,PA,Philadelphia,.30099729
42103,PA,Pike,.48921019
42105,PA,Potter,.64992613
42107,PA,Schuylkill,.41859978
42109,PA,Snyder,.34425947
42111,PA,Somerset,.38630611
42113,PA,Sullivan,.98538345
42115,PA,Susquehanna,.50923908
42117,PA,Tioga,.41235113
42119,PA,Union,.30809858
42121,PA,Venango,.49553069
42123,PA,Warren,.40002
42125,PA,Washington,.37136891
42127,PA,Wayne,.40991607
42129,PA,Westmoreland,.35514167
42131,PA,Wyoming,.87279075
42133,PA,York,.29742524
44001,RI,Bristol,.26596832
44003,RI,Kent,.3543283
44005,RI,Newport,.34732619
44007,RI,Providence,.3571867
44009,RI,Washington,.30957049
45001,SC,Abbeville,.48549581
45003,SC,Aiken,.6170547
45005,SC,Allendale,1.214262
45007,SC,Anderson,.70419663
45009,SC,Bamberg,.82587749
45011,SC,Barnwell,.83368069
45013,SC,Beaufort,.40872604
45015,SC,Berkeley,.33512223
45017,SC,Calhoun,.74571216
45019,SC,Charleston,.45641375
45021,SC,Cherokee,.74041426
45023,SC,Chester,1.0532838
45025,SC,Chesterfield,.62811351
45027,SC,Clarendon,.99301964
45029,SC,Colleton,.90427935
45031,SC,Darlington,.80154371
45033,SC,Dillon,.84369016
45035,SC,Dorchester,.35185802
45037,SC,Edgefield,.45146728
45039,SC,Fairfield,.92797172
45041,SC,Florence,.76563042
45043,SC,Georgetown,.74950308
45045,SC,Greenville,.42482075
45047,SC,Greenwood,.7125349
45049,SC,Hampton,.90570593
45051,SC,Horry,.57864606
45053,SC,Jasper,1.1399665
45055,SC,Kershaw,.65350324
45057,SC,Lancaster,.52306491
45059,SC,Laurens,.87125027
45061,SC,Lee,.68154711
45063,SC,Lexington,.62850481
45065,SC,McCormick,.73152888
45067,SC,Marion,.69284791
45069,SC,Marlboro,1.1466193
45071,SC,Newberry,.86741668
45073,SC,Oconee,.53660005
45075,SC,Orangeburg,.9509362
45077,SC,Pickens,.47177869
45079,SC,Richland,.47909579
45081,SC,Saluda,.54200542
45083,SC,Spartanburg,.58458942
45085,SC,Sumter,.68973875
45087,SC,Union,.83077478
45089,SC,Williamsburg,.91060382
45091,SC,York,.4457399
46003,SD,Aurora,1.0909091
46005,SD,Beadle,.66345996
46007,SD,Bennett,.58021468
46009,SD,Bon Homme,.57405281
46011,SD,Brookings,.49916318
46013,SD,Brown,.46251091
46015,SD,Brule,1.3427968
46017,SD,Buffalo,.98425198
46019,SD,Butte,.59247553
46021,SD,Campbell,.72046107
46023,SD,Charles Mix,.85269666
46025,SD,Clark,1.0989012
46027,SD,Clay,.57397044
46029,SD,Codington,.92747831
46031,SD,Corson,.24242423
46033,SD,Custer,.69637883
46035,SD,Davison,.85724372
46037,SD,Day,1.0881393
46039,SD,Deuel,.70788109
46041,SD,Dewey,.51957047
46043,SD,Douglas,1.0309278
46045,SD,Edmunds,.76180804
46047,SD,Fall River,1.1818584
46049,SD,Faulk,0
46051,SD,Grant,.70472163
46053,SD,Gregory,.95900261
46055,SD,Haakon,2.1242697
46057,SD,Hamlin,.85062945
46059,SD,Hand,.30469227
46061,SD,Hanson,.29498526
46063,SD,Harding,2.3715415
46065,SD,Hughes,.68271035
46067,SD,Hutchinson,.81766146
46069,SD,Hyde,1.493652
46071,SD,Jackson,1.5165302
46073,SD,Jerauld,.49875313
46075,SD,Jones,1.0695187
46077,SD,Kingsbury,.80369699
46079,SD,Lake,.55533516
46081,SD,Lawrence,.63534927
46083,SD,Lincoln,.31151506
46085,SD,Lyman,1.2755102
46087,SD,McCook,.72979385
46089,SD,McPherson,1.6515276
46091,SD,Marshall,.62630481
46093,SD,Meade,.4751462
46095,SD,Mellette,1.9221528
46097,SD,Miner,.44622937
46099,SD,Minnehaha,.45148912
46101,SD,Moody,.76266015
46103,SD,Pennington,.54176652
46105,SD,Perkins,2.0229266
46107,SD,Potter,1.3215859
46109,SD,Roberts,.58696926
46111,SD,Sanborn,.84104288
46113,SD,Shannon,0
46115,SD,Spink,.46845722
46117,SD,Stanley,.99206346
46119,SD,Sully,.70472163
46121,SD,Todd,.49509853
46123,SD,Tripp,.91074681
46125,SD,Turner,1.0885341
46127,SD,Union,.73372465
46129,SD,Walworth,.54535538
46135,SD,Yankton,.83974189
46137,SD,Ziebach,.69589424
47001,TN,Anderson,.66150689
47003,TN,Bedford,.56937999
47005,TN,Benton,.74724454
47007,TN,Bledsoe,.61648059
47009,TN,Blount,.55363214
47011,TN,Bradley,.76623213
47013,TN,Campbell,.80663455
47015,TN,Cannon,.64715612
47017,TN,Carroll,.82366425
47019,TN,Carter,.44280705
47021,TN,Cheatham,.45308095
47023,TN,Chester,.35083616
47025,TN,Claiborne,.41190076
47027,TN,Clay,.78043705
47029,TN,Cocke,.91012514
47031,TN,Coffee,.881899
47033,TN,Crockett,.76035112
47035,TN,Cumberland,.82006425
47037,TN,Davidson,.41079924
47039,TN,Decatur,.76850826
47041,TN,DeKalb,.41148031
47043,TN,Dickson,.63556874
47045,TN,Dyer,.82435846
47047,TN,Fayette,.63171196
47049,TN,Fentress,.50125313
47051,TN,Franklin,.93824428
47053,TN,Gibson,.61096066
47055,TN,Giles,.96087849
47057,TN,Grainger,.73554862
47059,TN,Greene,.65636897
47061,TN,Grundy,.90368253
47063,TN,Hamblen,.62777597
47065,TN,Hamilton,.56694251
47067,TN,Hancock,.45475215
47069,TN,Hardeman,.74579996
47071,TN,Hardin,.77642763
47073,TN,Hawkins,.53223574
47075,TN,Haywood,.84255463
47077,TN,Henderson,.6836254
47079,TN,Henry,.65126377
47081,TN,Hickman,.64911354
47083,TN,Houston,.61591524
47085,TN,Humphreys,.76165605
47087,TN,Jackson,.51715219
47089,TN,Jefferson,.54555374
47091,TN,Johnson,.45001969
47093,TN,Knox,.49329773
47095,TN,Lake,.26560426
47097,TN,Lauderdale,.78895462
47099,TN,Lawrence,.74454969
47101,TN,Lewis,1.0073875
47103,TN,Lincoln,.7456454
47105,TN,Loudon,.64358848
47107,TN,McMinn,.79758447
47109,TN,McNairy,.77489346
47111,TN,Macon,.51161802
47113,TN,Madison,.6870808
47115,TN,Marion,.95335615
47117,TN,Marshall,.68808055
47119,TN,Maury,.6027593
47121,TN,Meigs,.83696014
47123,TN,Monroe,.63088739
47125,TN,Montgomery,.35935214
47127,TN,Moore,.47672015
47129,TN,Morgan,.55238444
47131,TN,Obion,.5896613
47133,TN,Overton,.7280007
47135,TN,Perry,1.1403953
47137,TN,Pickett,.98328418
47139,TN,Polk,.77519381
47141,TN,Putnam,.66996837
47143,TN,Rhea,.80266732
47145,TN,Roane,.8504526
47147,TN,Robertson,.47703716
47149,TN,Rutherford,.34776053
47151,TN,Scott,.639503
47153,TN,Sequatchie,.47489825
47155,TN,Sevier,.86948419
47157,TN,Shelby,.51647049
47159,TN,Smith,.77057433
47161,TN,Stewart,.60725671
47163,TN,Sullivan,.48613554
47165,TN,Sumner,.39082566
47167,TN,Tipton,.35961816
47169,TN,Trousdale,.60301507
47171,TN,Unicoi,.39626381
47173,TN,Union,.57196337
47175,TN,Van Buren,.17494752
47177,TN,Warren,.69306928
47179,TN,Washington,.45590317
47181,TN,Wayne,.84008402
47183,TN,Weakley,.44685414
47185,TN,White,.83172661
47187,TN,Williamson,.27868134
47189,TN,Wilson,.4455083
48001,TX,Anderson,.53858715
48003,TX,Andrews,.39244267
48005,TX,Angelina,.35295457
48007,TX,Aransas,.51434225
48009,TX,Archer,.79781169
48011,TX,Armstrong,.53879309
48013,TX,Atascosa,.71918792
48015,TX,Austin,.60734892
48017,TX,Bailey,.55710304
48019,TX,Bandera,.55274069
48021,TX,Bastrop,.55586439
48023,TX,Baylor,1.0995052
48025,TX,Bee,.4872849
48027,TX,Bell,.48065227
48029,TX,Bexar,.39631757
48031,TX,Blanco,.61722952
48033,TX,Borden,1.5151515
48035,TX,Bosque,.61077178
48037,TX,Bowie,.46867844
48039,TX,Brazoria,.41545609
48041,TX,Brazos,.51010883
48043,TX,Brewster,.21755683
48045,TX,Briscoe,1.3458951
48047,TX,Brooks,.2753683
48049,TX,Brown,.68304217
48051,TX,Burleson,1.0667565
48053,TX,Burnet,.78407454
48055,TX,Caldwell,.4865233
48057,TX,Calhoun,.68362045
48059,TX,Callahan,.72584742
48061,TX,Cameron,.34853449
48063,TX,Camp,.86105675
48065,TX,Carson,.81873262
48067,TX,Cass,.59840423
48069,TX,Castro,.63914102
48071,TX,Chambers,.89367723
48073,TX,Cherokee,.5202713
48075,TX,Childress,.56377733
48077,TX,Clay,.58582306
48079,TX,Cochran,1.0305737
48081,TX,Coke,.30646643
48083,TX,Coleman,.71250445
48085,TX,Collin,.29603598
48087,TX,Collingsworth,.66050196
48089,TX,Colorado,1.0938318
48091,TX,Comal,.35782975
48093,TX,Comanche,.66563123
48095,TX,Concho,1.4041657
48097,TX,Cooke,.84089285
48099,TX,Coryell,.36027381
48101,TX,Cottle,1.4245014
48103,TX,Crane,.83211982
48105,TX,Crockett,1.0949904
48107,TX,Crosby,.67601824
48109,TX,Culberson,2.2532673
48111,TX,Dallam,.68908489
48113,TX,Dallas,.4293783
48115,TX,Dawson,.53672749
48117,TX,Deaf Smith,.53050399
48119,TX,Delta,.58297706
48121,TX,Denton,.29815701
48123,TX,DeWitt,.43651178
48125,TX,Dickens,.90867788
48127,TX,Dimmit,.74183977
48129,TX,Donley,1.1792452
48131,TX,Duval,.52406323
48133,TX,Eastland,1.0380812
48135,TX,Ector,.34902906
48137,TX,Edwards,1.0427529
48139,TX,Ellis,.46917409
48141,TX,El Paso,.28788254
48143,TX,Erath,.62736773
48145,TX,Falls,.63470083
48147,TX,Fannin,.6793679
48149,TX,Fayette,.91743118
48151,TX,Fisher,.51533109
48153,TX,Floyd,.51055139
48155,TX,Foard,.82576382
48157,TX,Fort Bend,.50137609
48159,TX,Franklin,.37526971
48161,TX,Freestone,.76347536
48163,TX,Frio,.7222079
48165,TX,Gaines,.39060593
48167,TX,Galveston,.53142065
48169,TX,Garza,.46554935
48171,TX,Gillespie,.53221822
48173,TX,Glasscock,.74074072
48175,TX,Goliad,.5318442
48177,TX,Gonzales,.62311268
48179,TX,Gray,.52775091
48181,TX,Grayson,.55379623
48183,TX,Gregg,.76055473
48185,TX,Grimes,.68905491
48187,TX,Guadalupe,.3816399
48189,TX,Hale,.52617735
48191,TX,Hall,.64267349
48193,TX,Hamilton,.97193539
48195,TX,Hansford,.54229933
48197,TX,Hardeman,1.0022551
48199,TX,Hardin,.56877768
48201,TX,Harris,.47627908
48203,TX,Harrison,.47954443
48205,TX,Hartley,.52576238
48207,TX,Haskell,.52038163
48209,TX,Hays,.32787687
48211,TX,Hemphill,.96946198
48213,TX,Henderson,.51228225
48215,TX,Hidalgo,.31875339
48217,TX,Hill,.90984046
48219,TX,Hockley,.43284422
48221,TX,Hood,.49332252
48223,TX,Hopkins,.82866061
48225,TX,Houston,.56798321
48227,TX,Howard,.57348847
48229,TX,Hudspeth,1.2275964
48231,TX,Hunt,.55471563
48233,TX,Hutchinson,.55632824
48235,TX,Irion,1.2738854
48237,TX,Jack,.79853982
48239,TX,Jackson,.94269747
48241,TX,Jasper,.36722127
48243,TX,Jeff Davis,.4454343
48245,TX,Jefferson,.72669309
48247,TX,Jim Hogg,0
48249,TX,Jim Wells,.65669465
48251,TX,Johnson,.48491544
48253,TX,Jones,.40012005
48255,TX,Karnes,.52410901
48257,TX,Kaufman,.45744878
48259,TX,Kendall,.50042892
48261,TX,Kenedy,0
48263,TX,Kent,1.3297873
48265,TX,Kerr,.5068621
48267,TX,Kimble,1.8066847
48269,TX,King,0
48271,TX,Kinney,.54945058
48273,TX,Kleberg,.66992056
48275,TX,Knox,.53475934
48277,TX,Lamar,.68596792
48279,TX,Lamb,.52938062
48281,TX,Lampasas,.48409739
48283,TX,La Salle,.65625411
48285,TX,Lavaca,.65293825
48287,TX,Lee,1.0589482
48289,TX,Leon,.98860198
48291,TX,Liberty,.58984727
48293,TX,Limestone,.8075828
48295,TX,Lipscomb,.56996298
48297,TX,Live Oak,.6654467
48299,TX,Llano,.58337384
48301,TX,Loving,0
48303,TX,Lubbock,.31094837
48305,TX,Lynn,.34512511
48307,TX,McCulloch,.73882526
48309,TX,McLennan,.52125847
48311,TX,McMullen,3.6809816
48313,TX,Madison,.63856959
48315,TX,Marion,.79310006
48317,TX,Martin,.17580871
48319,TX,Mason,1.4419611
48321,TX,Matagorda,.646604
48323,TX,Maverick,.20693579
48325,TX,Medina,.48784453
48327,TX,Menard,.95147479
48329,TX,Midland,.29974368
48331,TX,Milam,.36385688
48333,TX,Mills,.81732732
48335,TX,Mitchell,.70763063
48337,TX,Montague,.41160733
48339,TX,Montgomery,.38050789
48341,TX,Moore,.68383861
48343,TX,Morris,.64051241
48345,TX,Motley,.85324234
48347,TX,Nacogdoches,.53303277
48349,TX,Navarro,.68217057
48351,TX,Newton,1.1278726
48353,TX,Nolan,.80171031
48355,TX,Nueces,.50065142
48357,TX,Ochiltree,.29140359
48359,TX,Oldham,.96432018
48361,TX,Orange,.67449236
48363,TX,Palo Pinto,.56874734
48365,TX,Panola,.55460751
48367,TX,Parker,.32593259
48369,TX,Parmer,.5092687
48371,TX,Pecos,.69282609
48373,TX,Polk,.56562269
48375,TX,Potter,.50604767
48377,TX,Presidio,.6977393
48379,TX,Rains,.35376316
48381,TX,Randall,.34728253
48383,TX,Reagan,0
48385,TX,Real,.88313216
48387,TX,Red River,.81853157
48389,TX,Reeves,.39816841
48391,TX,Refugio,.9598245
48393,TX,Roberts,0
48395,TX,Robertson,1.0677423
48397,TX,Rockwall,.32113382
48399,TX,Runnels,.97513407
48401,TX,Rusk,.41622522
48403,TX,Sabine,.77034181
48405,TX,San Augustine,.60364604
48407,TX,San Jacinto,.39629644
48409,TX,San Patricio,.59468943
48411,TX,San Saba,1.1920981
48413,TX,Schleicher,.65274149
48415,TX,Scurry,.80321282
48417,TX,Shackelford,1.1890607
48419,TX,Shelby,.50432557
48421,TX,Sherman,.65040648
48423,TX,Smith,.55480349
48425,TX,Somervell,.92165899
48427,TX,Starr,.39104658
48429,TX,Stephens,.85034013
48431,TX,Sterling,0
48433,TX,Stonewall,.71326679
48435,TX,Sutton,1.8111255
48437,TX,Swisher,.53763443
48439,TX,Tarrant,.46049306
48441,TX,Taylor,.58104473
48443,TX,Terrell,2.4449878
48445,TX,Terry,.46779978
48447,TX,Throckmorton,.64599484
48449,TX,Titus,.70519698
48451,TX,Tom Green,.50088292
48453,TX,Travis,.43749616
48455,TX,Trinity,.48232618
48457,TX,Tyler,.51320332
48459,TX,Upshur,.39154267
48461,TX,Upton,1.0819583
48463,TX,Uvalde,.84852064
48465,TX,Val Verde,.2859886
48467,TX,Van Zandt,.51492357
48469,TX,Victoria,.63867331
48471,TX,Walker,.57181907
48473,TX,Waller,.47944385
48475,TX,Ward,.51773232
48477,TX,Washington,.71795756
48479,TX,Webb,.31203997
48481,TX,Wharton,.76860261
48483,TX,Wheeler,1.2617159
48485,TX,Wichita,.44170284
48487,TX,Wilbarger,.77555454
48489,TX,Willacy,.41360295
48491,TX,Williamson,.34105831
48493,TX,Wilson,.41502386
48495,TX,Winkler,.50813007
48497,TX,Wise,.49639338
48499,TX,Wood,.52483857
48501,TX,Yoakum,.46376812
48503,TX,Young,.60844076
48505,TX,Zapata,.55367154
48507,TX,Zavala,.66164917
49001,UT,Beaver,1.394484
49003,UT,Box Elder,.35866651
49005,UT,Cache,.22886662
49007,UT,Carbon,.49089393
49009,UT,Daggett,.92506939
49011,UT,Davis,.19922128
49013,UT,Duchesne,.68914592
49015,UT,Emery,.97828215
49017,UT,Garfield,1.8
49019,UT,Grand,.82850039
49021,UT,Iron,.38155675
49023,UT,Juab,.63619012
49025,UT,Kane,.95550096
49027,UT,Millard,.86737108
49029,UT,Morgan,.26378265
49031,UT,Piute,2.050581
49033,UT,Rich,.86730272
49035,UT,Salt Lake,.23274915
49037,UT,San Juan,.78282994
49039,UT,Sanpete,.44364059
49041,UT,Sevier,.56745636
49043,UT,Summit,.34662044
49045,UT,Tooele,.30960232
49047,UT,Uintah,.38680443
49049,UT,Utah,.19137135
49051,UT,Wasatch,.1635537
49053,UT,Washington,.2511979
49055,UT,Wayne,1.1173184
49057,UT,Weber,.35581577
50001,VT,Addison,.65139508
50003,VT,Bennington,.92039943
50005,VT,Caledonia,.92816657
50007,VT,Chittenden,.57577294
50009,VT,Essex,.64102566
50011,VT,Franklin,.83717889
50013,VT,Grand Isle,1.0096639
50015,VT,Lamoille,.91002613
50017,VT,Orange,.62247121
50019,VT,Orleans,.78501737
50021,VT,Rutland,1.030893
50023,VT,Washington,.83954424
50025,VT,Windham,.57941455
50027,VT,Windsor,.7971881
51001,VA,Accomack,.97507465
51003,VA,Albemarle,.48863456
51005,VA,Alleghany,.52042675
51007,VA,Amelia,.31176928
51009,VA,Amherst,.66315091
51011,VA,Appomattox,.64495325
51013,VA,Arlington,.2763266
51015,VA,Augusta,.48145077
51017,VA,Bath,.9064129
51019,VA,Bedford,.29552346
51021,VA,Bland,.6177606
51023,VA,Botetourt,.57315236
51025,VA,Brunswick,.98310292
51027,VA,Buchanan,.81440592
51029,VA,Buckingham,.87924969
51031,VA,Campbell,.68865532
51033,VA,Caroline,.66509259
51035,VA,Carroll,.90912151
51036,VA,Charles City,.42716786
51037,VA,Charlotte,.82440233
51041,VA,Chesterfield,.39844754
51043,VA,Clarke,.48875856
51045,VA,Craig,.19455253
51047,VA,Culpeper,.33775058
51049,VA,Cumberland,.71853828
51051,VA,Dickenson,.66489363
51053,VA,Dinwiddie,.67796612
51057,VA,Essex,.90122569
51059,VA,Fairfax,.21578912
51061,VA,Fauquier,.49430099
51063,VA,Floyd,.44705582
51065,VA,Fluvanna,.22927892
51067,VA,Franklin,.64103705
51069,VA,Frederick,.53138727
51071,VA,Giles,.94747436
51073,VA,Gloucester,.53906906
51075,VA,Goochland,.48943269
51077,VA,Grayson,.75619131
51079,VA,Greene,.41384304
51081,VA,Greensville,1.038871
51083,VA,Halifax,.91522712
51085,VA,Hanover,.50792068
51087,VA,Henrico,.44151869
51089,VA,Henry,.96891713
51091,VA,Highland,2.2603979
51093,VA,Isle of Wight,.52307016
51095,VA,James City,.27001849
51097,VA,King and Queen,.56601101
51099,VA,King George,.57874835
51101,VA,King William,.36558616
51103,VA,Lancaster,1.0205975
51105,VA,Lee,.95630121
51107,VA,Loudoun,.19157137
51109,VA,Louisa,.56695771
51111,VA,Lunenburg,.65220934
51113,VA,Madison,.61031431
51115,VA,Mathews,.56779468
51117,VA,Mecklenburg,1.0394335
51119,VA,Middlesex,.92867756
51121,VA,Montgomery,.38602194
51125,VA,Nelson,1.074186
51127,VA,New Kent,.61816454
51131,VA,Northampton,1.0827919
51133,VA,Northumberland,.73800737
51135,VA,Nottoway,1.0960671
51137,VA,Orange,.56368196
51139,VA,Page,.59344667
51141,VA,Patrick,.84416682
51143,VA,Pittsylvania,.59993839
51145,VA,Powhatan,.52820623
51147,VA,Prince Edward,1.0424359
51149,VA,Prince George,.37030178
51153,VA,Prince William,.2672157
51155,VA,Pulaski,.55490655
51157,VA,Rappahannock,.54547936
51159,VA,Richmond,.56921673
51161,VA,Roanoke,.41772437
51163,VA,Rockbridge,.98166078
51165,VA,Rockingham,.51703697
51167,VA,Russell,.58406949
51169,VA,Scott,1.0441257
51171,VA,Shenandoah,.74543422
51173,VA,Smyth,.7079646
51175,VA,Southampton,.61046672
51177,VA,Spotsylvania,.31962255
51179,VA,Stafford,.29272985
51181,VA,Surry,.60882801
51183,VA,Sussex,.78767723
51185,VA,Tazewell,.83242166
51187,VA,Warren,.48635641
51191,VA,Washington,.66375351
51193,VA,Westmoreland,.56628346
51195,VA,Wise,.79417944
51197,VA,Wythe,.82924467
51199,VA,York,.3247616
51510,VA,Alexandria,.29881492
51515,VA,Bedford,0
51520,VA,Bristol,1.5360075
51530,VA,Buena Vista,.46992481
51540,VA,Charlottesville,.54984564
51550,VA,Chesapeake,.44188014
51570,VA,Colonial Heights,.7935608
51580,VA,Covington,1.2540308
51590,VA,Danville,.98455924
51595,VA,Emporia,2.7906976
51600,VA,Fairfax,.75544548
51610,VA,Falls Church,.72108454
51620,VA,Franklin,1.4584346
51630,VA,Fredericksburg,.60132289
51640,VA,Galax,1.5006002
51650,VA,Hampton,.63547426
51660,VA,Harrisonburg,.57468069
51670,VA,Hopewell,.70736992
51678,VA,Lexington,.28220686
51680,VA,Lynchburg,.5380919
51683,VA,Manassas,.53067034
51685,VA,Manassas Park,.43518806
51690,VA,Martinsville,.76225322
51700,VA,Newport News,.52109897
51710,VA,Norfolk,.5050258
51720,VA,Norton,1.2537613
51730,VA,Petersburg,1.1302983
51735,VA,Poquoson,.33481207
51740,VA,Portsmouth,.63159889
51750,VA,Radford,.51694429
51760,VA,Richmond,.68356949
51770,VA,Roanoke,.56144291
51775,VA,Salem,.86115789
51790,VA,Staunton,.74205387
51800,VA,Suffolk,.4255605
51810,VA,Virginia Beach,.35444966
51820,VA,Waynesboro,.64214295
51830,VA,Williamsburg,.73568755
51840,VA,Winchester,.6529783
53001,WA,Adams,.67490393
53003,WA,Asotin,.13446885
53005,WA,Benton,.34111348
53007,WA,Chelan,.36857623
53009,WA,Clallam,.3643823
53011,WA,Clark,.30286887
53013,WA,Columbia,1.2509382
53015,WA,Cowlitz,.56321359
53017,WA,Douglas,.072688505
53019,WA,Ferry,.79554492
53021,WA,Franklin,.34324309
53023,WA,Garfield,.88613206
53025,WA,Grant,.45791447
53027,WA,Grays Harbor,.55846423
53029,WA,Island,.22048555
53031,WA,Jefferson,.29117733
53033,WA,King,.26252782
53035,WA,Kitsap,.28125226
53037,WA,Kittitas,.37838319
53039,WA,Klickitat,.61015677
53041,WA,Lewis,.48283961
53043,WA,Lincoln,.48388657
53045,WA,Mason,.38633034
53047,WA,Okanogan,.6027146
53049,WA,Pacific,.42434815
53051,WA,Pend Oreille,.53329271
53053,WA,Pierce,.267519
53055,WA,San Juan,.3681885
53057,WA,Skagit,.41332361
53059,WA,Skamania,.60381263
53061,WA,Snohomish,.27574953
53063,WA,Spokane,.30355603
53065,WA,Stevens,.33925906
53067,WA,Thurston,.2628476
53069,WA,Wahkiakum,.2394636
53071,WA,Walla Walla,.28337112
53073,WA,Whatcom,.47162396
53075,WA,Whitman,.30909991
53077,WA,Yakima,.36899924
54001,WV,Barbour,.41866028
54003,WV,Berkeley,.36196697
54005,WV,Boone,.74577761
54007,WV,Braxton,.48811102
54009,WV,Brooke,.61654997
54011,WV,Cabell,.53308803
54013,WV,Calhoun,.54296184
54015,WV,Clay,.56541896
54017,WV,Doddridge,.46603751
54019,WV,Fayette,.74826539
54021,WV,Gilmer,.61515749
54023,WV,Grant,.94477367
54025,WV,Greenbrier,.87338704
54027,WV,Hampshire,.38555455
54029,WV,Hancock,.54015732
54031,WV,Hardy,.58262324
54033,WV,Harrison,.60046864
54035,WV,Jackson,.65130949
54037,WV,Jefferson,.41183212
54039,WV,Kanawha,.45675105
54041,WV,Lewis,1.0434569
54043,WV,Lincoln,.37921882
54045,WV,Logan,.65390557
54047,WV,McDowell,.99273735
54049,WV,Marion,.61972129
54051,WV,Marshall,.47311151
54053,WV,Mason,.63175887
54055,WV,Mercer,.62816149
54057,WV,Mineral,.43920651
54059,WV,Mingo,.648377
54061,WV,Monongalia,.40087429
54063,WV,Monroe,.44520295
54065,WV,Morgan,.34123871
54067,WV,Nicholas,.75125539
54069,WV,Ohio,.46950561
54071,WV,Pendleton,1.0018606
54073,WV,Pleasants,.39936101
54075,WV,Pocahontas,.93918759
54077,WV,Preston,.77126163
54079,WV,Putnam,.54681438
54081,WV,Raleigh,.60320747
54083,WV,Randolph,.65603203
54085,WV,Ritchie,.30175015
54087,WV,Roane,.42468855
54089,WV,Summers,.53829592
54091,WV,Taylor,.29503748
54093,WV,Tucker,.7101264
54095,WV,Tyler,.66979235
54097,WV,Upshur,.65014219
54099,WV,Wayne,.51622421
54101,WV,Webster,.81632656
54103,WV,Wetzel,.63934529
54105,WV,Wirt,.34662044
54107,WV,Wood,.51331109
54109,WV,Wyoming,.78150141
55001,WI,Adams,.40006
55003,WI,Ashland,.83152103
55005,WI,Barron,.5080964
55007,WI,Bayfield,.73627847
55009,WI,Brown,.33129677
55011,WI,Buffalo,.45592704
55013,WI,Burnett,.7879703
55015,WI,Calumet,.30212697
55017,WI,Chippewa,.58206302
55019,WI,Clark,.60767406
55021,WI,Columbia,.42184451
55023,WI,Crawford,.55282557
55025,WI,Dane,.31871337
55027,WI,Dodge,.44608134
55029,WI,Door,.84101212
55031,WI,Douglas,.62223452
55033,WI,Dunn,.4737519
55035,WI,Eau Claire,.46654031
55037,WI,Florence,.46146747
55039,WI,Fond du Lac,.42070249
55041,WI,Forest,.55432373
55043,WI,Grant,.57700074
55045,WI,Green,.35314572
55047,WI,Green Lake,.59066743
55049,WI,Iowa,.63911378
55051,WI,Iron,.88261253
55053,WI,Jackson,.83040249
55055,WI,Jefferson,.42580873
55057,WI,Juneau,.72081643
55059,WI,Kenosha,.3872067
55061,WI,Kewaunee,.53963894
55063,WI,La Crosse,.32279164
55065,WI,Lafayette,.41726276
55067,WI,Langlade,.83831078
55069,WI,Lincoln,.71802974
55071,WI,Manitowoc,.46640027
55073,WI,Marathon,.39202634
55075,WI,Marinette,.71979946
55077,WI,Marquette,.52850634
55078,WI,Menominee,.66122991
55079,WI,Milwaukee,.35169658
55081,WI,Monroe,.50709939
55083,WI,Oconto,.66718262
55085,WI,Oneida,.59365636
55087,WI,Outagamie,.43865824
55089,WI,Ozaukee,.30620229
55091,WI,Pepin,.82576382
55093,WI,Pierce,.4103505
55095,WI,Polk,.6005035
55097,WI,Portage,.38468114
55099,WI,Price,.74493444
55101,WI,Racine,.42561918
55103,WI,Richland,.62785387
55105,WI,Rock,.39028379
55107,WI,Rusk,.7096225
55109,WI,St. Croix,.46779624
55111,WI,Sauk,.69178039
55113,WI,Sawyer,.67286515
55115,WI,Shawano,.43965706
55117,WI,Sheboygan,.40824482
55119,WI,Taylor,.44389641
55121,WI,Trempealeau,.60761547
55123,WI,Vernon,.42562944
55125,WI,Vilas,1.0249721
55127,WI,Walworth,.50595963
55129,WI,Washburn,.57655346
55131,WI,Washington,.40931147
55133,WI,Waukesha,.29882604
55135,WI,Waupaca,.50628966
55137,WI,Waushara,.62158132
55139,WI,Winnebago,.37156084
55141,WI,Wood,.45084432
56001,WY,Albany,.34222233
56003,WY,Big Horn,.50247049
56005,WY,Campbell,.36885247
56007,WY,Carbon,1.1445285
56009,WY,Converse,.70786434
56011,WY,Crook,.40016007
56013,WY,Fremont,.49695614
56015,WY,Goshen,.07487832
56017,WY,Hot Springs,.42835724
56019,WY,Johnson,.58851224
56021,WY,Laramie,.31642985
56023,WY,Lincoln,.62906271
56025,WY,Natrona,.38322702
56027,WY,Niobrara,.40485829
56029,WY,Park,.44199646
56031,WY,Platte,1.037464
56033,WY,Sheridan,.43262672
56035,WY,Sublette,.69986004
56037,WY,Sweetwater,.49723133
56039,WY,Teton,.81967211
56041,WY,Uinta,.62768579
56043,WY,Washakie,.36638984
56045,WY,Weston,.5557099
