CountyFIPS,state,county,wicspth16
01001,AL,Autauga,.090510845
01003,AL,Baldwin,.13480203
01005,AL,Barbour,.23238701
01007,AL,Bibb,.22147413
01009,AL,Blount,.13908932
01011,AL,Bullock,.28898951
01013,AL,Butler,.19971041
01015,AL,Calhoun,.17388582
01017,AL,Chambers,.17766723
01019,AL,Cherokee,.15518312
01021,AL,Chilton,.13668671
01023,AL,Choctaw,.22990267
01025,AL,Clarke,.32855558
01027,AL,Clay,.22399761
01029,AL,Cleburne,.26930586
01031,AL,Coffee,.13686578
01033,AL,Colbert,.1655416
01035,AL,Conecuh,.1599872
01037,AL,Coosa,.09237022
01039,AL,Covington,.1872559
01041,AL,Crenshaw,.21548629
01043,AL,Cullman,.14553216
01045,AL,Dale,.12170138
01047,AL,Dallas,.19954106
01049,AL,DeKalb,.1547095
01051,AL,Elmore,.11075151
01053,AL,Escambia,.16005121
01055,AL,Etowah,.13612188
01057,AL,Fayette,.24161884
01059,AL,Franklin,.22114109
01061,AL,Geneva,.26417089
01063,AL,Greene,.23576565
01065,AL,Hale,.13481632
01067,AL,Henry,.23415092
01069,AL,Houston,.21105345
01071,AL,Jackson,.21134338
01073,AL,Jefferson,.11963788
01075,AL,Lamar,.28721189
01077,AL,Lauderdale,.1946851
01079,AL,Lawrence,.12036229
01081,AL,Lee,.10044131
01083,AL,Limestone,.086168826
01085,AL,Lowndes,.19506486
01087,AL,Macon,.20981956
01089,AL,Madison,.12331112
01091,AL,Marengo,.25620005
01093,AL,Marion,.20024028
01095,AL,Marshall,.16820328
01097,AL,Mobile,.13237096
01099,AL,Monroe,.23207241
01101,AL,Montgomery,.11009724
01103,AL,Morgan,.14289317
01105,AL,Perry,.31486145
01107,AL,Pickens,.19695701
01109,AL,Pike,.17899227
01111,AL,Randolph,.17771459
01113,AL,Russell,.18897747
01115,AL,St. Clair,.13742083
01117,AL,Shelby,.12297215
01119,AL,Sumter,.30830893
01121,AL,Talladega,.1491276
01123,AL,Tallapoosa,.19719005
01125,AL,Tuscaloosa,.10647875
01127,AL,Walker,.17041582
01129,AL,Washington,.18061408
01131,AL,Wilcox,.46078703
01133,AL,Winston,.25098303
02013,AK,Aleutians East,.88547814
02016,AK,Aleutians West,.52650052
02020,AK,Anchorage,.080749355
02050,AK,Bethel,.77695763
02060,AK,Bristol Bay,2.2148395
02070,AK,Dillingham,.60362172
02090,AK,Fairbanks North Star,.079457305
02100,AK,Haines,.79145229
02105,AK,Hoonah-Angoon,.93984962
02110,AK,Juneau,.15432099
02122,AK,Kenai Peninsula,.1881886
02130,AK,Ketchikan Gateway,.21875456
02150,AK,Kodiak Island,.14587893
02164,AK,Lake and Peninsula,.62578225
02170,AK,Matanuska-Susitna,.057605345
02180,AK,Nome,1.5058728
02185,AK,North Slope,.61741102
02188,AK,Northwest Arctic,1.690727
02195,AK,Petersburg,.91743118
02198,AK,Prince of Wales-Hyder,.61387354
02220,AK,Sitka,.343328
02240,AK,Southeast Fairbanks,.43802014
02261,AK,Valdez-Cordova,.42927667
02275,AK,Wrangell,.79968011
02282,AK,Yakutat,3.2626426
02290,AK,Yukon-Koyukuk,1.2907984
04001,AZ,Apache,.37813538
04003,AZ,Cochise,.13515447
04005,AZ,Coconino,.15656692
04007,AZ,Gila,.14980151
04009,AZ,Graham,.1321947
04011,AZ,Greenlee,.10361621
04012,AZ,La Paz,.2904022
04013,AZ,Maricopa,.097919434
04015,AZ,Mohave,.097313657
04017,AZ,Navajo,.22115128
04019,AZ,Pima,.095320076
04021,AZ,Pinal,.074275874
04023,AZ,Santa Cruz,.086080745
04025,AZ,Yavapai,.097955838
04027,AZ,Yuma,.12528913
05001,AR,Arkansas,.22044641
05003,AR,Ashley,.19488429
05005,AR,Baxter,.14584701
05007,AR,Benton,.10801052
05009,AR,Boone,.13419217
05011,AR,Bradley,.091182642
05015,AR,Carroll,.1801607
05017,AR,Chicot,.183621
05019,AR,Clark,.088495575
05021,AR,Clay,.1993223
05023,AR,Cleburne,.15889409
05025,AR,Cleveland,.12122682
05027,AR,Columbia,.24949062
05029,AR,Conway,.14374012
05031,AR,Craighead,.13228764
05033,AR,Crawford,.12839237
05035,AR,Crittenden,.22292025
05037,AR,Cross,.2349624
05039,AR,Dallas,.13509862
05041,AR,Desha,.25212201
05043,AR,Drew,.10780509
05045,AR,Faulkner,.10647011
05047,AR,Franklin,.22638519
05049,AR,Fulton,.082671955
05051,AR,Garland,.13223343
05053,AR,Grant,.1107481
05055,AR,Greene,.1117818
05057,AR,Hempstead,.18152115
05059,AR,Hot Spring,.11969239
05061,AR,Howard,.14963339
05063,AR,Independence,.13470553
05065,AR,Izard,.29660389
05067,AR,Jackson,.1735107
05069,AR,Jefferson,.12784091
05071,AR,Johnson,.11472275
05073,AR,Lafayette,.14507471
05075,AR,Lawrence,.30031833
05077,AR,Lee,.10706638
05079,AR,Lincoln,.072865054
05081,AR,Little River,.24152644
05083,AR,Logan,.18411967
05085,AR,Lonoke,.11139113
05087,AR,Madison,.12413108
05089,AR,Marion,.24423006
05091,AR,Miller,.1140459
05093,AR,Mississippi,.18657151
05095,AR,Monroe,.2776621
05097,AR,Montgomery,.11174433
05099,AR,Nevada,.11933174
05101,AR,Newton,.12722646
05103,AR,Ouachita,.24984385
05105,AR,Perry,.097333074
05107,AR,Phillips,.15738118
05109,AR,Pike,.1847575
05111,AR,Poinsett,.20827259
05113,AR,Polk,.14887598
05115,AR,Pope,.14089799
05117,AR,Prairie,.24236549
05119,AR,Pulaski,.10142348
05121,AR,Randolph,.11476444
05123,AR,St. Francis,.15183723
05125,AR,Saline,.10195845
05127,AR,Scott,.38785997
05129,AR,Searcy,.25113007
05131,AR,Sebastian,.12551284
05133,AR,Sevier,.17667845
05135,AR,Sharp,.23510051
05137,AR,Stone,.24003841
05139,AR,Union,.15044004
05141,AR,Van Buren,.24054363
05143,AR,Washington,.12257155
05145,AR,White,.16462573
05147,AR,Woodruff,.30229747
05149,AR,Yell,.13952839
06001,CA,Alameda,.087862492
06005,CA,Amador,.24039745
06007,CA,Butte,.10153225
06009,CA,Calaveras,.15451515
06011,CA,Colusa,.32478076
06013,CA,Contra Costa,.083538957
06015,CA,Del Norte,.072934143
06017,CA,El Dorado,.10210552
06019,CA,Fresno,.22086883
06021,CA,Glenn,.21543212
06023,CA,Humboldt,.16872808
06025,CA,Imperial,.17196618
06027,CA,Inyo,.11113581
06029,CA,Kern,.21419804
06031,CA,Kings,.14714833
06033,CA,Lake,.21914721
06035,CA,Lassen,.097068533
06037,CA,Los Angeles,.11738504
06039,CA,Madera,.18811624
06041,CA,Marin,.061389003
06043,CA,Mariposa,.057290174
06045,CA,Mendocino,.13732806
06047,CA,Merced,.22390482
06049,CA,Modoc,.44767767
06051,CA,Mono,.14082524
06053,CA,Monterey,.15180545
06055,CA,Napa,.12749229
06057,CA,Nevada,.11115153
06059,CA,Orange,.11480089
06061,CA,Placer,.11337031
06063,CA,Plumas,.31962496
06065,CA,Riverside,.10241042
06067,CA,Sacramento,.10453123
06069,CA,San Benito,.13505529
06071,CA,San Bernardino,.10870716
06073,CA,San Diego,.11358555
06075,CA,San Francisco,.048121266
06077,CA,San Joaquin,.109262
06079,CA,San Luis Obispo,.12058534
06081,CA,San Mateo,.0833112
06083,CA,Santa Barbara,.13493
06085,CA,Santa Clara,.075145848
06087,CA,Santa Cruz,.098288327
06089,CA,Shasta,.111994
06091,CA,Sierra,.3381806
06093,CA,Siskiyou,.2529957
06095,CA,Solano,.10698839
06097,CA,Sonoma,.10928983
06099,CA,Stanislaus,.16495472
06101,CA,Sutter,.13556071
06103,CA,Tehama,.094708927
06105,CA,Trinity,.23382697
06107,CA,Tulare,.18912098
06109,CA,Tuolumne,.14896469
06111,CA,Ventura,.14371184
06113,CA,Yolo,.12527259
06115,CA,Yuba,.15999573
08001,CO,Adams,.080281146
08003,CO,Alamosa,.2429986
08005,CO,Arapahoe,.078299828
08007,CO,Archuleta,.23379052
08009,CO,Baca,.5668934
08011,CO,Bent,.17714792
08013,CO,Boulder,.062010311
08014,CO,Broomfield,.075217381
08015,CO,Chaffee,.15715857
08017,CO,Cheyenne,.54083288
08019,CO,Clear Creek,.10688328
08021,CO,Conejos,.24823135
08023,CO,Costilla,.27056277
08025,CO,Crowley,.19007793
08027,CO,Custer,.21772262
08029,CO,Delta,.16471209
08031,CO,Denver,.044500716
08033,CO,Dolores,.48638132
08035,CO,Douglas,.051815368
08037,CO,Eagle,.12825446
08039,CO,Elbert,.079560824
08041,CO,El Paso,.06388969
08043,CO,Fremont,.10642374
08045,CO,Garfield,.11895254
08049,CO,Grand,.19775873
08051,CO,Gunnison,.12129299
08055,CO,Huerfano,.30399758
08057,CO,Jackson,.7369197
08059,CO,Jefferson,.068208173
08061,CO,Kiowa,.74515647
08063,CO,Kit Carson,.39344263
08065,CO,Lake,.13185655
08067,CO,La Plata,.090484634
08069,CO,Larimer,.067861423
08071,CO,Las Animas,.21312873
08073,CO,Lincoln,.36042529
08075,CO,Logan,.13803893
08077,CO,Mesa,.093434244
08081,CO,Moffat,.15217225
08083,CO,Montezuma,.19231509
08085,CO,Montrose,.17003497
08087,CO,Morgan,.17766407
08089,CO,Otero,.27454427
08091,CO,Ouray,.41771093
08093,CO,Park,.057597052
08095,CO,Phillips,.4669624
08097,CO,Pitkin,.055657595
08099,CO,Prowers,.33425254
08101,CO,Pueblo,.097042039
08103,CO,Rio Blanco,.30916679
08105,CO,Rio Grande,.26462027
08107,CO,Routt,.12103119
08109,CO,Saguache,.15610366
08113,CO,San Miguel,.24928331
08115,CO,Sedgwick,.41580042
08117,CO,Summit,.1303951
08119,CO,Teller,.2080213
08121,CO,Washington,.20678246
08123,CO,Weld,.050853491
08125,CO,Yuma,.29761904
09001,CT,Fairfield,.17781503
09003,CT,Hartford,.24491987
09005,CT,Litchfield,.12034945
09007,CT,Middlesex,.11032657
09009,CT,New Haven,.21328895
09011,CT,New London,.16008221
09013,CT,Tolland,.099275947
09015,CT,Windham,.18957019
10001,DE,Kent,.10313531
10003,DE,New Castle,.08282274
10005,DE,Sussex,.10032606
11001,DC,District of Columbia,.049521174
12001,FL,Alachua,.10594543
12003,FL,Baker,.1076349
12005,FL,Bay,.15813811
12007,FL,Bradford,.14961101
12009,FL,Brevard,.093532734
12011,FL,Broward,.096707903
12013,FL,Calhoun,.20929259
12015,FL,Charlotte,.10690854
12017,FL,Citrus,.10500525
12019,FL,Clay,.096503206
12021,FL,Collier,.087588444
12023,FL,Columbia,.10113122
12027,FL,DeSoto,.13788919
12029,FL,Dixie,.18224895
12031,FL,Duval,.10691191
12033,FL,Escambia,.10913631
12035,FL,Flagler,.1024676
12037,FL,Franklin,.33812341
12039,FL,Gadsden,.10857528
12041,FL,Gilchrist,.17047392
12045,FL,Gulf,.18678787
12047,FL,Hamilton,.13977218
12049,FL,Hardee,.25707886
12051,FL,Hendry,.12467895
12053,FL,Hernando,.12598735
12055,FL,Highlands,.10764157
12057,FL,Hillsborough,.10572118
12059,FL,Holmes,.10315127
12061,FL,Indian River,.099174865
12063,FL,Jackson,.16550468
12065,FL,Jefferson,.14349261
12067,FL,Lafayette,.11411617
12069,FL,Lake,.09858162
12071,FL,Lee,.098285407
12073,FL,Leon,.087114997
12075,FL,Levy,.12553667
12077,FL,Liberty,.1204529
12079,FL,Madison,.16394338
12081,FL,Manatee,.085241951
12083,FL,Marion,.10926856
12085,FL,Martin,.11992981
12086,FL,Miami-Dade,.091090269
12087,FL,Monroe,.1299005
12089,FL,Nassau,.11248735
12091,FL,Okaloosa,.11984421
12093,FL,Okeechobee,.12280185
12095,FL,Orange,.091331579
12097,FL,Osceola,.10659403
12099,FL,Palm Beach,.097837649
12101,FL,Pasco,.10001393
12103,FL,Pinellas,.11449543
12105,FL,Polk,.088557206
12107,FL,Putnam,.13816354
12109,FL,St. Johns,.080852441
12111,FL,St. Lucie,.08174289
12113,FL,Santa Rosa,.10006357
12115,FL,Sarasota,.10895172
12117,FL,Seminole,.10095136
12119,FL,Sumter,.098364688
12121,FL,Suwannee,.1140589
12123,FL,Taylor,.18087271
12125,FL,Union,.065565169
12127,FL,Volusia,.1096933
12129,FL,Wakulla,.094064526
12131,FL,Walton,.16817001
12133,FL,Washington,.16345879
13001,GA,Appling,.21710812
13003,GA,Atkinson,.24236549
13005,GA,Bacon,.35395098
13007,GA,Baker,.3138732
13009,GA,Baldwin,.19897857
13013,GA,Barrow,.1429221
13015,GA,Bartow,.087091155
13017,GA,Ben Hill,.232342
13019,GA,Berrien,.052709255
13021,GA,Bibb,.20237629
13023,GA,Bleckley,.31113878
13025,GA,Brantley,.10883761
13027,GA,Brooks,.12708095
13029,GA,Bryan,.1953343
13031,GA,Bulloch,.12046903
13033,GA,Burke,.22142509
13035,GA,Butts,.12653422
13037,GA,Calhoun,.15743072
13039,GA,Camden,.15256111
13043,GA,Candler,.092191391
13045,GA,Carroll,.14639649
13047,GA,Catoosa,.15084322
13049,GA,Charlton,.077893756
13051,GA,Chatham,.15590733
13053,GA,Chattahoochee,.19825536
13055,GA,Chattooga,.24168211
13057,GA,Cherokee,.12401204
13059,GA,Clarke,.14412221
13061,GA,Clay,.66555738
13063,GA,Clayton,.1108584
13065,GA,Clinch,.14790711
13067,GA,Cobb,.12156625
13069,GA,Coffee,.18635422
13071,GA,Colquitt,.1758551
13073,GA,Columbia,.16273724
13075,GA,Cook,.23311381
13077,GA,Coweta,.12106624
13079,GA,Crawford,.081340492
13081,GA,Crisp,.30577034
13083,GA,Dade,.24660912
13085,GA,Dawson,.21179262
13087,GA,Decatur,.22486228
13089,GA,DeKalb,.12040424
13091,GA,Dodge,.19194779
13093,GA,Dooly,.14442518
13095,GA,Dougherty,.17704795
13097,GA,Douglas,.091631897
13099,GA,Early,.38865137
13101,GA,Echols,.25233409
13103,GA,Effingham,.085190482
13105,GA,Elbert,.20895366
13107,GA,Emanuel,.13381507
13109,GA,Evans,.1878287
13111,GA,Fannin,.27964205
13113,GA,Fayette,.15269095
13115,GA,Floyd,.16550298
13117,GA,Forsyth,.14071018
13119,GA,Franklin,.26915485
13121,GA,Fulton,.11831265
13123,GA,Gilmer,.20062193
13127,GA,Glynn,.18993127
13129,GA,Gordon,.14051604
13131,GA,Grady,.20125584
13133,GA,Greene,.17755681
13135,GA,Gwinnett,.11709123
13137,GA,Habersham,.20397525
13139,GA,Hall,.16283081
13141,GA,Hancock,.11586143
13143,GA,Haralson,.24285318
13145,GA,Harris,.029733587
13147,GA,Hart,.1961015
13149,GA,Heard,.086385623
13151,GA,Henry,.12658915
13153,GA,Houston,.15821742
13155,GA,Irwin,.10733069
13157,GA,Jackson,.15360983
13159,GA,Jasper,.21788074
13161,GA,Jeff Davis,.26746908
13163,GA,Jefferson,.44416243
13165,GA,Jenkins,.11412919
13167,GA,Johnson,.20695364
13169,GA,Jones,.10497953
13171,GA,Lamar,.16216215
13173,GA,Lanier,.19180973
13175,GA,Laurens,.14798528
13177,GA,Lee,.20539504
13179,GA,Liberty,.14622021
13181,GA,Lincoln,.12729125
13183,GA,Long,.054504823
13185,GA,Lowndes,.1311854
13187,GA,Lumpkin,.12696397
13189,GA,McDuffie,.18633251
13191,GA,McIntosh,.14226775
13193,GA,Macon,.29658189
13195,GA,Madison,.10409077
13197,GA,Marion,.35440049
13199,GA,Meriwether,.142342
13201,GA,Miller,.34054145
13205,GA,Mitchell,.26707023
13207,GA,Monroe,.14850566
13209,GA,Montgomery,.11122233
13211,GA,Morgan,.11047892
13213,GA,Murray,.12698413
13215,GA,Muscogee,.16819744
13217,GA,Newton,.13133208
13219,GA,Oconee,.10848635
13221,GA,Oglethorpe,.067980967
13223,GA,Paulding,.083674468
13225,GA,Peach,.26143792
13227,GA,Pickens,.26091778
13229,GA,Pierce,.10466272
13231,GA,Pike,.055903398
13233,GA,Polk,.1921922
13235,GA,Pulaski,.17714792
13237,GA,Putnam,.18581316
13241,GA,Rabun,.30356383
13243,GA,Randolph,.41934583
13245,GA,Richmond,.13379517
13247,GA,Rockdale,.12356635
13249,GA,Schley,.38662285
13251,GA,Screven,.14285715
13253,GA,Seminole,.35612535
13255,GA,Spalding,.13938361
13257,GA,Stephens,.23379052
13259,GA,Stewart,.33250207
13261,GA,Sumter,.26353934
13267,GA,Tattnall,.079067007
13269,GA,Taylor,.24425989
13271,GA,Telfair,.25136679
13273,GA,Terrell,.33840948
13275,GA,Thomas,.17790429
13277,GA,Tift,.24659696
13279,GA,Toombs,.22104332
13281,GA,Towns,.17533094
13283,GA,Treutlen,.14916468
13285,GA,Troup,.18591614
13287,GA,Turner,.37778616
13289,GA,Twiggs,.12128562
13291,GA,Union,.35287371
13293,GA,Upson,.11426395
13295,GA,Walker,.11687022
13297,GA,Walton,.11126813
13299,GA,Ware,.22406453
13301,GA,Warren,.18695083
13303,GA,Washington,.19664717
13305,GA,Wayne,.10015691
13309,GA,Wheeler,.12501563
13311,GA,White,.13877325
13313,GA,Whitfield,.16297887
13315,GA,Wilcox,.22637238
13317,GA,Wilkes,.30581039
13319,GA,Wilkinson,.11086474
13321,GA,Worth,.1930595
15001,HI,Hawaii,.1463715
15003,HI,Honolulu,.073537409
15007,HI,Kauai,.15368494
15009,HI,Maui,.14490654
16001,ID,Ada,.078682803
16003,ID,Adams,.5076142
16005,ID,Bannock,.14151944
16007,ID,Bear Lake,.33749577
16009,ID,Benewah,.44370493
16011,ID,Bingham,.13239773
16013,ID,Blaine,.18192568
16015,ID,Boise,.28232637
16017,ID,Bonner,.14173339
16019,ID,Bonneville,.080178887
16021,ID,Boundary,.25746652
16023,ID,Butte,.38850039
16027,ID,Canyon,.075696647
16029,ID,Caribou,.43471959
16031,ID,Cassia,.085128121
16033,ID,Clark,1.1481056
16035,ID,Clearwater,.57790107
16037,ID,Custer,.73475385
16039,ID,Elmore,.23002607
16041,ID,Franklin,.075086348
16043,ID,Fremont,.1548467
16045,ID,Gem,.058969218
16047,ID,Gooding,.26374787
16049,ID,Idaho,.36968577
16051,ID,Jefferson,.071836501
16053,ID,Jerome,.08537887
16055,ID,Kootenai,.11103636
16057,ID,Latah,.1536964
16059,ID,Lemhi,.12971851
16061,ID,Lewis,.77841204
16063,ID,Lincoln,.37914693
16065,ID,Madison,.1026694
16067,ID,Minidoka,.14525032
16069,ID,Nez Perce,.19920319
16071,ID,Oneida,.23239601
16073,ID,Owyhee,.26387545
16075,ID,Payette,.17466486
16077,ID,Power,.12966806
16079,ID,Shoshone,.48270315
16081,ID,Teton,.089670017
16083,ID,Twin Falls,.13134798
16085,ID,Valley,.28760424
16087,ID,Washington,.19912386
17001,IL,Adams,.16536132
17003,IL,Alexander,.46461204
17005,IL,Bond,.12091167
17007,IL,Boone,.16792925
17009,IL,Brown,.15089785
17011,IL,Bureau,.14974095
17013,IL,Calhoun,.20550761
17015,IL,Carroll,.20557801
17017,IL,Cass,.23683587
17019,IL,Champaign,.15717204
17021,IL,Christian,.30107787
17023,IL,Clark,.2522068
17025,IL,Clay,.30041307
17027,IL,Clinton,.21281123
17029,IL,Coles,.21249059
17031,IL,Cook,.17423885
17033,IL,Crawford,.10451505
17035,IL,Cumberland,.27603975
17037,IL,DeKalb,.12501924
17039,IL,De Witt,.37190852
17041,IL,Douglas,.15212981
17043,IL,DuPage,.15563284
17045,IL,Edgar,.22833657
17047,IL,Edwards,.30604437
17049,IL,Effingham,.20476219
17051,IL,Fayette,.13910785
17053,IL,Ford,.14985764
17055,IL,Franklin,.2813803
17057,IL,Fulton,.19743337
17061,IL,Greene,.38112661
17063,IL,Grundy,.11927006
17065,IL,Hamilton,.24431957
17067,IL,Hancock,.219744
17069,IL,Hardin,.25075227
17071,IL,Henderson,.29044437
17073,IL,Henry,.24237038
17075,IL,Iroquois,.21300767
17077,IL,Jackson,.20416497
17079,IL,Jasper,.20885547
17081,IL,Jefferson,.18302089
17083,IL,Jersey,.13694878
17085,IL,Jo Daviess,.18313341
17087,IL,Johnson,.16055229
17089,IL,Kane,.1392383
17091,IL,Kankakee,.17105713
17093,IL,Kendall,.12841916
17095,IL,Knox,.17668538
17097,IL,Lake,.17455623
17099,IL,LaSalle,.19055742
17101,IL,Lawrence,.12370879
17103,IL,Lee,.2320051
17105,IL,Livingston,.13850416
17107,IL,Logan,.20581073
17109,IL,McDonough,.22672065
17111,IL,McHenry,.13342185
17113,IL,McLean,.15594317
17115,IL,Macon,.25368786
17117,IL,Macoupin,.21887106
17119,IL,Madison,.23708008
17121,IL,Marion,.2364998
17123,IL,Marshall,.25263157
17125,IL,Mason,.21941052
17127,IL,Massac,.27702749
17129,IL,Menard,.241955
17131,IL,Mercer,.19232002
17133,IL,Monroe,.1769494
17135,IL,Montgomery,.2064978
17137,IL,Morgan,.20221862
17139,IL,Moultrie,.2739163
17141,IL,Ogle,.1368203
17143,IL,Peoria,.2863735
17145,IL,Perry,.23374316
17147,IL,Piatt,.12102142
17149,IL,Pike,.31770238
17151,IL,Pope,.2392917
17153,IL,Pulaski,.53552306
17155,IL,Putnam,.17500874
17157,IL,Randolph,.15424481
17159,IL,Richland,.31601566
17161,IL,Rock Island,.22034015
17163,IL,St. Clair,.28506055
17165,IL,Saline,.3301692
17167,IL,Sangamon,.27777216
17169,IL,Schuyler,.14226775
17171,IL,Scott,.19809826
17173,IL,Shelby,.23001195
17175,IL,Stark,.18152115
17177,IL,Stephenson,.24177419
17179,IL,Tazewell,.18672463
17181,IL,Union,.35063115
17183,IL,Vermilion,.26753637
17185,IL,Wabash,.2599203
17187,IL,Warren,.28896722
17189,IL,Washington,.28212723
17191,IL,Wayne,.24170645
17193,IL,White,.35536602
17195,IL,Whiteside,.1770789
17197,IL,Will,.14811631
17199,IL,Williamson,.25192651
17201,IL,Winnebago,.22373398
17203,IL,Woodford,.17983301
18001,IN,Adams,.1136622
18003,IN,Allen,.078425437
18005,IN,Bartholomew,.085041247
18007,IN,Benton,.34658042
18009,IN,Blackford,.24783148
18011,IN,Boone,.077920459
18013,IN,Brown,.06666667
18015,IN,Carroll,.15030061
18017,IN,Cass,.18443865
18019,IN,Clark,.077856019
18021,IN,Clay,.11450382
18023,IN,Clinton,.12423132
18025,IN,Crawford,.37800038
18027,IN,Daviess,.15164381
18029,IN,Dearborn,.080915965
18031,IN,Decatur,.15059108
18033,IN,DeKalb,.14080541
18035,IN,Delaware,.095093191
18037,IN,Dubois,.21215907
18039,IN,Elkhart,.088386074
18041,IN,Fayette,.12899342
18043,IN,Floyd,.10430656
18045,IN,Fountain,.30396986
18047,IN,Franklin,.26311174
18049,IN,Fulton,.19890602
18051,IN,Gibson,.17877361
18053,IN,Grant,.134973
18055,IN,Greene,.21719569
18057,IN,Hamilton,.07595177
18059,IN,Hancock,.067816839
18061,IN,Harrison,.075631522
18063,IN,Hendricks,.093534283
18065,IN,Henry,.14478365
18067,IN,Howard,.085037112
18069,IN,Huntington,.082671955
18071,IN,Jackson,.13635124
18073,IN,Jasper,.23940627
18075,IN,Jay,.14270085
18077,IN,Jefferson,.15513496
18079,IN,Jennings,.1085305
18081,IN,Johnson,.059376545
18083,IN,Knox,.10714956
18085,IN,Kosciusko,.10159762
18087,IN,LaGrange,.076708689
18089,IN,Lake,.098725006
18091,IN,LaPorte,.090699658
18093,IN,Lawrence,.13161358
18095,IN,Madison,.10827784
18097,IN,Marion,.090029113
18099,IN,Marshall,.10729614
18101,IN,Martin,.3925032
18103,IN,Miami,.083238535
18105,IN,Monroe,.061750419
18107,IN,Montgomery,.1045779
18109,IN,Morgan,.10053427
18111,IN,Newton,.071505181
18113,IN,Noble,.12651289
18115,IN,Ohio,.16972166
18117,IN,Orange,.15416238
18119,IN,Owen,.1913784
18121,IN,Parke,.11807072
18123,IN,Perry,.15808611
18125,IN,Pike,.080658168
18127,IN,Porter,.077601746
18129,IN,Posey,.15604275
18131,IN,Pulaski,.15875536
18133,IN,Putnam,.080534749
18135,IN,Randolph,.079649545
18137,IN,Ripley,.17606874
18139,IN,Rush,.12017787
18141,IN,St. Joseph,.081637502
18143,IN,Scott,.16878349
18145,IN,Shelby,.067782827
18147,IN,Spencer,.14640574
18149,IN,Starke,.17379969
18151,IN,Steuben,.17465214
18153,IN,Sullivan,.14486454
18155,IN,Switzerland,.18841262
18157,IN,Tippecanoe,.057741571
18159,IN,Tipton,.065932617
18161,IN,Union,.28011206
18163,IN,Vanderburgh,.14891951
18165,IN,Vermillion,.19248043
18167,IN,Vigo,.074176408
18169,IN,Wabash,.15871
18171,IN,Warren,.24497795
18173,IN,Warrick,.11278316
18175,IN,Washington,.1442273
18177,IN,Wayne,.1050909
18179,IN,Wells,.10770446
18181,IN,White,.083073728
18183,IN,Whitley,.089570954
19001,IA,Adair,.42869392
19003,IA,Adams,.2708559
19005,IA,Allamakee,.28880867
19007,IA,Appanoose,.23990403
19009,IA,Audubon,.17765145
19011,IA,Benton,.11703663
19013,IA,Black Hawk,.18029387
19015,IA,Boone,.22704911
19017,IA,Bremer,.28297693
19019,IA,Buchanan,.23789133
19021,IA,Buena Vista,.24603878
19023,IA,Butler,.34002039
19025,IA,Calhoun,.30587277
19027,IA,Carroll,.44167444
19029,IA,Cass,.45589241
19031,IA,Cedar,.21727322
19033,IA,Cerro Gordo,.23208317
19035,IA,Cherokee,.35081565
19037,IA,Chickasaw,.16534391
19039,IA,Clarke,.32432431
19041,IA,Clay,.24545901
19043,IA,Clayton,.33980858
19045,IA,Clinton,.19056492
19047,IA,Crawford,.17525412
19049,IA,Dallas,.13055295
19051,IA,Davis,.11256191
19053,IA,Decatur,.24860162
19055,IA,Delaware,.1736111
19057,IA,Des Moines,.17682126
19059,IA,Dickinson,.29222676
19061,IA,Dubuque,.19631749
19063,IA,Emmet,.20894276
19065,IA,Fayette,.30225179
19067,IA,Floyd,.18919089
19069,IA,Franklin,.19640577
19071,IA,Fremont,.43159258
19073,IA,Greene,.22222222
19075,IA,Grundy,.24418037
19077,IA,Guthrie,.18786399
19079,IA,Hamilton,.26502353
19081,IA,Hancock,.27555799
19083,IA,Hardin,.40761662
19085,IA,Harrison,.28473803
19087,IA,Henry,.15129356
19089,IA,Howard,.10807306
19091,IA,Humboldt,.2101061
19093,IA,Ida,.28760424
19095,IA,Iowa,.18535681
19097,IA,Jackson,.25790477
19099,IA,Jasper,.24521156
19101,IA,Jefferson,.11071745
19103,IA,Johnson,.13618597
19105,IA,Jones,.24481003
19107,IA,Keokuk,.19669552
19109,IA,Kossuth,.33090669
19111,IA,Lee,.26117995
19113,IA,Linn,.17110874
19115,IA,Louisa,.17838031
19117,IA,Lucas,.11693171
19119,IA,Lyon,.42441219
19121,IA,Madison,.18958543
19123,IA,Mahaska,.22550966
19125,IA,Marion,.27155057
19127,IA,Marshall,.1495178
19129,IA,Mills,.2660459
19131,IA,Mitchell,.37586918
19133,IA,Monona,.34129694
19135,IA,Monroe,.25539523
19137,IA,Montgomery,.3949447
19139,IA,Muscatine,.20966803
19141,IA,O'Brien,.57417643
19143,IA,Osceola,.16393442
19145,IA,Page,.26060331
19147,IA,Palo Alto,.44306603
19149,IA,Plymouth,.23817085
19151,IA,Pocahontas,.43802014
19153,IA,Polk,.16224907
19155,IA,Pottawattamie,.19232413
19157,IA,Poweshiek,.32357225
19159,IA,Ringgold,.4012036
19161,IA,Sac,.40766409
19163,IA,Scott,.16257991
19165,IA,Shelby,.25744444
19167,IA,Sioux,.22880022
19169,IA,Story,.13423511
19171,IA,Tama,.23267989
19173,IA,Taylor,.32056418
19175,IA,Union,.32341528
19177,IA,Van Buren,.55240989
19179,IA,Wapello,.25474101
19181,IA,Warren,.14183535
19183,IA,Washington,.2258662
19185,IA,Wayne,.31036624
19187,IA,Webster,.24492462
19189,IA,Winnebago,.47183165
19191,IA,Winneshiek,.24494195
19193,IA,Woodbury,.19493178
19195,IA,Worth,.26773763
19197,IA,Wright,.31164783
20001,KS,Allen,.23745449
20003,KS,Anderson,.12795906
20005,KS,Atchison,.12212995
20007,KS,Barber,.42799059
20009,KS,Barton,.2230815
20011,KS,Bourbon,.20489004
20013,KS,Brown,.20761964
20015,KS,Butler,.090052232
20017,KS,Chase,.38008362
20019,KS,Chautauqua,.59541529
20021,KS,Cherokee,.19770661
20023,KS,Cheyenne,.37397158
20025,KS,Clark,.48449612
20027,KS,Clay,.24688309
20029,KS,Cloud,.32985157
20031,KS,Coffey,.24000961
20033,KS,Comanche,.54347825
20035,KS,Cowley,.16798723
20037,KS,Crawford,.12794922
20039,KS,Decatur,.35310733
20041,KS,Dickinson,.15826958
20043,KS,Doniphan,.25933611
20045,KS,Douglas,.10011847
20047,KS,Edwards,.34470871
20049,KS,Elk,.79681277
20051,KS,Ellis,.13817881
20053,KS,Ellsworth,.31725889
20055,KS,Finney,.10821632
20057,KS,Ford,.086720243
20059,KS,Franklin,.11750881
20061,KS,Geary,.11384335
20063,KS,Gove,.38124284
20065,KS,Graham,.38865137
20067,KS,Grant,.13005592
20069,KS,Gray,.33222592
20071,KS,Greeley,.78308535
20073,KS,Greenwood,.32738581
20075,KS,Hamilton,.38037276
20077,KS,Harper,.52919388
20079,KS,Harvey,.14394288
20081,KS,Haskell,.49726504
20083,KS,Hodgeman,.54525626
20085,KS,Jackson,.30145451
20087,KS,Jefferson,.26536462
20089,KS,Jewell,.69444442
20091,KS,Johnson,.064855158
20093,KS,Kearny,.25627884
20095,KS,Kingman,.13491635
20097,KS,Kiowa,.39840639
20099,KS,Labette,.24614778
20101,KS,Lane,1.2554928
20103,KS,Leavenworth,.074822299
20105,KS,Lincoln,.32446462
20107,KS,Linn,.3122398
20109,KS,Logan,.35486162
20111,KS,Lyon,.11967091
20113,KS,McPherson,.17598817
20115,KS,Marion,.33311126
20117,KS,Marshall,.30665439
20119,KS,Meade,.23596036
20121,KS,Miami,.15190181
20123,KS,Mitchell,.32133675
20125,KS,Montgomery,.18281536
20127,KS,Morris,.18011527
20129,KS,Morton,.35880876
20131,KS,Nemaha,.29738304
20133,KS,Neosho,.24903499
20135,KS,Ness,.33863866
20137,KS,Norton,.36403349
20139,KS,Osage,.18978934
20141,KS,Osborne,.55679286
20143,KS,Ottawa,.16926202
20145,KS,Pawnee,.14887598
20147,KS,Phillips,.37009624
20149,KS,Pottawatomie,.21175674
20151,KS,Pratt,.2093364
20153,KS,Rawlins,.40000001
20155,KS,Reno,.079133958
20157,KS,Republic,.21459228
20159,KS,Rice,.30649775
20161,KS,Riley,.039913256
20163,KS,Rooks,.39039624
20165,KS,Rush,.65466446
20167,KS,Russell,.2855511
20169,KS,Saline,.090947121
20171,KS,Scott,.20068233
20173,KS,Sedgwick,.089635767
20175,KS,Seward,.17484047
20177,KS,Shawnee,.10088216
20179,KS,Sheridan,.40209088
20181,KS,Sherman,.16795431
20183,KS,Smith,.27352297
20185,KS,Stafford,.47778308
20187,KS,Stanton,.47869796
20189,KS,Stevens,.35329446
20191,KS,Sumner,.1726743
20193,KS,Thomas,.25487447
20195,KS,Trego,.35100034
20199,KS,Wallace,.66577893
20201,KS,Washington,.53927737
20203,KS,Wichita,.46948355
20205,KS,Wilson,.22988506
20207,KS,Woodson,.31347963
20209,KS,Wyandotte,.10307153
21001,KY,Adair,.2076412
21003,KY,Allen,.14466198
21005,KY,Anderson,.13546464
21007,KY,Ballard,.24860162
21009,KY,Barren,.20550761
21011,KY,Bath,.081665985
21013,KY,Bell,.33050567
21015,KY,Boone,.10837171
21017,KY,Bourbon,.14890555
21019,KY,Boyd,.12471679
21021,KY,Boyle,.13363178
21023,KY,Bracken,.2390343
21025,KY,Breathitt,.37930512
21027,KY,Breckinridge,.20012008
21029,KY,Bullitt,.08834926
21031,KY,Butler,.31538281
21033,KY,Caldwell,.15826541
21035,KY,Calloway,.10320184
21037,KY,Campbell,.14121993
21039,KY,Carlisle,.6266973
21041,KY,Carroll,.28214049
21043,KY,Carter,.21986075
21045,KY,Casey,.19025876
21047,KY,Christian,.16699137
21049,KY,Clark,.16730335
21051,KY,Clay,.43598315
21053,KY,Clinton,.19592476
21055,KY,Crittenden,.21898609
21057,KY,Cumberland,.29682398
21059,KY,Daviess,.11994842
21061,KY,Edmonson,.1655492
21063,KY,Elliott,.40053403
21065,KY,Estill,.34921077
21067,KY,Fayette,.087571703
21069,KY,Fleming,.20719662
21071,KY,Floyd,.32450852
21073,KY,Franklin,.15900463
21075,KY,Fulton,.80775446
21077,KY,Gallatin,.34439215
21079,KY,Garrard,.057514235
21081,KY,Grant,.16054586
21083,KY,Graves,.16139878
21085,KY,Grayson,.1533272
21087,KY,Green,.09099181
21089,KY,Greenup,.16757904
21091,KY,Hancock,.22914757
21093,KY,Hardin,.13079101
21095,KY,Harlan,.40733197
21097,KY,Harrison,.2154592
21099,KY,Hart,.21578465
21101,KY,Henderson,.15118463
21103,KY,Henry,.12623075
21105,KY,Hickman,.21710812
21107,KY,Hopkins,.1314982
21109,KY,Jackson,.2992892
21111,KY,Jefferson,.13807279
21113,KY,Jessamine,.15326257
21115,KY,Johnson,.17496282
21117,KY,Kenton,.078942895
21119,KY,Knott,.38697195
21121,KY,Knox,.41261983
21123,KY,Larue,.213919
21125,KY,Laurel,.18306179
21127,KY,Lawrence,.31561673
21129,KY,Lee,.45502806
21131,KY,Leslie,.57526368
21133,KY,Letcher,.30767879
21135,KY,Lewis,.51951909
21137,KY,Lincoln,.2871677
21139,KY,Livingston,.10876659
21141,KY,Logan,.22497188
21143,KY,Lyon,.12370114
21145,KY,McCracken,.16835018
21147,KY,McCreary,.34203625
21149,KY,McLean,.32082132
21151,KY,Madison,.066988207
21153,KY,Magoffin,.3947888
21155,KY,Marion,.31328321
21157,KY,Marshall,.22383526
21159,KY,Martin,.41802526
21161,KY,Mason,.23280177
21163,KY,Meade,.071466856
21165,KY,Menifee,.15518312
21167,KY,Mercer,.13992538
21169,KY,Metcalfe,.1998601
21171,KY,Monroe,.47442833
21173,KY,Montgomery,.18064889
21175,KY,Morgan,.22639801
21177,KY,Muhlenberg,.19261019
21179,KY,Nelson,.10990219
21181,KY,Nicholas,.14118311
21183,KY,Ohio,.082815737
21185,KY,Oldham,.06117237
21187,KY,Owen,.18763486
21189,KY,Owsley,.67069083
21191,KY,Pendleton,.13725893
21193,KY,Perry,.25808355
21195,KY,Pike,.38065606
21197,KY,Powell,.2447581
21199,KY,Pulaski,.14057009
21201,KY,Robertson,.47058824
21203,KY,Rockcastle,.17784101
21205,KY,Rowan,.16367951
21207,KY,Russell,.16885237
21209,KY,Scott,.093631208
21211,KY,Shelby,.085539542
21213,KY,Simpson,.16662039
21215,KY,Spencer,.054842602
21217,KY,Taylor,.15722035
21219,KY,Todd,.16190399
21221,KY,Trigg,.13982102
21223,KY,Trimble,.11606314
21225,KY,Union,.27034333
21227,KY,Warren,.10277248
21229,KY,Washington,.1647718
21231,KY,Wayne,.1447597
21233,KY,Webster,.30282384
21235,KY,Whitley,.41547793
21237,KY,Wolfe,.41707215
21239,KY,Woodford,.076590203
22001,LA,Acadia,.1911041
22003,LA,Allen,.15568443
22005,LA,Ascension,.10697827
22007,LA,Assumption,.087908223
22009,LA,Avoyelles,.097568117
22011,LA,Beauregard,.081155658
22013,LA,Bienville,.21770681
22015,LA,Bossier,.087327927
22017,LA,Caddo,.11250176
22019,LA,Calcasieu,.11472466
22021,LA,Caldwell,.099255584
22025,LA,Catahoula,.1013582
22027,LA,Claiborne,.18579303
22029,LA,Concordia,.25033796
22031,LA,De Soto,.11030222
22033,LA,East Baton Rouge,.1345204
22035,LA,East Carroll,.1381979
22037,LA,East Feliciana,.10241704
22039,LA,Evangeline,.089174248
22041,LA,Franklin,.19635756
22043,LA,Grant,.044879276
22045,LA,Iberia,.16436554
22047,LA,Iberville,.12169521
22049,LA,Jackson,.18869111
22051,LA,Jefferson,.082427204
22053,LA,Jefferson Davis,.1911924
22055,LA,Lafayette,.087061428
22057,LA,Lafourche,.13195023
22059,LA,La Salle,.19952115
22061,LA,Lincoln,.063179173
22063,LA,Livingston,.07858827
22065,LA,Madison,.17415534
22067,LA,Morehouse,.15438055
22069,LA,Natchitoches,.1281887
22071,LA,Orleans,.13010967
22073,LA,Ouachita,.089219138
22075,LA,Plaquemines,.17144571
22077,LA,Pointe Coupee,.22599891
22079,LA,Rapides,.11374149
22081,LA,Red River,.11599582
22083,LA,Richland,.1466921
22085,LA,Sabine,.20774472
22087,LA,St. Bernard,.10922993
22089,LA,St. Charles,.09468621
22091,LA,St. Helena,.19206761
22093,LA,St. James,.14001027
22095,LA,St. John the Baptist,.11510129
22097,LA,St. Landry,.22691715
22099,LA,St. Martin,.18574241
22101,LA,St. Mary,.17288077
22103,LA,St. Tammany,.10301559
22105,LA,Tangipahoa,.11480441
22107,LA,Tensas,.42946103
22109,LA,Terrebonne,.11508805
22111,LA,Union,.22186723
22113,LA,Vermilion,.13312699
22115,LA,Vernon,.05831017
22117,LA,Washington,.15085232
22119,LA,Webster,.20126799
22121,LA,West Baton Rouge,.15440439
22123,LA,West Carroll,.269566
22125,LA,West Feliciana,.13068479
22127,LA,Winn,.20639835
23001,ME,Androscoggin,.21414472
23003,ME,Aroostook,.42501429
23005,ME,Cumberland,.1270875
23007,ME,Franklin,.33282301
23009,ME,Hancock,.25664529
23011,ME,Kennebec,.15641722
23013,ME,Knox,.15079923
23015,ME,Lincoln,.1471757
23017,ME,Oxford,.1223819
23019,ME,Penobscot,.15864412
23021,ME,Piscataquis,.35553449
23023,ME,Sagadahoc,.085372798
23025,ME,Somerset,.25709993
23027,ME,Waldo,.20286033
23029,ME,Washington,.4745484
23031,ME,York,.1282918
24001,MD,Allegany,.15266116
24003,MD,Anne Arundel,.10921934
24005,MD,Baltimore,.11464901
24009,MD,Calvert,.12084194
24011,MD,Caroline,.18272628
24013,MD,Carroll,.16157022
24015,MD,Cecil,.077997796
24017,MD,Charles,.13982815
24019,MD,Dorchester,.12398872
24021,MD,Frederick,.12539236
24023,MD,Garrett,.20428313
24025,MD,Harford,.11982697
24027,MD,Howard,.088714555
24029,MD,Kent,.2034381
24031,MD,Montgomery,.10189907
24033,MD,Prince George's,.13216747
24035,MD,Queen Anne's,.10188694
24037,MD,St. Mary's,.12534806
24039,MD,Somerset,.077408366
24041,MD,Talbot,.2424373
24043,MD,Washington,.15367654
24045,MD,Wicomico,.097908668
24047,MD,Worcester,.19446173
24510,MD,Baltimore,.3783395
25001,MA,Barnstable,.15929088
25003,MA,Berkshire,.16521643
25005,MA,Bristol,.16491948
25007,MA,Dukes,.17325017
25009,MA,Essex,.18068422
25011,MA,Franklin,.098970704
25013,MA,Hampden,.24136634
25015,MA,Hampshire,.099065073
25017,MA,Middlesex,.09528359
25019,MA,Nantucket,.17979144
25021,MA,Norfolk,.076001681
25023,MA,Plymouth,.11721841
25025,MA,Suffolk,.20924668
25027,MA,Worcester,.16207041
26001,MI,Alcona,.19312476
26003,MI,Alger,.4384042
26005,MI,Allegan,.14783251
26007,MI,Alpena,.13958682
26009,MI,Antrim,.13001083
26011,MI,Arenac,.13217023
26013,MI,Baraga,.23397286
26015,MI,Barry,.13380164
26017,MI,Bay,.14358327
26019,MI,Benzie,.28509521
26021,MI,Berrien,.21362957
26023,MI,Branch,.13796274
26025,MI,Calhoun,.20837985
26027,MI,Cass,.15598191
26029,MI,Charlevoix,.038165025
26031,MI,Cheboygan,.11788746
26033,MI,Chippewa,.34466302
26035,MI,Clare,.16456571
26037,MI,Clinton,.090184107
26041,MI,Delta,.27624309
26043,MI,Dickinson,.27464983
26045,MI,Eaton,.12824623
26047,MI,Emmet,.060838353
26049,MI,Genesee,.22743891
26051,MI,Gladwin,.15902676
26053,MI,Gogebic,.19554165
26055,MI,Grand Traverse,.18485695
26057,MI,Gratiot,.26866621
26059,MI,Hillsdale,.152962
26061,MI,Houghton,.16469038
26063,MI,Huron,.25412962
26065,MI,Ingham,.16210417
26067,MI,Ionia,.14026557
26069,MI,Iosco,.15825289
26071,MI,Iron,.26876903
26073,MI,Isabella,.042069245
26075,MI,Jackson,.17685588
26077,MI,Kalamazoo,.16837788
26079,MI,Kalkaska,.11576084
26081,MI,Kent,.18325059
26085,MI,Lake,.33732501
26087,MI,Lapeer,.11336326
26089,MI,Leelanau,.2323744
26091,MI,Lenawee,.13198103
26093,MI,Livingston,.11666013
26095,MI,Luce,.47333544
26097,MI,Mackinac,.46654847
26099,MI,Macomb,.15424655
26101,MI,Manistee,.20478375
26103,MI,Marquette,.10523151
26105,MI,Mason,.069391437
26107,MI,Mecosta,.11575413
26109,MI,Menominee,.25866529
26111,MI,Midland,.059963543
26113,MI,Missaukee,.19962737
26115,MI,Monroe,.14742641
26117,MI,Montcalm,.17469469
26119,MI,Montmorency,.21729682
26121,MI,Muskegon,.2308909
26123,MI,Newaygo,.14637615
26125,MI,Oakland,.1518632
26127,MI,Oceana,.15197569
26129,MI,Ogemaw,.047888134
26131,MI,Ontonagon,.50479555
26133,MI,Osceola,.17257744
26135,MI,Oscoda,.12112403
26137,MI,Otsego,.040923227
26139,MI,Ottawa,.091579288
26141,MI,Presque Isle,.23570082
26145,MI,Saginaw,.23373587
26147,MI,St. Clair,.23832819
26149,MI,St. Joseph,.18089427
26151,MI,Sanilac,.38666958
26153,MI,Schoolcraft,.25094104
26155,MI,Shiawassee,.14591937
26157,MI,Tuscola,.22523367
26159,MI,Van Buren,.2657313
26161,MI,Washtenaw,.13370152
26163,MI,Wayne,.27555332
26165,MI,Wexford,.090681016
27001,MN,Aitkin,.31731927
27003,MN,Anoka,.14423147
27005,MN,Becker,.29656869
27007,MN,Beltrami,.3911683
27009,MN,Benton,.17645577
27011,MN,Big Stone,.59976012
27013,MN,Blue Earth,.2260977
27015,MN,Brown,.19792573
27017,MN,Carlton,.28126231
27019,MN,Carver,.12950787
27021,MN,Cass,.34464931
27023,MN,Chippewa,.49838027
27025,MN,Chisago,.091595225
27027,MN,Clay,.1746503
27029,MN,Clearwater,.45300114
27031,MN,Cook,.75343758
27033,MN,Cottonwood,.43952179
27035,MN,Crow Wing,.18826778
27037,MN,Dakota,.1508144
27039,MN,Dodge,.14594989
27041,MN,Douglas,.24228066
27043,MN,Faribault,.21630976
27045,MN,Fillmore,.23921156
27047,MN,Freeborn,.098655
27049,MN,Goodhue,.23782755
27051,MN,Grant,.50564641
27053,MN,Hennepin,.21442299
27055,MN,Houston,.2139724
27057,MN,Hubbard,.2415459
27059,MN,Isanti,.1547309
27061,MN,Itasca,.28783986
27063,MN,Jackson,.20066218
27065,MN,Kanabec,.062881216
27067,MN,Kandiyohi,.25799793
27069,MN,Kittson,1.15848
27071,MN,Koochiching,.47585058
27073,MN,Lac qui Parle,.29686806
27075,MN,Lake,.19004181
27077,MN,Lake of the Woods,.52770448
27079,MN,Le Sueur,.18037517
27081,MN,Lincoln,.7012623
27083,MN,Lyon,.30769232
27085,MN,McLeod,.13979366
27087,MN,Mahnomen,.72859746
27089,MN,Marshall,.74698538
27091,MN,Martin,.25123104
27093,MN,Meeker,.17352073
27095,MN,Mille Lacs,.23453075
27097,MN,Morrison,.33427539
27099,MN,Mower,.17735438
27101,MN,Murray,.24073182
27103,MN,Nicollet,.059290882
27105,MN,Nobles,.2276556
27107,MN,Norman,.61265123
27109,MN,Olmsted,.15019231
27111,MN,Otter Tail,.24194245
27113,MN,Pennington,.21116351
27115,MN,Pine,.20792182
27117,MN,Pipestone,.54389209
27119,MN,Polk,.34680623
27121,MN,Pope,.18243182
27123,MN,Ramsey,.29338825
27125,MN,Red Lake,.50125313
27127,MN,Redwood,.46022353
27129,MN,Renville,.34237194
27131,MN,Rice,.16710976
27133,MN,Rock,.10657572
27135,MN,Roseau,.32146072
27137,MN,St. Louis,.19007127
27139,MN,Scott,.097669877
27141,MN,Sherburne,.075054146
27143,MN,Sibley,.26999661
27145,MN,Stearns,.21019644
27147,MN,Steele,.24548578
27149,MN,Stevens,.10220768
27151,MN,Swift,.31756112
27153,MN,Todd,.28701463
27155,MN,Traverse,.60186577
27157,MN,Wabasha,.18669778
27159,MN,Wadena,.36897647
27161,MN,Waseca,.15975292
27163,MN,Washington,.10686721
27165,MN,Watonwan,.27317429
27167,MN,Wilkin,.15817779
27169,MN,Winona,.098347761
27171,MN,Wright,.13601021
27173,MN,Yellow Medicine,.30349013
28047,MS,Harrison,.0049375161
28049,MS,Hinds,.0082565472
28067,MS,Jones,.014606643
28079,MS,Leake,.043869268
28099,MS,Neshoba,.067900188
28101,MS,Newton,.093166254
28153,MS,Wayne,.048897363
29001,MO,Adair,.079507053
29003,MO,Andrew,.11522729
29005,MO,Atchison,.37885964
29007,MO,Audrain,.15475085
29009,MO,Barry,.25523949
29011,MO,Barton,.1690903
29013,MO,Bates,.24457352
29015,MO,Benton,.15845349
29017,MO,Bollinger,.081900083
29019,MO,Boone,.10754697
29021,MO,Buchanan,.1121554
29023,MO,Butler,.23392907
29025,MO,Caldwell,.33149171
29027,MO,Callaway,.088788263
29029,MO,Camden,.2003428
29031,MO,Cape Girardeau,.10198748
29033,MO,Carroll,.11308379
29035,MO,Carter,.32226878
29037,MO,Cass,.087680839
29039,MO,Cedar,.14412338
29041,MO,Chariton,.26595744
29043,MO,Christian,.11882129
29045,MO,Clark,.29677993
29047,MO,Clay,.092197575
29049,MO,Clinton,.1948653
29051,MO,Cole,.13030504
29053,MO,Cooper,.11303267
29055,MO,Crawford,.16499609
29057,MO,Dade,.2629503
29059,MO,Dallas,.12216724
29061,MO,Daviess,.24310198
29063,MO,DeKalb,.15993603
29065,MO,Dent,.12969327
29067,MO,Douglas,.14977908
29069,MO,Dunklin,.26214036
29071,MO,Franklin,.1168156
29073,MO,Gasconade,.27116805
29075,MO,Gentry,.45262522
29077,MO,Greene,.11116399
29079,MO,Grundy,.19794141
29081,MO,Harrison,.23318176
29083,MO,Henry,.13887604
29085,MO,Hickory,.21378942
29087,MO,Holt,.44913542
29089,MO,Howard,.19924287
29091,MO,Howell,.17438963
29093,MO,Iron,.29606238
29095,MO,Jackson,.0823396
29097,MO,Jasper,.11745262
29099,MO,Jefferson,.071638048
29101,MO,Johnson,.093456194
29103,MO,Knox,.25425884
29105,MO,Laclede,.11292417
29107,MO,Lafayette,.18452454
29109,MO,Lawrence,.18348624
29111,MO,Lewis,.19847177
29113,MO,Lincoln,.072475582
29115,MO,Linn,.24730031
29117,MO,Livingston,.19832088
29119,MO,McDonald,.30785468
29121,MO,Macon,.19800673
29123,MO,Madison,.32741264
29125,MO,Maries,.11310938
29127,MO,Marion,.17427067
29129,MO,Mercer,.2731494
29131,MO,Miller,.16002561
29133,MO,Mississippi,.29158768
29135,MO,Moniteau,.18778168
29137,MO,Monroe,.23177657
29139,MO,Montgomery,.17456576
29141,MO,Morgan,.19916351
29143,MO,New Madrid,.28000224
29145,MO,Newton,.085904747
29147,MO,Nodaway,.089142449
29149,MO,Oregon,.27940765
29151,MO,Osage,.14716704
29153,MO,Ozark,.21784119
29155,MO,Pemiscot,.23430178
29157,MO,Perry,.15625814
29159,MO,Pettis,.11823405
29161,MO,Phelps,.089361511
29163,MO,Pike,.16220601
29165,MO,Platte,.070974477
29167,MO,Polk,.063702382
29169,MO,Pulaski,.11451911
29171,MO,Putnam,.4148517
29173,MO,Ralls,.19565643
29175,MO,Randolph,.12021157
29177,MO,Ray,.044014085
29179,MO,Reynolds,.15743072
29181,MO,Ripley,.14519057
29183,MO,St. Charles,.076805115
29185,MO,St. Clair,.32292789
29186,MO,Ste. Genevieve,.055894025
29187,MO,St. Francois,.1507159
29189,MO,St. Louis,.085168205
29195,MO,Saline,.17331022
29199,MO,Scotland,.20399837
29201,MO,Scott,.18059389
29203,MO,Shannon,.24313153
29205,MO,Shelby,.33085194
29207,MO,Stoddard,.27127841
29209,MO,Stone,.12706077
29211,MO,Sullivan,.31610557
29213,MO,Taney,.1465631
29215,MO,Texas,.15503275
29217,MO,Vernon,.096842922
29219,MO,Warren,.088691793
29221,MO,Washington,.12072921
29223,MO,Wayne,.075602934
29225,MO,Webster,.10501168
29227,MO,Worth,.49627793
29229,MO,Wright,.27382258
29510,MO,St. Louis,.067223877
30001,MT,Beaverhead,.21117094
30003,MT,Big Horn,.29744199
30005,MT,Blaine,.59639186
30007,MT,Broadwater,.17286085
30009,MT,Carbon,.38149738
30013,MT,Cascade,.13490973
30015,MT,Chouteau,.51921082
30017,MT,Custer,.2535497
30019,MT,Daniels,.57636887
30021,MT,Dawson,.21612276
30023,MT,Deer Lodge,.2207993
30027,MT,Fergus,.088237889
30029,MT,Flathead,.14317124
30031,MT,Gallatin,.10502397
30033,MT,Garfield,.77041602
30035,MT,Glacier,.21865889
30039,MT,Granite,.30404377
30041,MT,Hill,.18251505
30043,MT,Jefferson,.16980812
30045,MT,Judith Basin,.51572978
30047,MT,Lake,.2692515
30049,MT,Lewis and Clark,.14947236
30051,MT,Liberty,.41476566
30053,MT,Lincoln,.31163976
30055,MT,McCone,.57836902
30057,MT,Madison,.37160906
30059,MT,Meagher,1.0834236
30061,MT,Mineral,.24277738
30063,MT,Missoula,.12032453
30065,MT,Musselshell,.43001506
30067,MT,Park,.12403101
30069,MT,Petroleum,2.0325203
30071,MT,Phillips,.48638132
30073,MT,Pondera,.33156499
30075,MT,Powder River,.57306588
30077,MT,Powell,.29222676
30079,MT,Prairie,.85763294
30081,MT,Ravalli,.21477664
30083,MT,Richland,.52585453
30085,MT,Roosevelt,.26740351
30087,MT,Rosebud,.54077441
30089,MT,Sanders,.52351451
30091,MT,Sheridan,.2772387
30093,MT,Silver Bow,.1440341
30095,MT,Stillwater,.21317416
30097,MT,Sweet Grass,.27670172
30099,MT,Teton,.33206043
30101,MT,Toole,.20193861
30105,MT,Valley,.39793077
30107,MT,Wheatland,.47014573
30109,MT,Wibaux,.9606148
30111,MT,Yellowstone,.082329027
31001,NE,Adams,.15791301
31003,NE,Antelope,.47296232
31011,NE,Boone,.93773443
31013,NE,Box Butte,.17881091
31015,NE,Boyd,1.0126582
31017,NE,Brown,1.0067114
31019,NE,Buffalo,.22350909
31021,NE,Burt,.61208874
31023,NE,Butler,.25012505
31025,NE,Cass,.19508389
31027,NE,Cedar,.4652786
31029,NE,Chase,.76667517
31031,NE,Cherry,.51502144
31033,NE,Cheyenne,.29868579
31035,NE,Clay,.65178424
31037,NE,Colfax,.18611576
31039,NE,Cuming,.44662794
31041,NE,Custer,.46180844
31043,NE,Dakota,.14776869
31045,NE,Dawes,.33681375
31047,NE,Dawson,.16831475
31049,NE,Deuel,1.0746911
31053,NE,Dodge,.19096985
31055,NE,Douglas,.14945315
31057,NE,Dundy,.55248618
31059,NE,Fillmore,.17784101
31061,NE,Franklin,.33400133
31063,NE,Frontier,.37778616
31065,NE,Furnas,.83980685
31067,NE,Gage,.23139578
31069,NE,Garden,.52438384
31071,NE,Garfield,.50150454
31073,NE,Gosper,.49382716
31077,NE,Greeley,.83298624
31079,NE,Hall,.13012996
31081,NE,Hamilton,.10920607
31083,NE,Harlan,.28968713
31089,NE,Holt,.68426198
31091,NE,Hooker,1.4641289
31093,NE,Howard,.15607929
31095,NE,Jefferson,.27909574
31097,NE,Johnson,.19179133
31099,NE,Kearney,.15248552
31101,NE,Keith,.49431539
31103,NE,Keya Paha,1.2626263
31105,NE,Kimball,.27210885
31107,NE,Knox,.94295144
31109,NE,Lancaster,.12562814
31111,NE,Lincoln,.25351399
31119,NE,Madison,.1997945
31121,NE,Merrick,.25529742
31123,NE,Morrill,.61664951
31125,NE,Nance,.28066236
31127,NE,Nemaha,.28690287
31129,NE,Nuckolls,.2347969
31131,NE,Otoe,.12546264
31133,NE,Pawnee,.37064493
31135,NE,Perkins,.34506556
31137,NE,Phelps,.3265484
31139,NE,Pierce,.42005041
31141,NE,Platte,.15138671
31143,NE,Polk,.57659042
31145,NE,Red Willow,.37140206
31147,NE,Richardson,.25003126
31149,NE,Rock,.71225071
31151,NE,Saline,.21086666
31153,NE,Sarpy,.095236495
31155,NE,Saunders,.14290477
31157,NE,Scotts Bluff,.19226016
31159,NE,Seward,.23378141
31161,NE,Sheridan,.76467216
31163,NE,Sherman,.33211559
31167,NE,Stanton,.16747613
31169,NE,Thayer,.39377829
31171,NE,Thomas,1.3755158
31173,NE,Thurston,.70018202
31175,NE,Valley,.71428573
31177,NE,Washington,.14831661
31179,NE,Wayne,.2128792
31181,NE,Webster,.28034765
31185,NE,York,.29116321
32001,NV,Churchill,.12568603
32003,NV,Clark,.065403841
32005,NV,Douglas,.10449757
32007,NV,Elko,.19185388
32013,NV,Humboldt,.1786565
32015,NV,Lander,.3511236
32017,NV,Lincoln,.5820722
32019,NV,Lyon,.094829872
32021,NV,Mineral,.2283105
32023,NV,Nye,.092402227
32027,NV,Pershing,.15188335
32031,NV,Washoe,.075531721
32033,NV,White Pine,.10287008
32510,NV,Carson City,.11080946
33001,NH,Belknap,.16474465
33003,NH,Carroll,.21055734
33005,NH,Cheshire,.14483212
33007,NH,Coos,.2194151
33009,NH,Grafton,.21115334
33011,NH,Hillsborough,.11431351
33013,NH,Merrimack,.1340932
33015,NH,Rockingham,.11483768
33017,NH,Strafford,.1170275
33019,NH,Sullivan,.13923699
34001,NJ,Atlantic,.11575241
34003,NJ,Bergen,.062434133
34005,NJ,Burlington,.067248292
34007,NJ,Camden,.14593501
34009,NJ,Cape May,.16012126
34011,NJ,Cumberland,.22170781
34013,NJ,Essex,.15392049
34015,NJ,Gloucester,.065371394
34017,NJ,Hudson,.14052334
34019,NJ,Hunterdon,.064170435
34021,NJ,Mercer,.13857642
34023,NJ,Middlesex,.10049558
34025,NJ,Monmouth,.089846395
34027,NJ,Morris,.068819501
34029,NJ,Ocean,.096448332
34031,NJ,Passaic,.18259294
34033,NJ,Salem,.12660432
34035,NJ,Somerset,.072728157
34037,NJ,Sussex,.070456274
34039,NJ,Union,.11204623
34041,NJ,Warren,.10369825
35001,NM,Bernalillo,.084050342
35005,NM,Chaves,.10654977
35006,NM,Cibola,.22186887
35007,NM,Colfax,.32573289
35009,NM,Curry,.13915671
35011,NM,De Baca,.54555374
35013,NM,DoÃ±a Ana,.097789034
35015,NM,Eddy,.10404564
35017,NM,Grant,.14263809
35019,NM,Guadalupe,.22893773
35023,NM,Hidalgo,.46232086
35025,NM,Lea,.11387252
35027,NM,Lincoln,.25774524
35028,NM,Los Alamos,.10965513
35029,NM,Luna,.12305673
35031,NM,McKinley,.30093288
35035,NM,Otero,.10663579
35037,NM,Quay,.23837902
35039,NM,Rio Arriba,.10195499
35041,NM,Roosevelt,.10447683
35043,NM,Sandoval,.099664703
35045,NM,San Juan,.16409712
35047,NM,San Miguel,.10692137
35049,NM,Santa Fe,.087313958
35051,NM,Sierra,.26995412
35053,NM,Socorro,.23575175
35055,NM,Taos,.18203883
35057,NM,Torrance,.19336127
35059,NM,Union,.24073182
35061,NM,Valencia,.10570545
36001,NY,Albany,.11702446
36003,NY,Allegany,.17007165
36005,NY,Bronx,.45390478
36007,NY,Broome,.097764283
36009,NY,Cattaraugus,.15442425
36011,NY,Cayuga,.14163211
36013,NY,Chautauqua,.17781214
36015,NY,Chemung,.14006256
36017,NY,Chenango,.16557319
36019,NY,Clinton,.14902389
36021,NY,Columbia,.16425216
36023,NY,Cortland,.16694839
36025,NY,Delaware,.19803724
36027,NY,Dutchess,.095547162
36029,NY,Erie,.11649695
36031,NY,Essex,.2123424
36033,NY,Franklin,.13704799
36035,NY,Fulton,.13058726
36037,NY,Genesee,.086174212
36039,NY,Greene,.16833246
36041,NY,Hamilton,.21944262
36043,NY,Herkimer,.096083015
36045,NY,Jefferson,.2035128
36047,NY,Kings,.33279312
36049,NY,Lewis,.15008254
36051,NY,Livingston,.14075255
36053,NY,Madison,.11221613
36055,NY,Monroe,.094145365
36057,NY,Montgomery,.1625818
36059,NY,Nassau,.089939795
36061,NY,New York,.14728701
36063,NY,Niagara,.13236643
36065,NY,Oneida,.14326151
36067,NY,Onondaga,.15085134
36069,NY,Ontario,.1464303
36071,NY,Orange,.15342008
36073,NY,Orleans,.12137101
36075,NY,Oswego,.16823547
36077,NY,Otsego,.14970309
36079,NY,Putnam,.070841596
36081,NY,Queens,.23386423
36083,NY,Rensselaer,.10041799
36085,NY,Richmond,.17502646
36087,NY,Rockland,.14522308
36089,NY,St. Lawrence,.15537743
36091,NY,Saratoga,.083682746
36093,NY,Schenectady,.12299884
36095,NY,Schoharie,.12776695
36097,NY,Schuyler,.11143303
36099,NY,Seneca,.11517088
36101,NY,Steuben,.14448629
36103,NY,Suffolk,.099542372
36105,NY,Sullivan,.13337423
36107,NY,Tioga,.14337799
36109,NY,Tompkins,.10686044
36111,NY,Ulster,.094929643
36113,NY,Warren,.23281802
36115,NY,Washington,.097139247
36117,NY,Wayne,.12120678
36119,NY,Westchester,.18133935
36121,NY,Wyoming,.123744
36123,NY,Yates,.079926468
37001,NC,Alamance,.23691955
37003,NC,Alexander,.10769479
37005,NC,Alleghany,.2745744
37007,NC,Anson,.35739815
37009,NC,Ashe,.26304913
37011,NC,Avery,.40176779
37013,NC,Beaufort,.18999366
37015,NC,Bertie,.15438452
37017,NC,Bladen,.17802042
37019,NC,Brunswick,.21377334
37021,NC,Buncombe,.17255715
37023,NC,Burke,.2236186
37025,NC,Cabarrus,.22832184
37027,NC,Caldwell,.18344809
37029,NC,Camden,.096135356
37031,NC,Carteret,.20345584
37033,NC,Caswell,.21963541
37035,NC,Catawba,.26202938
37037,NC,Chatham,.22973323
37039,NC,Cherokee,.25175327
37041,NC,Chowan,.35208789
37043,NC,Clay,.18616773
37045,NC,Cleveland,.25768679
37047,NC,Columbus,.33760372
37049,NC,Craven,.17516543
37051,NC,Cumberland,.1830183
37053,NC,Currituck,.11694083
37055,NC,Dare,.33552355
37057,NC,Davidson,.18248841
37059,NC,Davie,.16693297
37061,NC,Duplin,.20249747
37063,NC,Durham,.18199249
37065,NC,Edgecombe,.31908703
37067,NC,Forsyth,.25865066
37069,NC,Franklin,.15480834
37071,NC,Gaston,.18457335
37073,NC,Gates,.17290568
37075,NC,Graham,.234055
37077,NC,Granville,.27257705
37079,NC,Greene,.23719165
37081,NC,Guilford,.20188361
37083,NC,Halifax,.46322209
37085,NC,Harnett,.16841331
37087,NC,Haywood,.14903377
37089,NC,Henderson,.14948604
37091,NC,Hertford,.37165511
37093,NC,Hoke,.16989787
37095,NC,Hyde,.18382353
37097,NC,Iredell,.20283741
37099,NC,Jackson,.2114016
37101,NC,Johnston,.17813358
37103,NC,Jones,.41657987
37105,NC,Lee,.23436062
37107,NC,Lenoir,.22702268
37109,NC,Lincoln,.16026036
37111,NC,McDowell,.20052582
37113,NC,Macon,.17522852
37115,NC,Madison,.14045602
37117,NC,Martin,.25949311
37119,NC,Mecklenburg,.20063123
37121,NC,Mitchell,.33353347
37123,NC,Montgomery,.36596525
37125,NC,Moore,.20966119
37127,NC,Nash,.25540608
37129,NC,New Hanover,.20908496
37131,NC,Northampton,.29787022
37133,NC,Onslow,.13528702
37135,NC,Orange,.10490171
37137,NC,Pamlico,.469888
37139,NC,Pasquotank,.1775253
37141,NC,Pender,.25507167
37143,NC,Perquimans,.074582338
37145,NC,Person,.17813064
37147,NC,Pitt,.20876591
37149,NC,Polk,.19619384
37151,NC,Randolph,.25149149
37153,NC,Richmond,.26654229
37155,NC,Robeson,.26989743
37157,NC,Rockingham,.20800263
37159,NC,Rowan,.12903689
37161,NC,Rutherford,.18096545
37163,NC,Sampson,.18950461
37165,NC,Scotland,.16982253
37167,NC,Stanly,.26319253
37169,NC,Stokes,.23971932
37171,NC,Surry,.30570841
37173,NC,Swain,.35228634
37175,NC,Transylvania,.14967372
37177,NC,Tyrrell,.24844721
37179,NC,Union,.19877818
37181,NC,Vance,.22471911
37183,NC,Wake,.17169331
37185,NC,Warren,.1508144
37187,NC,Washington,.4124732
37189,NC,Watauga,.16637397
37191,NC,Wayne,.20892259
37193,NC,Wilkes,.18963154
37195,NC,Wilson,.23350129
37197,NC,Yadkin,.21241006
37199,NC,Yancey,.1702804
38001,ND,Adams,.42662117
38003,ND,Barnes,.18355359
38005,ND,Benson,.58522314
38009,ND,Bottineau,.456135
38011,ND,Bowman,.9308098
38013,ND,Burke,.4492363
38015,ND,Burleigh,.10574625
38017,ND,Cass,.097549222
38019,ND,Cavalier,.26150629
38021,ND,Dickey,.40257648
38023,ND,Divide,.41911149
38025,ND,Dunn,.22872826
38027,ND,Eddy,.43687201
38029,ND,Emmons,1.1976048
38031,ND,Foster,.30193236
38033,ND,Golden Valley,1.077006
38035,ND,Grand Forks,.15599518
38037,ND,Grant,.83998322
38039,ND,Griggs,1.329198
38041,ND,Hettinger,1.155624
38043,ND,Kidder,.40387723
38045,ND,LaMoure,.73010463
38047,ND,Logan,.51759833
38049,ND,McHenry,.50268096
38051,ND,McIntosh,1.1520737
38053,ND,McKenzie,.31831926
38055,ND,McLean,.31117105
38057,ND,Mercer,.23204549
38059,ND,Morton,.13026346
38061,ND,Mountrail,.4892368
38063,ND,Nelson,2.0826101
38067,ND,Pembina,.70921987
38069,ND,Pierce,.23713541
38071,ND,Ramsey,.34734282
38073,ND,Ransom,.37202382
38077,ND,Richland,.30693677
38079,ND,Rolette,.47593147
38081,ND,Sargent,.77160496
38083,ND,Sheridan,.74515647
38085,ND,Sioux,.67385447
38089,ND,Stark,.2266766
38091,ND,Steele,1.0460252
38093,ND,Stutsman,.18978032
38095,ND,Towner,.44345897
38097,ND,Traill,.37471896
38099,ND,Walsh,.37026751
38101,ND,Ward,.18716885
38103,ND,Wells,.7387343
38105,ND,Williams,.14634432
39001,OH,Adams,.32341528
39003,OH,Allen,.13518603
39005,OH,Ashland,.14951594
39007,OH,Ashtabula,.17327842
39009,OH,Athens,.13539943
39011,OH,Auglaize,.15283842
39013,OH,Belmont,.1458066
39015,OH,Brown,.22916332
39017,OH,Butler,.06341774
39019,OH,Carroll,.1448226
39021,OH,Champaign,.10330845
39023,OH,Clark,.1187816
39025,OH,Clermont,.073872335
39027,OH,Clinton,.16725205
39029,OH,Columbiana,.10592201
39031,OH,Coshocton,.13655233
39033,OH,Crawford,.14255168
39035,OH,Cuyahoga,.13152839
39037,OH,Darke,.15499671
39039,OH,Defiance,.15724918
39041,OH,Delaware,.091406286
39043,OH,Erie,.15995094
39045,OH,Fairfield,.091709465
39047,OH,Fayette,.20936562
39049,OH,Franklin,.10356352
39051,OH,Fulton,.11822567
39053,OH,Gallia,.16578799
39055,OH,Geauga,.1384422
39057,OH,Greene,.10283399
39059,OH,Guernsey,.12754777
39061,OH,Hamilton,.076394945
39063,OH,Hancock,.11882443
39065,OH,Hardin,.15912925
39067,OH,Harrison,.19679874
39069,OH,Henry,.1466921
39071,OH,Highland,.27903733
39073,OH,Hocking,.14090461
39075,OH,Holmes,.13683011
39077,OH,Huron,.17125927
39079,OH,Jackson,.18449616
39081,OH,Jefferson,.074692637
39083,OH,Knox,.11494819
39085,OH,Lake,.14371383
39087,OH,Lawrence,.14831661
39089,OH,Licking,.081398658
39091,OH,Logan,.15501817
39093,OH,Lorain,.13371643
39095,OH,Lucas,.099356949
39097,OH,Madison,.069173835
39099,OH,Mahoning,.11285947
39101,OH,Marion,.10711061
39103,OH,Medina,.1356691
39105,OH,Meigs,.12955046
39107,OH,Mercer,.19649744
39109,OH,Miami,.10517559
39111,OH,Monroe,.070967287
39113,OH,Montgomery,.094009168
39115,OH,Morgan,.2035002
39117,OH,Morrow,.11451147
39119,OH,Muskingum,.12794715
39121,OH,Noble,.13843705
39123,OH,Ottawa,.098799586
39125,OH,Paulding,.15926948
39127,OH,Perry,.19443904
39129,OH,Pickaway,.15636945
39131,OH,Pike,.31890014
39133,OH,Portage,.10455426
39135,OH,Preble,.12154508
39137,OH,Putnam,.058833912
39139,OH,Richland,.15666227
39141,OH,Ross,.14311363
39143,OH,Sandusky,.20237112
39145,OH,Scioto,.26207167
39147,OH,Seneca,.10821144
39149,OH,Shelby,.082103491
39151,OH,Stark,.12585387
39153,OH,Summit,.12197489
39155,OH,Trumbull,.13385619
39157,OH,Tuscarawas,.12958963
39159,OH,Union,.12598991
39161,OH,Van Wert,.14195976
39163,OH,Vinton,.15359804
39165,OH,Warren,.083854854
39167,OH,Washington,.16507916
39169,OH,Wayne,.11142538
39171,OH,Williams,.18951701
39173,OH,Wood,.069333166
39175,OH,Wyandot,.18120046
40001,OK,Adair,.2256725
40003,OK,Alfalfa,.1690903
40005,OK,Atoka,.21596718
40007,OK,Beaver,.18429783
40009,OK,Beckham,.22288592
40011,OK,Blaine,.41714466
40013,OK,Bryan,.10963229
40015,OK,Caddo,.23667039
40017,OK,Canadian,.073294438
40019,OK,Carter,.14456537
40021,OK,Cherokee,.081989057
40023,OK,Choctaw,.13447186
40025,OK,Cimarron,.46168053
40027,OK,Cleveland,.086293064
40029,OK,Coal,.17739932
40031,OK,Comanche,.098548062
40033,OK,Cotton,.16894746
40035,OK,Craig,.13823611
40037,OK,Creek,.11246696
40039,OK,Custer,.17148541
40041,OK,Delaware,.14316392
40043,OK,Dewey,.20470829
40045,OK,Ellis,.48935649
40047,OK,Garfield,.16013835
40049,OK,Garvin,.25063553
40051,OK,Grady,.10962909
40053,OK,Grant,.22517452
40055,OK,Greer,.16801076
40057,OK,Harmon,.37091988
40059,OK,Harper,.52110475
40061,OK,Haskell,.15810277
40063,OK,Hughes,.22369696
40065,OK,Jackson,.11780413
40067,OK,Jefferson,.479693
40069,OK,Johnston,.090000898
40071,OK,Kay,.17794782
40073,OK,Kingfisher,.32106853
40075,OK,Kiowa,.33259425
40077,OK,Latimer,.094966762
40079,OK,Le Flore,.24027872
40081,OK,Lincoln,.20073411
40083,OK,Logan,.065147996
40085,OK,Love,.10026067
40087,OK,McClain,.10359742
40089,OK,McCurtain,.15166682
40091,OK,McIntosh,.25294682
40093,OK,Major,.25863183
40095,OK,Marshall,.18462674
40097,OK,Mayes,.1706443
40099,OK,Murray,.21573421
40101,OK,Muskogee,.14487295
40103,OK,Noble,.17554639
40105,OK,Nowata,.096116878
40107,OK,Okfuskee,.16541229
40109,OK,Oklahoma,.085314125
40111,OK,Okmulgee,.1279165
40113,OK,Osage,.12664105
40115,OK,Ottawa,.095002852
40117,OK,Pawnee,.18195051
40119,OK,Payne,.12225088
40121,OK,Pittsburg,.11276245
40123,OK,Pontotoc,.12978585
40125,OK,Pottawatomie,.11104788
40127,OK,Pushmataha,.45248869
40129,OK,Roger Mills,.27210885
40131,OK,Rogers,.087846443
40133,OK,Seminole,.23869197
40135,OK,Sequoyah,.14474224
40137,OK,Stephens,.11354089
40139,OK,Texas,.18938497
40141,OK,Tillman,.26546323
40143,OK,Tulsa,.095916435
40145,OK,Wagoner,.038607057
40147,OK,Washington,.11530479
40149,OK,Washita,.1739433
40151,OK,Woods,.32797638
40153,OK,Woodward,.19074869
41001,OR,Baker,.31345996
41003,OR,Benton,.1114293
41005,OR,Clackamas,.12537058
41007,OR,Clatsop,.18094401
41009,OR,Columbia,.13744356
41011,OR,Coos,.20521887
41013,OR,Crook,.13445076
41015,OR,Curry,.22113131
41017,OR,Deschutes,.14392552
41019,OR,Douglas,.17567542
41021,OR,Gilliam,1.6155089
41023,OR,Grant,.27897894
41025,OR,Harney,.27597627
41027,OR,Hood River,.25970653
41029,OR,Jackson,.13995606
41031,OR,Jefferson,.13008976
41033,OR,Josephine,.15206635
41035,OR,Klamath,.12090436
41037,OR,Lake,.3825067
41039,OR,Lane,.13818854
41041,OR,Lincoln,.31355169
41043,OR,Linn,.13036747
41045,OR,Malheur,.16465242
41047,OR,Marion,.11613502
41049,OR,Morrow,.44527563
41051,OR,Multnomah,.10824382
41053,OR,Polk,.11047282
41057,OR,Tillamook,.26790157
41059,OR,Umatilla,.15650676
41061,OR,Union,.26856968
41063,OR,Wallowa,.43402779
41065,OR,Wasco,.19397889
41067,OR,Washington,.11285234
41069,OR,Wheeler,1.5151515
41071,OR,Yamhill,.14386557
42001,PA,Adams,.088398226
42003,PA,Allegheny,.079891741
42005,PA,Armstrong,.13574865
42007,PA,Beaver,.089943156
42009,PA,Bedford,.12348474
42011,PA,Berks,.26939395
42013,PA,Blair,.13745148
42015,PA,Bradford,.11457004
42017,PA,Bucks,.083077043
42019,PA,Butler,.096645333
42021,PA,Cambria,.11903345
42023,PA,Cameron,.21231422
42025,PA,Carbon,.11019804
42027,PA,Centre,.080216214
42029,PA,Chester,.061917946
42031,PA,Clarion,.12956388
42033,PA,Clearfield,.16213924
42035,PA,Clinton,.10257462
42037,PA,Columbia,.12090802
42039,PA,Crawford,.13904016
42041,PA,Cumberland,.1050781
42043,PA,Dauphin,.13125944
42045,PA,Delaware,.13132443
42047,PA,Elk,.13113034
42049,PA,Erie,.13029835
42051,PA,Fayette,.12843274
42053,PA,Forest,.13653742
42055,PA,Franklin,.10406301
42057,PA,Fulton,.069003589
42059,PA,Greene,.16124265
42061,PA,Huntingdon,.1102706
42063,PA,Indiana,.093896717
42065,PA,Jefferson,.13624907
42067,PA,Juniata,.081446491
42069,PA,Lackawanna,.12318013
42071,PA,Lancaster,.10965136
42073,PA,Lawrence,.057252783
42075,PA,Lebanon,.15165192
42077,PA,Lehigh,.27886608
42079,PA,Luzerne,.14194778
42081,PA,Lycoming,.11321971
42083,PA,McKean,.23990595
42085,PA,Mercer,.12432951
42087,PA,Mifflin,.086335286
42089,PA,Monroe,.10215057
42091,PA,Montgomery,.07926017
42093,PA,Montour,.10962508
42095,PA,Northampton,.11945687
42097,PA,Northumberland,.13004605
42099,PA,Perry,.13060798
42101,PA,Philadelphia,.4821142
42103,PA,Pike,.090869442
42105,PA,Potter,.35394055
42107,PA,Schuylkill,.13238481
42109,PA,Snyder,.17304459
42111,PA,Somerset,.10682049
42113,PA,Sullivan,.16315876
42115,PA,Susquehanna,.12117393
42117,PA,Tioga,.16969286
42119,PA,Union,.087885045
42121,PA,Venango,.13338415
42123,PA,Warren,.17492566
42125,PA,Washington,.067496553
42127,PA,Wayne,.11688615
42129,PA,Westmoreland,.10709836
42131,PA,Wyoming,.18154092
42133,PA,York,.10590905
44001,RI,Bristol,.081861533
44003,RI,Kent,.085547902
44005,RI,Newport,.084137648
44007,RI,Providence,.26761961
44009,RI,Washington,.095145971
45001,SC,Abbeville,.12178785
45003,SC,Aiken,.11370233
45005,SC,Allendale,.11052166
45007,SC,Anderson,.12265361
45009,SC,Bamberg,.2071251
45011,SC,Barnwell,.23136365
45013,SC,Beaufort,.12007619
45015,SC,Berkeley,.095924184
45017,SC,Calhoun,.0678242
45019,SC,Charleston,.15121539
45021,SC,Cherokee,.10585184
45023,SC,Chester,.21692646
45025,SC,Chesterfield,.15175493
45027,SC,Clarendon,.1460835
45029,SC,Colleton,.15959145
45031,SC,Darlington,.16354689
45033,SC,Dillon,.16263865
45035,SC,Dorchester,.11523762
45037,SC,Edgefield,.075162537
45039,SC,Fairfield,.08832752
45041,SC,Florence,.18037517
45043,SC,Georgetown,.2597234
45045,SC,Greenville,.1242612
45047,SC,Greenwood,.15651679
45049,SC,Hampton,.20209165
45051,SC,Horry,.19307905
45053,SC,Jasper,.17838667
45055,SC,Kershaw,.10889348
45057,SC,Lancaster,.13339707
45059,SC,Laurens,.10501681
45061,SC,Lee,.11431838
45063,SC,Lexington,.15706642
45065,SC,McCormick,.10440593
45067,SC,Marion,.22040996
45069,SC,Marlboro,.14835694
45071,SC,Newberry,.13176273
45073,SC,Oconee,.10448229
45075,SC,Orangeburg,.19219682
45077,SC,Pickens,.12190959
45079,SC,Richland,.11738438
45081,SC,Saluda,.049380276
45083,SC,Spartanburg,.10638262
45085,SC,Sumter,.12135356
45087,SC,Union,.10846771
45089,SC,Williamsburg,.12533292
45091,SC,York,.12797989
46003,SD,Aurora,1.0901163
46005,SD,Beadle,.16474465
46007,SD,Bennett,.29078221
46009,SD,Bon Homme,.57553959
46011,SD,Brookings,.087591238
46013,SD,Brown,.12849838
46015,SD,Brule,.38372985
46017,SD,Buffalo,.49261084
46019,SD,Butte,.2965599
46023,SD,Charles Mix,.42744178
46025,SD,Clark,.54945058
46027,SD,Clay,.14370914
46029,SD,Codington,.10702436
46031,SD,Corson,.48590866
46033,SD,Custer,.34887779
46035,SD,Davison,.15004501
46037,SD,Day,.18138944
46039,SD,Deuel,.46992481
46041,SD,Dewey,.34608063
46043,SD,Douglas,1.0305737
46045,SD,Edmunds,.25393602
46047,SD,Fall River,.44280443
46049,SD,Faulk,.43159258
46051,SD,Grant,.27704668
46053,SD,Gregory,1.4430014
46055,SD,Haakon,.53050399
46057,SD,Hamlin,1.0136847
46059,SD,Hand,.30534351
46061,SD,Hanson,.29542097
46065,SD,Hughes,.1136945
46067,SD,Hutchinson,1.0922993
46069,SD,Hyde,.75018758
46071,SD,Jackson,.60845757
46073,SD,Jerauld,.49751243
46075,SD,Jones,1.0741138
46077,SD,Kingsbury,.60350031
46079,SD,Lake,.079377681
46081,SD,Lawrence,.1582842
46083,SD,Lincoln,.091645591
46085,SD,Lyman,1.0253781
46087,SD,McCook,.54754519
46089,SD,McPherson,.82747209
46091,SD,Marshall,.62227756
46093,SD,Meade,.14623624
46095,SD,Mellette,.48169556
46097,SD,Miner,.44822949
46099,SD,Minnehaha,.15011634
46101,SD,Moody,.1533037
46103,SD,Pennington,.15604204
46105,SD,Perkins,1.0148849
46107,SD,Potter,.88809949
46109,SD,Roberts,.29440629
46115,SD,Spink,.15401201
46117,SD,Stanley,.33189511
46119,SD,Sully,.70721358
46121,SD,Todd,.58668232
46123,SD,Tripp,.3644315
46125,SD,Turner,.48420289
46127,SD,Union,.26463777
46129,SD,Walworth,.54605025
46135,SD,Yankton,.088272937
46137,SD,Ziebach,.34806821
47001,TN,Anderson,.15876587
47003,TN,Bedford,.12657693
47005,TN,Benton,.24909702
47007,TN,Bledsoe,.068422854
47009,TN,Blount,.085763961
47011,TN,Bradley,.1055328
47013,TN,Campbell,.17653586
47015,TN,Cannon,.14391595
47017,TN,Carroll,.21506147
47019,TN,Carter,.10624547
47021,TN,Cheatham,.12583365
47023,TN,Chester,.17521317
47025,TN,Claiborne,.18989144
47027,TN,Clay,.26028112
47029,TN,Cocke,.14224751
47031,TN,Coffee,.20220961
47033,TN,Crockett,.20749758
47035,TN,Cumberland,.10255358
47037,TN,Davidson,.13819589
47039,TN,Decatur,.34167591
47041,TN,DeKalb,.20554985
47043,TN,Dickson,.15411882
47045,TN,Dyer,.10646793
47047,TN,Fayette,.12621482
47049,TN,Fentress,.27873787
47051,TN,Franklin,.12050226
47053,TN,Gibson,.26464182
47055,TN,Giles,.1714913
47057,TN,Grainger,.259864
47059,TN,Greene,.16055816
47061,TN,Grundy,.22617611
47063,TN,Hamblen,.1727794
47065,TN,Hamilton,.16207546
47067,TN,Hancock,.15179114
47069,TN,Hardeman,.19625545
47071,TN,Hardin,.23310024
47073,TN,Hawkins,.14187165
47075,TN,Haywood,.16847308
47077,TN,Henderson,.14406627
47079,TN,Henry,.15506279
47081,TN,Hickman,.1216545
47083,TN,Houston,.24691358
47085,TN,Humphreys,.27222738
47087,TN,Jackson,.17250302
47089,TN,Jefferson,.094122961
47091,TN,Johnson,.16890942
47093,TN,Knox,.10314935
47095,TN,Lake,.26609898
47097,TN,Lauderdale,.15822785
47099,TN,Lawrence,.16293089
47101,TN,Lewis,.25224921
47103,TN,Lincoln,.11920727
47105,TN,Loudon,.11684973
47107,TN,McMinn,.094948731
47109,TN,McNairy,.11626555
47111,TN,Macon,.17159282
47113,TN,Madison,.12303276
47115,TN,Marion,.24690486
47117,TN,Marshall,.1878287
47119,TN,Maury,.14517678
47121,TN,Meigs,.25094104
47123,TN,Monroe,.19616818
47125,TN,Montgomery,.087386526
47127,TN,Moore,.15913431
47129,TN,Morgan,.23022377
47131,TN,Obion,.16374116
47133,TN,Overton,.13663068
47135,TN,Perry,.3812913
47137,TN,Pickett,.19650225
47139,TN,Polk,.23822285
47141,TN,Putnam,.14478828
47143,TN,Rhea,.18504241
47145,TN,Roane,.13242026
47147,TN,Robertson,.13008788
47149,TN,Rutherford,.10409144
47151,TN,Scott,.27436095
47153,TN,Sequatchie,.067810401
47155,TN,Sevier,.12452008
47157,TN,Shelby,.090738386
47159,TN,Smith,.15428925
47161,TN,Stewart,.15195259
47163,TN,Sullivan,.10880835
47165,TN,Sumner,.10606052
47167,TN,Tipton,.098023199
47169,TN,Trousdale,.20090407
47171,TN,Unicoi,.16975047
47173,TN,Union,.10403121
47175,TN,Van Buren,.35093877
47177,TN,Warren,.12363079
47179,TN,Washington,.11793751
47181,TN,Wayne,.36012244
47183,TN,Weakley,.14889815
47185,TN,White,.15123445
47187,TN,Williamson,.086833328
47189,TN,Wilson,.098166548
48001,TX,Anderson,.069504775
48003,TX,Andrews,.056164
48005,TX,Angelina,.10255358
48007,TX,Aransas,.079393432
48009,TX,Archer,.22779043
48011,TX,Armstrong,.5425936
48013,TX,Atascosa,.10266308
48015,TX,Austin,.10122824
48017,TX,Bailey,.27835768
48019,TX,Bandera,.046072334
48021,TX,Bastrop,.072440147
48023,TX,Baylor,.2748763
48025,TX,Bee,.091438323
48027,TX,Bell,.061528545
48029,TX,Bexar,.057008702
48031,TX,Blanco,.17663163
48035,TX,Bosque,.22204952
48037,TX,Bowie,.17022364
48039,TX,Brazoria,.079145677
48041,TX,Brazos,.054506805
48043,TX,Brewster,.21746221
48047,TX,Brooks,.1388889
48049,TX,Brown,.13132322
48051,TX,Burleson,.11201344
48053,TX,Burnet,.065427899
48055,TX,Caldwell,.072870366
48057,TX,Calhoun,.09100423
48059,TX,Callahan,.21756473
48061,TX,Cameron,.099493764
48063,TX,Camp,.07821054
48065,TX,Carson,.32813781
48067,TX,Cass,.13300967
48069,TX,Castro,.25697032
48071,TX,Chambers,.12423286
48073,TX,Cherokee,.096290879
48075,TX,Childress,.2779322
48077,TX,Clay,.097570494
48083,TX,Coleman,.11887779
48085,TX,Collin,.067816794
48087,TX,Collingsworth,.33189511
48089,TX,Colorado,.19020447
48091,TX,Comal,.081878133
48093,TX,Comanche,.14780873
48095,TX,Concho,.23272051
48097,TX,Cooke,.076229192
48099,TX,Coryell,.066774398
48101,TX,Cottle,.71326679
48103,TX,Crane,.2090738
48105,TX,Crockett,.27419797
48107,TX,Crosby,.50744247
48109,TX,Culberson,.44964027
48113,TX,Dallas,.083691888
48115,TX,Dawson,.15386982
48117,TX,Deaf Smith,.15878056
48121,TX,Denton,.058176741
48123,TX,DeWitt,.096964993
48125,TX,Dickens,.45433894
48127,TX,Dimmit,.093266182
48129,TX,Donley,.29507229
48131,TX,Duval,.08749672
48133,TX,Eastland,.21904606
48135,TX,Ector,.088717088
48137,TX,Edwards,.52301258
48139,TX,Ellis,.089038208
48141,TX,El Paso,.091883905
48143,TX,Erath,.072505802
48145,TX,Falls,.11553348
48147,TX,Fannin,.088446006
48149,TX,Fayette,.1197557
48151,TX,Fisher,.25680533
48153,TX,Floyd,.3411223
48155,TX,Foard,.83263946
48157,TX,Fort Bend,.045741778
48159,TX,Franklin,.093694367
48161,TX,Freestone,.10171388
48163,TX,Frio,.10323647
48165,TX,Gaines,.14648438
48167,TX,Galveston,.085152455
48169,TX,Garza,.15375154
48171,TX,Gillespie,.076164365
48175,TX,Goliad,.13322675
48177,TX,Gonzales,.14411299
48179,TX,Gray,.13203645
48181,TX,Grayson,.10130055
48183,TX,Gregg,.12140735
48185,TX,Grimes,.072714053
48187,TX,Guadalupe,.064667158
48189,TX,Hale,.14635716
48191,TX,Hall,.32102728
48193,TX,Hamilton,.24298385
48195,TX,Hansford,.17921147
48197,TX,Hardeman,.25195262
48199,TX,Hardin,.12442233
48201,TX,Harris,.071934849
48203,TX,Harrison,.10504202
48205,TX,Hartley,.17430712
48207,TX,Haskell,.86266392
48209,TX,Hays,.053827107
48211,TX,Hemphill,.24402148
48213,TX,Henderson,.12479876
48215,TX,Hidalgo,.10460767
48217,TX,Hill,.1421545
48219,TX,Hockley,.13016313
48221,TX,Hood,.088178754
48223,TX,Hopkins,.082845464
48225,TX,Houston,.13091861
48227,TX,Howard,.054359645
48231,TX,Hunt,.097886734
48233,TX,Hutchinson,.23188944
48237,TX,Jack,.11390819
48239,TX,Jackson,.13446282
48241,TX,Jasper,.1129433
48243,TX,Jeff Davis,.44802868
48245,TX,Jefferson,.078030206
48247,TX,Jim Hogg,.18957347
48249,TX,Jim Wells,.14569826
48251,TX,Johnson,.10442709
48253,TX,Jones,.15023287
48255,TX,Karnes,.12939958
48257,TX,Kaufman,.084724225
48259,TX,Kendall,.071566589
48265,TX,Kerr,.058383934
48267,TX,Kimble,.22650057
48271,TX,Kinney,.27247956
48273,TX,Kleberg,.063599072
48275,TX,Knox,.53576213
48277,TX,Lamar,.080749355
48279,TX,Lamb,.37864447
48281,TX,Lampasas,.097276263
48283,TX,La Salle,.13138878
48285,TX,Lavaca,.10062893
48287,TX,Lee,.11781339
48289,TX,Leon,.23255815
48291,TX,Liberty,.085875876
48293,TX,Limestone,.12751307
48295,TX,Lipscomb,.57159185
48297,TX,Live Oak,.16626486
48299,TX,Llano,.097059108
48303,TX,Lubbock,.066196889
48305,TX,Lynn,.17316018
48307,TX,McCulloch,.24609327
48309,TX,McLennan,.060569596
48313,TX,Madison,.070811503
48315,TX,Marion,.098775186
48317,TX,Martin,.17736787
48319,TX,Mason,.2399808
48321,TX,Matagorda,.080914877
48323,TX,Maverick,.15481474
48325,TX,Medina,.10146104
48327,TX,Menard,.47778308
48329,TX,Midland,.054924265
48331,TX,Milam,.16200235
48333,TX,Mills,.20449898
48335,TX,Mitchell,.11796626
48337,TX,Montague,.15467107
48339,TX,Montgomery,.070181377
48341,TX,Moore,.18340211
48343,TX,Morris,.40238211
48345,TX,Motley,.85543197
48347,TX,Nacogdoches,.10655625
48349,TX,Navarro,.10326951
48351,TX,Newton,.14125292
48353,TX,Nolan,.13320014
48355,TX,Nueces,.0552813
48357,TX,Ochiltree,.19436346
48361,TX,Orange,.094637595
48363,TX,Palo Pinto,.10662496
48365,TX,Panola,.17079419
48367,TX,Parker,.054232456
48369,TX,Parmer,.30565462
48371,TX,Pecos,.18929833
48373,TX,Polk,.10487017
48375,TX,Potter,.074488513
48377,TX,Presidio,.27746949
48379,TX,Rains,.088448614
48381,TX,Randall,.075476825
48383,TX,Reagan,.26867276
48385,TX,Real,.29437739
48387,TX,Red River,.082034454
48389,TX,Reeves,.06612882
48391,TX,Refugio,.1375705
48395,TX,Robertson,.17842275
48397,TX,Rockwall,.074920796
48399,TX,Runnels,.29151687
48401,TX,Rusk,.094407313
48403,TX,Sabine,.19264111
48405,TX,San Augustine,.12072921
48407,TX,San Jacinto,.072139665
48409,TX,San Patricio,.11883188
48411,TX,San Saba,.16852039
48413,TX,Schleicher,.3271181
48415,TX,Scurry,.11506817
48417,TX,Shackelford,.29931158
48419,TX,Shelby,.19512957
48421,TX,Sherman,.32722512
48423,TX,Smith,.097628511
48425,TX,Somervell,.23062731
48427,TX,Starr,.15618899
48429,TX,Stephens,.21310602
48433,TX,Stonewall,.71225071
48435,TX,Sutton,.25740024
48437,TX,Swisher,.13444474
48439,TX,Tarrant,.07308913
48441,TX,Taylor,.095405839
48445,TX,Terry,.078253381
48449,TX,Titus,.1227634
48451,TX,Tom Green,.093517534
48453,TX,Travis,.053051144
48455,TX,Trinity,.20615722
48457,TX,Tyler,.093318403
48459,TX,Upshur,.14702639
48461,TX,Upton,.27034333
48463,TX,Uvalde,.073833428
48465,TX,Val Verde,.081627652
48467,TX,Van Zandt,.12872852
48469,TX,Victoria,.054068666
48471,TX,Walker,.069553606
48473,TX,Waller,.059917316
48475,TX,Ward,.086355783
48477,TX,Washington,.08636573
48479,TX,Webb,.15044767
48481,TX,Wharton,.11999616
48483,TX,Wheeler,.36172906
48485,TX,Wichita,.091294326
48487,TX,Wilbarger,.23248605
48489,TX,Willacy,.091688439
48491,TX,Williamson,.043604046
48493,TX,Wilson,.082978942
48495,TX,Winkler,.12696801
48497,TX,Wise,.10858437
48499,TX,Wood,.1142596
48501,TX,Yoakum,.23118715
48503,TX,Young,.16570008
48505,TX,Zapata,.06917543
48507,TX,Zavala,.082460627
49001,UT,Beaver,.61938679
49003,UT,Box Elder,.094423354
49005,UT,Cache,.098065652
49007,UT,Carbon,.24602666
49011,UT,Davis,.076228447
49013,UT,Duchesne,.24685264
49015,UT,Emery,.48985991
49017,UT,Garfield,1.0058339
49019,UT,Grand,.31113878
49021,UT,Iron,.080495857
49023,UT,Juab,.18206646
49025,UT,Kane,.2739726
49027,UT,Millard,.31603065
49029,UT,Morgan,.087827154
49031,UT,Piute,2.0562029
49033,UT,Rich,.86505193
49035,UT,Salt Lake,.082092725
49037,UT,San Juan,.32588151
49039,UT,Sanpete,.23926716
49041,UT,Sevier,.18924162
49043,UT,Summit,.1481262
49045,UT,Tooele,.092972808
49047,UT,Uintah,.11033265
49049,UT,Utah,.067787185
49051,UT,Wasatch,.16431153
49053,UT,Washington,.09414009
49055,UT,Wayne,.74794316
49057,UT,Weber,.088977687
50001,VT,Addison,.13540961
50003,VT,Bennington,.22271095
50005,VT,Caledonia,.19896539
50007,VT,Chittenden,.14237784
50009,VT,Essex,.16059098
50011,VT,Franklin,.18376347
50013,VT,Grand Isle,.2891427
50015,VT,Lamoille,.27640671
50017,VT,Orange,.10373085
50019,VT,Orleans,.33629775
50021,VT,Rutland,.16916753
50023,VT,Washington,.22277059
50025,VT,Windham,.23163161
50027,VT,Windsor,.14458442
51001,VA,Accomack,.152207
51003,VA,Albemarle,.075182319
51005,VA,Alleghany,.13004747
51007,VA,Amelia,.078167751
51009,VA,Amherst,.1254351
51011,VA,Appomattox,.12893245
51013,VA,Arlington,.047499374
51015,VA,Augusta,.053480942
51019,VA,Bedford,.077010952
51021,VA,Bland,.15451175
51023,VA,Botetourt,.090424091
51025,VA,Brunswick,.060088933
51027,VA,Buchanan,.18084818
51029,VA,Buckingham,.11735712
51031,VA,Campbell,.12673582
51033,VA,Caroline,.066504836
51035,VA,Carroll,.067231409
51037,VA,Charlotte,.082590021
51041,VA,Chesterfield,.10637858
51043,VA,Clarke,.13989927
51045,VA,Craig,.39047247
51047,VA,Culpeper,.099356174
51051,VA,Dickenson,.13326226
51053,VA,Dinwiddie,.10585371
51057,VA,Essex,.27061158
51059,VA,Fairfax,.068227798
51061,VA,Fauquier,.087196626
51063,VA,Floyd,.1275917
51065,VA,Fluvanna,.076543301
51067,VA,Franklin,.071240291
51069,VA,Frederick,.11810838
51071,VA,Giles,.35633686
51073,VA,Gloucester,.10777604
51075,VA,Goochland,.089039266
51077,VA,Grayson,.063019916
51079,VA,Greene,.10343936
51083,VA,Halifax,.085787818
51085,VA,Hanover,.12458313
51087,VA,Henrico,.10442613
51089,VA,Henry,.11629485
51093,VA,Isle of Wight,.11013519
51095,VA,James City,.094602264
51099,VA,King George,.15438055
51101,VA,King William,.12189176
51103,VA,Lancaster,.27857739
51105,VA,Lee,.29086679
51107,VA,Loudoun,.064846806
51109,VA,Louisa,.11329519
51111,VA,Lunenburg,.081546113
51113,VA,Madison,.076475985
51115,VA,Mathews,.11377858
51117,VA,Mecklenburg,.16219547
51119,VA,Middlesex,.18602921
51121,VA,Montgomery,.091599323
51125,VA,Nelson,.067567565
51127,VA,New Kent,.14268728
51131,VA,Northampton,.1663755
51133,VA,Northumberland,.08201427
51135,VA,Nottoway,.12902394
51137,VA,Orange,.11305503
51139,VA,Page,.16941974
51141,VA,Patrick,.16870044
51143,VA,Pittsylvania,.048614487
51145,VA,Powhatan,.1054704
51147,VA,Prince Edward,.086858332
51149,VA,Prince George,.052809462
51153,VA,Prince William,.076582581
51155,VA,Pulaski,.20452885
51159,VA,Richmond,.11416829
51161,VA,Roanoke,.16064945
51163,VA,Rockbridge,.089381479
51165,VA,Rockingham,.075640105
51167,VA,Russell,.073032685
51169,VA,Scott,.22747953
51171,VA,Shenandoah,.11659088
51173,VA,Smyth,.19279586
51175,VA,Southampton,.055487737
51177,VA,Spotsylvania,.083796114
51179,VA,Stafford,.083578266
51183,VA,Sussex,.087657787
51185,VA,Tazewell,.2137361
51187,VA,Warren,.076716535
51191,VA,Washington,.12898234
51193,VA,Westmoreland,.17009695
51195,VA,Wise,.23061548
51197,VA,Wythe,.20736849
51199,VA,York,.13271987
51510,VA,Alexandria,.063676015
51520,VA,Bristol,.29685923
51530,VA,Buena Vista,.15718327
51540,VA,Charlottesville,.10585147
51550,VA,Chesapeake,.10522284
51570,VA,Colonial Heights,.1710864
51580,VA,Covington,.361076
51590,VA,Danville,.19211835
51595,VA,Emporia,.5586592
51600,VA,Fairfax,.20977554
51610,VA,Falls Church,.07255841
51620,VA,Franklin,.36661372
51630,VA,Fredericksburg,.10571197
51640,VA,Galax,.60827249
51650,VA,Hampton,.12570432
51660,VA,Harrisonburg,.18621626
51670,VA,Hopewell,.088679999
51678,VA,Lexington,.14106362
51680,VA,Lynchburg,.12494066
51683,VA,Manassas,.096536741
51690,VA,Martinsville,.23009664
51700,VA,Newport News,.094350621
51710,VA,Norfolk,.093555644
51720,VA,Norton,.50671399
51730,VA,Petersburg,.22083412
51735,VA,Poquoson,.16746211
51740,VA,Portsmouth,.1051591
51750,VA,Radford,.11481056
51760,VA,Richmond,.1109474
51770,VA,Roanoke,.10042984
51775,VA,Salem,.19655633
51790,VA,Staunton,.24725954
51800,VA,Suffolk,.12314995
51810,VA,Virginia Beach,.10639807
51820,VA,Waynesboro,.32113037
51830,VA,Williamsburg,.067458175
51840,VA,Winchester,.1801023
53001,WA,Adams,.30962947
53003,WA,Asotin,.17957351
53005,WA,Benton,.09295024
53007,WA,Chelan,.17110442
53009,WA,Clallam,.14807835
53011,WA,Clark,.081665985
53013,WA,Columbia,.25138262
53015,WA,Cowlitz,.1049358
53017,WA,Douglas,.16897601
53019,WA,Ferry,.39840639
53021,WA,Franklin,.11072358
53023,WA,Garfield,.4454343
53025,WA,Grant,.19045201
53027,WA,Grays Harbor,.19560722
53029,WA,Island,.11014833
53031,WA,Jefferson,.12948756
53033,WA,King,.082156301
53035,WA,Kitsap,.09875305
53037,WA,Kittitas,.089061074
53039,WA,Klickitat,.18811136
53041,WA,Lewis,.15661298
53043,WA,Lincoln,.3868472
53045,WA,Mason,.096495599
53047,WA,Okanogan,.31281582
53049,WA,Pacific,.32941177
53051,WA,Pend Oreille,.22858885
53053,WA,Pierce,.079063147
53055,WA,San Juan,.24533857
53057,WA,Skagit,.097001836
53059,WA,Skamania,.17263703
53061,WA,Snohomish,.095214516
53063,WA,Spokane,.10660917
53065,WA,Stevens,.22659808
53067,WA,Thurston,.084027164
53069,WA,Wahkiakum,.4799616
53071,WA,Walla Walla,.14976537
53073,WA,Whatcom,.11081918
53075,WA,Whitman,.20498525
53077,WA,Yakima,.160198
54001,WV,Barbour,.11946004
54003,WV,Berkeley,.0969368
54005,WV,Boone,.30697715
54007,WV,Braxton,.34913763
54009,WV,Brooke,.17636684
54011,WV,Cabell,.14633177
54013,WV,Calhoun,.27103943
54015,WV,Clay,.56644386
54017,WV,Doddridge,.11661807
54019,WV,Fayette,.18113071
54021,WV,Gilmer,.12288032
54023,WV,Grant,.08605852
54025,WV,Greenbrier,.16882861
54027,WV,Hampshire,.1715413
54029,WV,Hancock,.13483448
54031,WV,Hardy,.2171867
54033,WV,Harrison,.14630364
54035,WV,Jackson,.1370755
54037,WV,Jefferson,.12505583
54039,WV,Kanawha,.14503497
54041,WV,Lewis,.12282749
54043,WV,Lincoln,.3789314
54045,WV,Logan,.2376073
54047,WV,McDowell,.36473531
54049,WV,Marion,.12390038
54051,WV,Marshall,.063099444
54053,WV,Mason,.1114082
54055,WV,Mercer,.18147922
54057,WV,Mineral,.14627367
54059,WV,Mingo,.20224082
54061,WV,Monongalia,.10403662
54063,WV,Monroe,.074117996
54065,WV,Morgan,.056747247
54067,WV,Nicholas,.15761684
54069,WV,Ohio,.21094079
54071,WV,Pendleton,.14330754
54073,WV,Pleasants,.26709402
54075,WV,Pocahontas,.46904317
54077,WV,Preston,.11847288
54079,WV,Putnam,.088214539
54081,WV,Raleigh,.13107878
54083,WV,Randolph,.17224748
54085,WV,Ritchie,.1003613
54087,WV,Roane,.2126001
54089,WV,Summers,.077071294
54091,WV,Taylor,.17695983
54093,WV,Tucker,.28360748
54095,WV,Tyler,.22338881
54097,WV,Upshur,.20262603
54099,WV,Wayne,.22111936
54101,WV,Webster,.35059017
54103,WV,Wetzel,.25575447
54105,WV,Wirt,.34680077
54107,WV,Wood,.11668748
54109,WV,Wyoming,.22967386
55001,WI,Adams,.10014521
55003,WI,Ashland,.44762757
55005,WI,Barron,.24318528
55007,WI,Bayfield,.33487377
55009,WI,Brown,.13870373
55011,WI,Buffalo,.076149866
55013,WI,Burnett,.26282936
55015,WI,Calumet,.18145162
55017,WI,Chippewa,.15741587
55019,WI,Clark,.20304568
55021,WI,Columbia,.1934406
55023,WI,Crawford,.30769232
55025,WI,Dane,.13938989
55027,WI,Dodge,.11446362
55029,WI,Door,.29270792
55031,WI,Douglas,.1153376
55033,WI,Dunn,.13532716
55035,WI,Eau Claire,.14571454
55037,WI,Florence,.23132084
55039,WI,Fond du Lac,.13698496
55041,WI,Forest,.44336069
55043,WI,Grant,.23070712
55045,WI,Green,.19037259
55047,WI,Green Lake,.21490356
55049,WI,Iowa,.17066303
55051,WI,Iron,.7079646
55053,WI,Jackson,.09765625
55055,WI,Jefferson,.15387347
55057,WI,Juneau,.18976772
55059,WI,Kenosha,.26793051
55061,WI,Kewaunee,.19639613
55063,WI,La Crosse,.14439452
55065,WI,Lafayette,.11940298
55067,WI,Langlade,.31448188
55069,WI,Lincoln,.21566443
55071,WI,Manitowoc,.13860014
55073,WI,Marathon,.17029847
55075,WI,Marinette,.27323082
55077,WI,Marquette,.13219644
55078,WI,Menominee,.65803903
55079,WI,Milwaukee,.42615259
55081,WI,Monroe,.15426657
55083,WI,Oconto,.13340092
55085,WI,Oneida,.22637878
55087,WI,Outagamie,.15155205
55089,WI,Ozaukee,.1698235
55091,WI,Pepin,.27612868
55093,WI,Pierce,.12074669
55095,WI,Polk,.18511662
55097,WI,Portage,.11359602
55099,WI,Price,.22364694
55101,WI,Racine,.31296015
55103,WI,Richland,.17115472
55105,WI,Rock,.18588051
55107,WI,Rusk,.28346679
55109,WI,St. Croix,.1027362
55111,WI,Sauk,.22022274
55113,WI,Sawyer,.36762452
55115,WI,Shawano,.21973193
55117,WI,Sheboygan,.19982797
55119,WI,Taylor,.19705404
55121,WI,Trempealeau,.23700695
55123,WI,Vernon,.19638649
55125,WI,Vilas,.32583904
55127,WI,Walworth,.13633797
55129,WI,Washburn,.32008195
55131,WI,Washington,.12650128
55133,WI,Waukesha,.18566795
55135,WI,Waupaca,.21439151
55137,WI,Waushara,.249066
55139,WI,Winnebago,.14147857
55141,WI,Wood,.13652623
56001,WY,Albany,.07914941
56003,WY,Big Horn,.25119317
56005,WY,Campbell,.10257252
56007,WY,Carbon,.25503698
56009,WY,Converse,.21275087
56011,WY,Crook,.5331201
56013,WY,Fremont,.22375257
56015,WY,Goshen,.22500563
56017,WY,Hot Springs,.42973787
56019,WY,Johnson,.23584905
56021,WY,Laramie,.091857359
56023,WY,Lincoln,.20984156
56025,WY,Natrona,.086545832
56027,WY,Niobrara,.40485829
56029,WY,Park,.13695347
56031,WY,Platte,.4615207
56033,WY,Sheridan,.10012349
56035,WY,Sublette,.20034058
56037,WY,Sweetwater,.090344436
56039,WY,Teton,.12952809
56041,WY,Uinta,.14499058
56043,WY,Washakie,.24485798
56045,WY,Weston,.4159157
