CountyFIPS,state,county,grocpth16
01001,AL,Autauga,.054271098
01003,AL,Baldwin,.13975297
01005,AL,Barbour,.15519516
01007,AL,Bibb,.22091636
01009,AL,Blount,.086862862
01011,AL,Bullock,.28732881
01013,AL,Butler,.15026297
01015,AL,Calhoun,.23482345
01017,AL,Chambers,.2076104
01019,AL,Cherokee,.19405419
01021,AL,Chilton,.11407711
01023,AL,Choctaw,.22988506
01025,AL,Clarke,.24640657
01027,AL,Clay,.22371365
01029,AL,Cleburne,.13447186
01031,AL,Coffee,.13667338
01033,AL,Colbert,.14725643
01035,AL,Conecuh,.079904117
01037,AL,Coosa,.092515498
01039,AL,Covington,.16048789
01041,AL,Crenshaw,.28762493
01043,AL,Cullman,.18221131
01045,AL,Dale,.12188186
01047,AL,Dallas,.19959582
01049,AL,DeKalb,.22466861
01051,AL,Elmore,.098473661
01053,AL,Escambia,.10673498
01055,AL,Etowah,.13628487
01057,AL,Fayette,.24186721
01059,AL,Franklin,.31668618
01061,AL,Geneva,.37713078
01063,AL,Greene,.23562677
01065,AL,Hale,.13470735
01067,AL,Henry,.1170138
01069,AL,Houston,.16319008
01071,AL,Jackson,.21133931
01073,AL,Jefferson,.16218339
01075,AL,Lamar,.2867589
01077,AL,Lauderdale,.20580812
01079,AL,Lawrence,.090274431
01081,AL,Lee,.11321965
01083,AL,Limestone,.10761946
01085,AL,Lowndes,.19529343
01087,AL,Macon,.20973155
01089,AL,Madison,.12910034
01091,AL,Marengo,.15380672
01093,AL,Marion,.10026067
01095,AL,Marshall,.23147418
01097,AL,Mobile,.13498791
01099,AL,Monroe,.23178194
01101,AL,Montgomery,.14996736
01103,AL,Morgan,.15149093
01105,AL,Perry,.31347963
01107,AL,Pickens,.24612355
01109,AL,Pike,.21074815
01111,AL,Randolph,.13334519
01113,AL,Russell,.20626707
01115,AL,St. Clair,.16003293
01117,AL,Shelby,.12318013
01119,AL,Sumter,.15465511
01121,AL,Talladega,.099519819
01123,AL,Tallapoosa,.14787795
01125,AL,Tuscaloosa,.12119332
01127,AL,Walker,.15489227
01129,AL,Washington,.18022348
01131,AL,Wilcox,.64367819
01133,AL,Winston,.25118265
02013,AK,Aleutians East,1.2033694
02016,AK,Aleutians West,.6960153
02020,AK,Anchorage,.11097062
02050,AK,Bethel,1.2791991
02060,AK,Bristol Bay,2.2099447
02068,AK,Denali,.48899755
02070,AK,Dillingham,.80385852
02090,AK,Fairbanks North Star,.069581121
02100,AK,Haines,1.1853023
02105,AK,Hoonah-Angoon,0
02110,AK,Juneau,.12343774
02122,AK,Kenai Peninsula,.29038486
02130,AK,Ketchikan Gateway,.29139653
02150,AK,Kodiak Island,.36552379
02164,AK,Lake and Peninsula,1.2484394
02170,AK,Matanuska-Susitna,.096040256
02180,AK,Nome,1.9162885
02185,AK,North Slope,.82601964
02188,AK,Northwest Arctic,1.0441138
02195,AK,Petersburg,0
02198,AK,Prince of Wales-Hyder,0
02220,AK,Sitka,.45620438
02230,AK,Skagway,0
02240,AK,Southeast Fairbanks,.5847953
02261,AK,Valdez-Cordova,.85653102
02270,AK,Wade Hampton,0
02275,AK,Wrangell,0
02282,AK,Yakutat,3.2679739
02290,AK,Yukon-Koyukuk,1.6629711
04001,AZ,Apache,.12609811
04003,AZ,Cochise,.12763751
04005,AZ,Coconino,.14277658
04007,AZ,Gila,.11257669
04009,AZ,Graham,.15886885
04011,AZ,Greenlee,.20783539
04012,AZ,La Paz,.29235491
04013,AZ,Maricopa,.11031367
04015,AZ,Mohave,.082771383
04017,AZ,Navajo,.12924428
04019,AZ,Pima,.12049156
04021,AZ,Pinal,.074678101
04023,AZ,Santa Cruz,.21703744
04025,AZ,Yavapai,.12925482
04027,AZ,Yuma,.15087874
05001,AR,Arkansas,.16469942
05003,AR,Ashley,.097570494
05005,AR,Baxter,.19443431
05007,AR,Benton,.1430206
05009,AR,Boone,.18821758
05011,AR,Bradley,.18216595
05013,AR,Calhoun,0
05015,AR,Carroll,.18032314
05017,AR,Chicot,.36656892
05019,AR,Clark,.088691793
05021,AR,Clay,.26565716
05023,AR,Cleburne,.27823046
05025,AR,Cleveland,.24213076
05027,AR,Columbia,.1250886
05029,AR,Conway,.19143336
05031,AR,Craighead,.19852336
05033,AR,Crawford,.12849548
05035,AR,Crittenden,.18248175
05037,AR,Cross,.17608733
05039,AR,Dallas,.26917902
05041,AR,Desha,.33557048
05043,AR,Drew,.10736526
05045,AR,Faulkner,.10648493
05047,AR,Franklin,.11317979
05049,AR,Fulton,.083063379
05051,AR,Garland,.16288137
05053,AR,Grant,.22106776
05055,AR,Greene,.15654702
05057,AR,Hempstead,.13620266
05059,AR,Hot Spring,.17939365
05061,AR,Howard,.22324751
05063,AR,Independence,.18870977
05065,AR,Izard,.29651594
05067,AR,Jackson,.17332023
05069,AR,Jefferson,.21324387
05071,AR,Johnson,.038131598
05073,AR,Lafayette,.1443418
05075,AR,Lawrence,.1802993
05077,AR,Lee,.10683761
05079,AR,Lincoln,.072411299
05081,AR,Little River,.16090104
05083,AR,Logan,.092110716
05085,AR,Lonoke,.083615534
05087,AR,Madison,.12418503
05089,AR,Marion,.18327326
05091,AR,Miller,.15954779
05093,AR,Mississippi,.23318176
05095,AR,Monroe,.41465101
05097,AR,Montgomery,.11174433
05099,AR,Nevada,.11941724
05101,AR,Newton,.25416189
05103,AR,Ouachita,.20816854
05105,AR,Perry,.1946851
05107,AR,Phillips,.31496063
05109,AR,Pike,.36978829
05111,AR,Poinsett,.20826392
05113,AR,Polk,.14894991
05115,AR,Pope,.12528974
05117,AR,Prairie,.3627131
05119,AR,Pulaski,.14478874
05121,AR,Randolph,.17233455
05123,AR,St. Francis,.22810219
05125,AR,Saline,.10206078
05127,AR,Scott,.28957528
05129,AR,Searcy,.25109854
05131,AR,Sebastian,.14110233
05133,AR,Sevier,.29489827
05135,AR,Sharp,.1750496
05137,AR,Stone,.16
05139,AR,Union,.15050042
05141,AR,Van Buren,.12032247
05143,AR,Washington,.17135325
05145,AR,White,.13952662
05147,AR,Woodruff,.45296693
05149,AR,Yell,.1396258
06001,CA,Alameda,.22501324
06003,CA,Alpine,0
06005,CA,Amador,.34691644
06007,CA,Butte,.19865356
06009,CA,Calaveras,.24274522
06011,CA,Colusa,.46200046
06013,CA,Contra Costa,.17564736
06015,CA,Del Norte,.21857923
06017,CA,El Dorado,.17179179
06019,CA,Fresno,.26236966
06021,CA,Glenn,.28605142
06023,CA,Humboldt,.35177979
06025,CA,Imperial,.19339153
06027,CA,Inyo,.27725407
06029,CA,Kern,.2112789
06031,CA,Kings,.18691963
06033,CA,Lake,.3752932
06035,CA,Lassen,.22621509
06037,CA,Los Angeles,.19506317
06039,CA,Madera,.24521507
06041,CA,Marin,.26765367
06043,CA,Mariposa,.28532299
06045,CA,Mendocino,.52506024
06047,CA,Merced,.25290281
06049,CA,Modoc,.44737726
06051,CA,Mono,.42550173
06053,CA,Monterey,.25666705
06055,CA,Napa,.28238815
06057,CA,Nevada,.25239015
06059,CA,Orange,.15608759
06061,CA,Placer,.16853549
06063,CA,Plumas,.47905466
06065,CA,Riverside,.14623791
06067,CA,Sacramento,.18172687
06069,CA,San Benito,.15168114
06071,CA,San Bernardino,.14458637
06073,CA,San Diego,.1745448
06075,CA,San Francisco,.40862775
06077,CA,San Joaquin,.21789637
06079,CA,San Luis Obispo,.24443641
06081,CA,San Mateo,.23649848
06083,CA,Santa Barbara,.26887986
06085,CA,Santa Clara,.18016386
06087,CA,Santa Cruz,.25799793
06089,CA,Shasta,.19577791
06091,CA,Sierra,.33738193
06093,CA,Siskiyou,.4366712
06095,CA,Solano,.16351819
06097,CA,Sonoma,.27786985
06099,CA,Stanislaus,.24198629
06101,CA,Sutter,.21861792
06103,CA,Tehama,.15761931
06105,CA,Trinity,.70098919
06107,CA,Tulare,.2582269
06109,CA,Tuolumne,.29746965
06111,CA,Ventura,.19621758
06113,CA,Yolo,.20374237
06115,CA,Yuba,.13300526
08001,CO,Adams,.1266599
08003,CO,Alamosa,.24307244
08005,CO,Arapahoe,.14914852
08007,CO,Archuleta,.23371767
08009,CO,Baca,.28184894
08011,CO,Bent,.35205069
08013,CO,Boulder,.18992878
08014,CO,Broomfield,.090213358
08015,CO,Chaffee,.36683786
08017,CO,Cheyenne,1.0905125
08019,CO,Clear Creek,.10682619
08021,CO,Conejos,.37165511
08023,CO,Costilla,.53981107
08025,CO,Crowley,.19033118
08027,CO,Custer,.43468812
08029,CO,Delta,.23067291
08031,CO,Denver,.16839936
08033,CO,Dolores,.48496604
08035,CO,Douglas,.07628417
08037,CO,Eagle,.31270695
08039,CO,Elbert,.039934501
08041,CO,El Paso,.08882986
08043,CO,Fremont,.10659617
08045,CO,Garfield,.169762
08047,CO,Gilpin,0
08049,CO,Grand,.3304911
08051,CO,Gunnison,.30319569
08053,CO,Hinsdale,2.541296
08055,CO,Huerfano,.60771799
08057,CO,Jackson,1.4705882
08059,CO,Jefferson,.10686025
08061,CO,Kiowa,1.4836795
08063,CO,Kit Carson,.3932879
08065,CO,Lake,.2629503
08067,CO,La Plata,.18110693
08069,CO,Larimer,.10634181
08071,CO,Las Animas,.28394973
08073,CO,Lincoln,.35958287
08075,CO,Logan,.091220066
08077,CO,Mesa,.14019252
08079,CO,Mineral,1.3245033
08081,CO,Moffat,.15196414
08083,CO,Montezuma,.19249278
08085,CO,Montrose,.19436346
08087,CO,Morgan,.24943876
08089,CO,Otero,.1644827
08091,CO,Ouray,.62709028
08093,CO,Park,.23054755
08095,CO,Phillips,.93436116
08097,CO,Pitkin,.39119259
08099,CO,Prowers,.16681959
08101,CO,Pueblo,.10313406
08103,CO,Rio Blanco,.15424958
08105,CO,Rio Grande,.26459694
08107,CO,Routt,.36468253
08109,CO,Saguache,.78039646
08111,CO,San Juan,1.4513788
08113,CO,San Miguel,.75339025
08115,CO,Sedgwick,.41580042
08117,CO,Summit,.32968482
08119,CO,Teller,.16638935
08121,CO,Washington,.20635575
08123,CO,Weld,.10875365
08125,CO,Yuma,.39533505
09001,CT,Fairfield,.21913397
09003,CT,Hartford,.28810817
09005,CT,Litchfield,.24030977
09007,CT,Middlesex,.18968017
09009,CT,New Haven,.24070524
09011,CT,New London,.14481615
09013,CT,Tolland,.10585862
09015,CT,Windham,.20682167
10001,DE,Kent,.16022523
10003,DE,New Castle,.17388156
10005,DE,Sussex,.2135461
11001,DC,District of Columbia,.27179632
12001,FL,Alachua,.16266868
12003,FL,Baker,.21493821
12005,FL,Bay,.15847687
12007,FL,Bradford,.11224184
12009,FL,Brevard,.13843249
12011,FL,Broward,.19351925
12013,FL,Calhoun,.13926607
12015,FL,Charlotte,.11787356
12017,FL,Citrus,.12588292
12019,FL,Clay,.10133179
12021,FL,Collier,.16662341
12023,FL,Columbia,.10104802
12027,FL,DeSoto,.13917884
12029,FL,Dixie,.18207198
12031,FL,Duval,.18782789
12033,FL,Escambia,.14757259
12035,FL,Flagler,.1205881
12037,FL,Franklin,.42376474
12039,FL,Gadsden,.15166287
12041,FL,Gilchrist,.17431726
12043,FL,Glades,.074294202
12045,FL,Gulf,.24844721
12047,FL,Hamilton,.1396258
12049,FL,Hardee,.32881516
12051,FL,Hendry,.25227043
12053,FL,Hernando,.12072589
12055,FL,Highlands,.10831249
12057,FL,Hillsborough,.20265962
12059,FL,Holmes,.20611119
12061,FL,Indian River,.17835674
12063,FL,Jackson,.14495155
12065,FL,Jefferson,.21531616
12067,FL,Lafayette,.1155535
12069,FL,Lake,.11030585
12071,FL,Lee,.14947973
12073,FL,Leon,.12888663
12075,FL,Levy,.25093472
12077,FL,Liberty,.36062026
12079,FL,Madison,.21850759
12081,FL,Manatee,.14378414
12083,FL,Marion,.16085529
12085,FL,Martin,.2145327
12086,FL,Miami-Dade,.23533341
12087,FL,Monroe,.3492704
12089,FL,Nassau,.125122
12091,FL,Okaloosa,.12005102
12093,FL,Okeechobee,.22114652
12095,FL,Orange,.1662136
12097,FL,Osceola,.16272672
12099,FL,Palm Beach,.18159707
12101,FL,Pasco,.12339368
12103,FL,Pinellas,.20683792
12105,FL,Polk,.13043126
12107,FL,Putnam,.16573671
12109,FL,St. Johns,.11487113
12111,FL,St. Lucie,.14375374
12113,FL,Santa Rosa,.082322434
12115,FL,Sarasota,.21555953
12117,FL,Seminole,.1402543
12119,FL,Sumter,.098263197
12121,FL,Suwannee,.15968974
12123,FL,Taylor,.13563614
12125,FL,Union,.065500751
12127,FL,Volusia,.1285352
12129,FL,Wakulla,.09408813
12131,FL,Walton,.13753057
12133,FL,Washington,.040899798
13001,GA,Appling,.10819583
13003,GA,Atkinson,.24038461
13005,GA,Bacon,.17597888
13007,GA,Baker,.3117207
13009,GA,Baldwin,.15490153
13011,GA,Banks,.0546179
13013,GA,Barrow,.18160357
13015,GA,Bartow,.1546925
13017,GA,Ben Hill,.11634671
13019,GA,Berrien,.31555694
13021,GA,Bibb,.25456089
13023,GA,Bleckley,.15506279
13025,GA,Brantley,.10896213
13027,GA,Brooks,.19116804
13029,GA,Bryan,.19530161
13031,GA,Bulloch,.13383119
13033,GA,Burke,.17692852
13035,GA,Butts,.084352598
13037,GA,Calhoun,.15642108
13039,GA,Camden,.095390722
13043,GA,Candler,.36646816
13045,GA,Carroll,.22357707
13047,GA,Catoosa,.10563327
13049,GA,Charlton,.15685044
13051,GA,Chatham,.1796883
13053,GA,Chattahoochee,.099009901
13055,GA,Chattooga,.24161398
13057,GA,Cherokee,.14072847
13059,GA,Clarke,.18397351
13061,GA,Clay,.66533601
13063,GA,Clayton,.18213895
13065,GA,Clinch,.2945942
13067,GA,Cobb,.14390847
13069,GA,Coffee,.18598163
13071,GA,Colquitt,.30654025
13073,GA,Columbia,.14920211
13075,GA,Cook,.23273404
13077,GA,Coweta,.14949599
13079,GA,Crawford,0
13081,GA,Crisp,.61042076
13083,GA,Dade,.18470632
13085,GA,Dawson,.16939822
13087,GA,Decatur,.22459292
13089,GA,DeKalb,.20356506
13091,GA,Dodge,.23995776
13093,GA,Dooly,0
13095,GA,Dougherty,.17700094
13097,GA,Douglas,.10561819
13099,GA,Early,.38842493
13101,GA,Echols,0
13103,GA,Effingham,.06831418
13105,GA,Elbert,.26119208
13107,GA,Emanuel,.13390467
13109,GA,Evans,.28121483
13111,GA,Fannin,.28010082
13113,GA,Fayette,.16180067
13115,GA,Floyd,.17594701
13117,GA,Forsyth,.16358654
13119,GA,Franklin,.17932396
13121,GA,Fulton,.19135991
13123,GA,Gilmer,.26637366
13125,GA,Glascock,0
13127,GA,Glynn,.22477759
13129,GA,Gordon,.19302648
13131,GA,Grady,.20085968
13133,GA,Greene,.35421216
13135,GA,Gwinnett,.1598499
13137,GA,Habersham,.15845349
13139,GA,Hall,.17835577
13141,GA,Hancock,.23102692
13143,GA,Haralson,.13872993
13145,GA,Harris,.11898742
13147,GA,Hart,.15656804
13149,GA,Heard,.086400554
13151,GA,Henry,.12197601
13153,GA,Houston,.098773889
13155,GA,Irwin,.10684902
13157,GA,Jackson,.16928807
13159,GA,Jasper,.14470732
13161,GA,Jeff Davis,.26720107
13163,GA,Jefferson,.31669623
13165,GA,Jenkins,.11402509
13167,GA,Johnson,.10277493
13169,GA,Jones,.10506777
13171,GA,Lamar,.21656741
13173,GA,Lanier,.19131432
13175,GA,Laurens,.14833023
13177,GA,Lee,.13684571
13179,GA,Liberty,.11402509
13181,GA,Lincoln,.12716176
13183,GA,Long,.053780802
13185,GA,Lowndes,.12247826
13187,GA,Lumpkin,.095153511
13189,GA,McDuffie,.09321402
13191,GA,McIntosh,.1421262
13193,GA,Macon,.295858
13195,GA,Madison,.13875881
13197,GA,Marion,.35248503
13199,GA,Meriwether,.42710707
13201,GA,Miller,.3400782
13205,GA,Mitchell,.31234661
13207,GA,Monroe,.11161129
13209,GA,Montgomery,.11132138
13211,GA,Morgan,.055184599
13213,GA,Murray,.1269809
13215,GA,Muscogee,.20885654
13217,GA,Newton,.14073935
13219,GA,Oconee,.10850105
13221,GA,Oglethorpe,.067980967
13223,GA,Paulding,.077233002
13225,GA,Peach,.18588051
13227,GA,Pickens,.16289298
13229,GA,Pierce,.15610366
13231,GA,Pike,.055794202
13233,GA,Polk,.23963575
13235,GA,Pulaski,.17688158
13237,GA,Putnam,.13922405
13239,GA,Quitman,.42863268
13241,GA,Rabun,.24201356
13243,GA,Randolph,.1384083
13245,GA,Richmond,.17821077
13247,GA,Rockdale,.19020979
13249,GA,Schley,.1938736
13251,GA,Screven,.21379703
13253,GA,Seminole,.47365305
13255,GA,Spalding,.18589376
13257,GA,Stephens,.23324522
13259,GA,Stewart,.17021276
13261,GA,Sumter,.19766101
13263,GA,Talbot,.15740594
13265,GA,Taliaferro,0
13267,GA,Tattnall,.15822159
13269,GA,Taylor,.12196609
13271,GA,Telfair,.24946988
13273,GA,Terrell,.67506748
13275,GA,Thomas,.15524507
13277,GA,Tift,.19680198
13279,GA,Toombs,.1103144
13281,GA,Towns,.26434046
13283,GA,Treutlen,.29730934
13285,GA,Troup,.18631049
13287,GA,Turner,.12543903
13289,GA,Twiggs,0
13291,GA,Union,.17652251
13293,GA,Upson,.22889405
13295,GA,Walker,.087814301
13297,GA,Walton,.10009899
13299,GA,Ware,.1677102
13301,GA,Warren,.18580453
13303,GA,Washington,.098313913
13305,GA,Wayne,.10005002
13307,GA,Webster,.38284838
13309,GA,Wheeler,.12473494
13311,GA,White,.10407633
13313,GA,Whitfield,.22923075
13315,GA,Wilcox,0
13317,GA,Wilkes,.30543676
13319,GA,Wilkinson,.33156499
13321,GA,Worth,.096529752
15001,HI,Hawaii,.21642734
15003,HI,Honolulu,.18634897
15005,HI,Kalawao,0
15007,HI,Kauai,.27867186
15009,HI,Maui,.28418711
16001,ID,Ada,.10579176
16003,ID,Adams,0
16005,ID,Bannock,.13036419
16007,ID,Bear Lake,.33658701
16009,ID,Benewah,.33252051
16011,ID,Bingham,.13258204
16013,ID,Blaine,.22998022
16015,ID,Boise,.28216705
16017,ID,Bonner,.28339985
16019,ID,Bonneville,.089265786
16021,ID,Boundary,.42918456
16023,ID,Butte,.38865137
16025,ID,Camas,.92250925
16027,ID,Canyon,.11842111
16029,ID,Caribou,.43440488
16031,ID,Cassia,.21311057
16033,ID,Clark,0
16035,ID,Clearwater,.58445352
16037,ID,Custer,.97347289
16039,ID,Elmore,.15331544
16041,ID,Franklin,.1498464
16043,ID,Fremont,.15518312
16045,ID,Gem,.058896299
16047,ID,Gooding,.33125746
16049,ID,Idaho,.30810943
16051,ID,Jefferson,.071924336
16053,ID,Jerome,.085995615
16055,ID,Kootenai,.13059604
16057,ID,Latah,.18044958
16059,ID,Lemhi,.64666319
16061,ID,Lewis,1.0408535
16063,ID,Lincoln,.3797228
16065,ID,Madison,.0515716
16067,ID,Minidoka,.048583802
16069,ID,Nez Perce,.27434158
16071,ID,Oneida,.23142791
16073,ID,Owyhee,.26401478
16075,ID,Payette,.21815009
16077,ID,Power,.13053127
16079,ID,Shoshone,.48336422
16081,ID,Teton,.18040772
16083,ID,Twin Falls,.20350507
16085,ID,Valley,.47998464
16087,ID,Washington,.19872814
17001,IL,Adams,.16498433
17003,IL,Alexander,.30811894
17005,IL,Bond,.0593789
17007,IL,Boone,.11201972
17009,IL,Brown,.14827995
17011,IL,Bureau,.14955284
17013,IL,Calhoun,.61741102
17015,IL,Carroll,.20532475
17017,IL,Cass,.39429069
17019,IL,Champaign,.18158621
17021,IL,Christian,.24044964
17023,IL,Clark,.18929833
17025,IL,Clay,.15025167
17027,IL,Clinton,.21296419
17029,IL,Coles,.17171641
17031,IL,Cook,.28004211
17033,IL,Crawford,.26120573
17035,IL,Cumberland,.183621
17037,IL,DeKalb,.10531657
17039,IL,De Witt,.24754007
17041,IL,Douglas,.5564267
17043,IL,DuPage,.17505179
17045,IL,Edgar,.17170329
17047,IL,Edwards,.30557677
17049,IL,Effingham,.20478615
17051,IL,Fayette,.13751376
17053,IL,Ford,.14990257
17055,IL,Franklin,.1279034
17057,IL,Fulton,.14077766
17059,IL,Gallatin,0
17061,IL,Greene,.38112661
17063,IL,Grundy,.11935785
17065,IL,Hamilton,.12196609
17067,IL,Hancock,.21955101
17069,IL,Hardin,.24396195
17071,IL,Henderson,.2909514
17073,IL,Henry,.16153784
17075,IL,Iroquois,.28354716
17077,IL,Jackson,.22021954
17079,IL,Jasper,.10424268
17081,IL,Jefferson,.20883366
17083,IL,Jersey,.18227386
17085,IL,Jo Daviess,.18297425
17087,IL,Johnson,.15430908
17089,IL,Kane,.13895331
17091,IL,Kankakee,.18173063
17093,IL,Kendall,.072246797
17095,IL,Knox,.1766611
17097,IL,Lake,.16597275
17099,IL,LaSalle,.1990824
17101,IL,Lawrence,0
17103,IL,Lee,.14535306
17105,IL,Livingston,.27416039
17107,IL,Logan,.13634194
17109,IL,McDonough,.2548826
17111,IL,McHenry,.14936423
17113,IL,McLean,.16214213
17115,IL,Macon,.19690391
17117,IL,Macoupin,.21904366
17119,IL,Madison,.18072425
17121,IL,Marion,.10508065
17123,IL,Marshall,.33619097
17125,IL,Mason,.1459215
17127,IL,Massac,.13822655
17129,IL,Menard,.241955
17131,IL,Mercer,.12795906
17133,IL,Monroe,.11807072
17135,IL,Montgomery,.13755631
17137,IL,Morgan,.087734692
17139,IL,Moultrie,.068497844
17141,IL,Ogle,.15634772
17143,IL,Peoria,.28602883
17145,IL,Perry,.14030492
17147,IL,Piatt,.18153213
17149,IL,Pike,.31482181
17151,IL,Pope,.23282887
17153,IL,Pulaski,.53542745
17155,IL,Putnam,.34983382
17157,IL,Randolph,.21474369
17159,IL,Richland,.25223863
17161,IL,Rock Island,.17872855
17163,IL,St. Clair,.17102464
17165,IL,Saline,.24739207
17167,IL,Sangamon,.15688974
17169,IL,Schuyler,.14178364
17171,IL,Scott,.19782394
17173,IL,Shelby,.18410273
17175,IL,Stark,.18162005
17177,IL,Stephenson,.15371102
17179,IL,Tazewell,.1194324
17181,IL,Union,.23371312
17183,IL,Vermilion,.25458249
17185,IL,Wabash,.17374685
17187,IL,Warren,.34668052
17189,IL,Washington,.56298381
17191,IL,Wayne,.18101732
17193,IL,White,.35491198
17195,IL,Whiteside,.12380397
17197,IL,Will,.13193549
17199,IL,Williamson,.20697811
17201,IL,Winnebago,.20273483
17203,IL,Woodford,.12842576
18001,IN,Adams,.11353315
18003,IN,Allen,.15136281
18005,IN,Bartholomew,.14656846
18007,IN,Benton,.23108029
18009,IN,Blackford,.24844721
18011,IN,Boone,.10896807
18013,IN,Brown,.066631131
18015,IN,Carroll,.25041318
18017,IN,Cass,.21045431
18019,IN,Clark,.1208981
18021,IN,Clay,.19081785
18023,IN,Clinton,.18594849
18025,IN,Crawford,.094509028
18027,IN,Daviess,.18183471
18029,IN,Dearborn,.14149705
18031,IN,Decatur,.22521678
18033,IN,DeKalb,.11731581
18035,IN,Delaware,.11257068
18037,IN,Dubois,.25909176
18039,IN,Elkhart,.18124284
18041,IN,Fayette,.12899342
18043,IN,Floyd,.13033901
18045,IN,Fountain,.18207198
18047,IN,Franklin,.2640264
18049,IN,Fulton,.19863932
18051,IN,Gibson,.1786831
18053,IN,Grant,.10478728
18055,IN,Greene,.21723613
18057,IN,Hamilton,.11697903
18059,IN,Hancock,.067768127
18061,IN,Harrison,.075606741
18063,IN,Hendricks,.074842833
18065,IN,Henry,.14473575
18067,IN,Howard,.14573896
18069,IN,Huntington,.13748351
18071,IN,Jackson,.18209547
18073,IN,Jasper,.26954985
18075,IN,Jay,.14258555
18077,IN,Jefferson,.18605228
18079,IN,Jennings,.10860908
18081,IN,Johnson,.072586656
18083,IN,Knox,.079910502
18085,IN,Kosciusko,.15203923
18087,IN,LaGrange,.1277694
18089,IN,Lake,.16029857
18091,IN,LaPorte,.18147503
18093,IN,Lawrence,.17553483
18095,IN,Madison,.13918422
18097,IN,Marion,.17584112
18099,IN,Marshall,.17148246
18101,IN,Martin,.29405999
18103,IN,Miami,.27726176
18105,IN,Monroe,.1372759
18107,IN,Montgomery,.18265793
18109,IN,Morgan,.086260192
18111,IN,Newton,.14235888
18113,IN,Noble,.16862695
18115,IN,Ohio,.16983695
18117,IN,Orange,.20532827
18119,IN,Owen,.095593154
18121,IN,Parke,.058972701
18123,IN,Perry,.10520779
18125,IN,Pike,.32185388
18127,IN,Porter,.083613038
18129,IN,Posey,.1170412
18131,IN,Pulaski,.079295851
18133,IN,Putnam,.080504492
18135,IN,Randolph,.1596233
18137,IN,Ripley,.28161082
18139,IN,Rush,.18036434
18141,IN,St. Joseph,.15206982
18143,IN,Scott,.16872653
18145,IN,Shelby,.11305056
18147,IN,Spencer,.1951886
18149,IN,Starke,.17397356
18151,IN,Steuben,.20355938
18153,IN,Sullivan,.14466895
18155,IN,Switzerland,.28176951
18157,IN,Tippecanoe,.13250369
18159,IN,Tipton,.13197836
18161,IN,Union,.13950893
18163,IN,Vanderburgh,.22005226
18165,IN,Vermillion,.19217218
18167,IN,Vigo,.14860359
18169,IN,Wabash,.22186302
18171,IN,Warren,.24467824
18173,IN,Warrick,.12893036
18175,IN,Washington,.18019317
18177,IN,Wayne,.12013636
18179,IN,Wells,.071839079
18181,IN,White,.12447616
18183,IN,Whitley,.11946004
19001,IA,Adair,.28530669
19003,IA,Adams,.26910657
19005,IA,Allamakee,.50472277
19007,IA,Appanoose,.40009603
19009,IA,Audubon,.17746229
19011,IA,Benton,.11700012
19013,IA,Black Hawk,.1807052
19015,IA,Boone,.15140618
19017,IA,Bremer,.24209167
19019,IA,Buchanan,.19016831
19021,IA,Buena Vista,.2466943
19023,IA,Butler,.27234969
19025,IA,Calhoun,.30615368
19027,IA,Carroll,.29460865
19029,IA,Cass,.45523521
19031,IA,Cedar,.16298148
19033,IA,Cerro Gordo,.25543377
19035,IA,Cherokee,.26306558
19037,IA,Chickasaw,.24869436
19039,IA,Clarke,.32306698
19041,IA,Clay,.12251148
19043,IA,Clayton,.28333429
19045,IA,Clinton,.16936235
19047,IA,Crawford,.29349613
19049,IA,Dallas,.15442181
19051,IA,Davis,.22469385
19053,IA,Decatur,.24860162
19055,IA,Delaware,.057907201
19057,IA,Des Moines,.15141957
19059,IA,Dickinson,.11693171
19061,IA,Dubuque,.1551125
19063,IA,Emmet,.3138732
19065,IA,Fayette,.30021015
19067,IA,Floyd,.1263025
19069,IA,Franklin,.29411766
19071,IA,Fremont,.43103448
19073,IA,Greene,.11100011
19075,IA,Grundy,.40660325
19077,IA,Guthrie,.37558687
19079,IA,Hamilton,.26490065
19081,IA,Hancock,.18360415
19083,IA,Hardin,.34897923
19085,IA,Harrison,.35531551
19087,IA,Henry,.101005
19089,IA,Howard,.21570319
19091,IA,Humboldt,.31476235
19093,IA,Ida,.28748024
19095,IA,Iowa,.24715769
19097,IA,Jackson,.10314595
19099,IA,Jasper,.16366166
19101,IA,Jefferson,.11005943
19103,IA,Johnson,.13639495
19105,IA,Jones,.19623233
19107,IA,Keokuk,.39304313
19109,IA,Kossuth,.46256524
19111,IA,Lee,.20315765
19113,IA,Linn,.1306895
19115,IA,Louisa,.35752591
19117,IA,Lucas,.11687704
19119,IA,Lyon,.42416015
19121,IA,Madison,.12663037
19123,IA,Mahaska,.13509862
19125,IA,Marion,.24133459
19127,IA,Marshall,.22410358
19129,IA,Mills,.19941504
19131,IA,Mitchell,.46917519
19133,IA,Monona,.22729856
19135,IA,Monroe,.25467974
19137,IA,Montgomery,.29603314
19139,IA,Muscatine,.16315494
19141,IA,O'Brien,.50283742
19143,IA,Osceola,.32873109
19145,IA,Page,.26084122
19147,IA,Palo Alto,.22119001
19149,IA,Plymouth,.19837333
19151,IA,Pocahontas,.29205608
19153,IA,Polk,.16639706
19155,IA,Pottawattamie,.11763699
19157,IA,Poweshiek,.32801226
19159,IA,Ringgold,.40088195
19161,IA,Sac,.30556121
19163,IA,Scott,.14531082
19165,IA,Shelby,.25702536
19167,IA,Sioux,.22928549
19169,IA,Story,.12394646
19171,IA,Tama,.29105303
19173,IA,Taylor,.320667
19175,IA,Union,.16142049
19177,IA,Van Buren,.6891799
19179,IA,Wapello,.19846895
19181,IA,Warren,.10133149
19183,IA,Washington,.18092179
19185,IA,Wayne,.31070375
19187,IA,Webster,.16325642
19189,IA,Winnebago,.28299218
19191,IA,Winneshiek,.24498996
19193,IA,Woodbury,.17525582
19195,IA,Worth,.26755852
19197,IA,Wright,.39013731
20001,KS,Allen,.15814027
20003,KS,Anderson,.51190174
20005,KS,Atchison,.24430464
20007,KS,Barber,.64075184
20009,KS,Barton,.1486381
20011,KS,Bourbon,.2044711
20013,KS,Brown,.31113878
20015,KS,Butler,.075021006
20017,KS,Chase,0
20019,KS,Chautauqua,.29542097
20021,KS,Cherokee,.19782394
20023,KS,Cheyenne,1.1231748
20025,KS,Clark,.48426151
20027,KS,Clay,.24755539
20029,KS,Cloud,.21978022
20031,KS,Coffey,.23957834
20033,KS,Comanche,1.080497
20035,KS,Cowley,.11229331
20037,KS,Crawford,.12823144
20039,KS,Decatur,.35248503
20041,KS,Dickinson,.21073705
20043,KS,Doniphan,.2587657
20045,KS,Douglas,.15900646
20047,KS,Edwards,.34482759
20049,KS,Elk,0
20051,KS,Ellis,.13877806
20053,KS,Ellsworth,.31690699
20055,KS,Finney,.13514245
20057,KS,Ford,.17390801
20059,KS,Franklin,.15657416
20061,KS,Geary,.085207909
20063,KS,Gove,.76045626
20065,KS,Graham,.38940811
20067,KS,Grant,.13012362
20069,KS,Gray,.33444816
20071,KS,Greeley,.78125
20073,KS,Greenwood,.32615787
20075,KS,Hamilton,.38037276
20077,KS,Harper,.70422536
20079,KS,Harvey,.17254271
20081,KS,Haskell,.74294204
20083,KS,Hodgeman,.54555374
20085,KS,Jackson,.22626141
20087,KS,Jefferson,.15910055
20089,KS,Jewell,.6925208
20091,KS,Johnson,.14194925
20093,KS,Kearny,.25641024
20095,KS,Kingman,.26975992
20097,KS,Kiowa,0
20099,KS,Labette,.19675356
20101,KS,Lane,.625
20103,KS,Leavenworth,.087374397
20105,KS,Lincoln,.32499188
20107,KS,Linn,.31165594
20109,KS,Logan,.35561877
20111,KS,Lyon,.29940119
20113,KS,McPherson,.24646151
20115,KS,Marion,.49908501
20117,KS,Marshall,.40812162
20119,KS,Meade,.23523876
20121,KS,Miami,.12134818
20123,KS,Mitchell,.3233107
20125,KS,Montgomery,.091276966
20127,KS,Morris,.1799856
20129,KS,Morton,1.0714285
20131,KS,Nemaha,.49504951
20133,KS,Neosho,.24909702
20135,KS,Ness,1.0148849
20137,KS,Norton,.36324009
20139,KS,Osage,.063335232
20141,KS,Osborne,.82781458
20143,KS,Ottawa,.16894746
20145,KS,Pawnee,.14832394
20147,KS,Phillips,.55627668
20149,KS,Pottawatomie,.29669818
20151,KS,Pratt,.20894276
20153,KS,Rawlins,.79968011
20155,KS,Reno,.15862945
20157,KS,Republic,.43001506
20159,KS,Rice,.30584157
20161,KS,Riley,.10731341
20163,KS,Rooks,.5859375
20165,KS,Rush,0
20167,KS,Russell,.28612304
20169,KS,Saline,.10895225
20171,KS,Scott,.19956097
20173,KS,Sedgwick,.14435053
20175,KS,Seward,.21972227
20177,KS,Shawnee,.15716739
20179,KS,Sheridan,.80580175
20181,KS,Sherman,0
20183,KS,Smith,.81566066
20185,KS,Stafford,.47619048
20187,KS,Stanton,0
20189,KS,Stevens,.35366932
20191,KS,Sumner,.1723915
20193,KS,Thomas,.25604916
20195,KS,Trego,.34928396
20197,KS,Wabaunsee,.43541363
20199,KS,Wallace,.66445184
20201,KS,Washington,.8979885
20203,KS,Wichita,.46926326
20205,KS,Wilson,.23007017
20207,KS,Woodson,0
20209,KS,Wyandotte,.15813354
21001,KY,Adair,.20640899
21003,KY,Allen,.24120797
21005,KY,Anderson,.09031792
21007,KY,Ballard,.37234703
21009,KY,Barren,.22836785
21011,KY,Bath,.32597181
21013,KY,Bell,.22065313
21015,KY,Boone,.11614043
21017,KY,Bourbon,.19943161
21019,KY,Boyd,.14524026
21021,KY,Boyle,.13383298
21023,KY,Bracken,.11976048
21025,KY,Breathitt,.30328304
21027,KY,Breckinridge,.3006916
21029,KY,Bullitt,.063124143
21031,KY,Butler,.23620187
21033,KY,Caldwell,.23773675
21035,KY,Calloway,.077375427
21037,KY,Campbell,.18471435
21039,KY,Carlisle,.2076412
21041,KY,Carroll,.28304556
21043,KY,Carter,.22021581
21045,KY,Casey,.31723875
21047,KY,Christian,.16728236
21049,KY,Clark,.16718215
21051,KY,Clay,.19339554
21053,KY,Clinton,.19569471
21055,KY,Crittenden,.32740369
21057,KY,Cumberland,.2969121
21059,KY,Daviess,.16024999
21061,KY,Edmonson,.16572754
21063,KY,Elliott,.133209
21065,KY,Estill,.20913211
21067,KY,Fayette,.20372854
21069,KY,Fleming,.20681098
21071,KY,Floyd,.32459629
21073,KY,Franklin,.11942437
21075,KY,Fulton,.32362458
21077,KY,Gallatin,.22914757
21079,KY,Garrard,.057477899
21081,KY,Grant,.080295488
21083,KY,Graves,.13459675
21085,KY,Grayson,.19127774
21087,KY,Green,.090900823
21089,KY,Greenup,.16762118
21091,KY,Hancock,0
21093,KY,Hardin,.13097209
21095,KY,Harlan,.29612082
21097,KY,Harrison,.16139445
21099,KY,Hart,.26987639
21101,KY,Henderson,.15137099
21103,KY,Henry,.18923862
21105,KY,Hickman,.43365136
21107,KY,Hopkins,.13126805
21109,KY,Jackson,.14955507
21111,KY,Jefferson,.20199782
21113,KY,Jessamine,.095684625
21115,KY,Johnson,.21862702
21117,KY,Kenton,.17618898
21119,KY,Knott,.1934236
21121,KY,Knox,.28731963
21123,KY,Larue,.1425212
21125,KY,Laurel,.13335556
21127,KY,Lawrence,.18932223
21129,KY,Lee,.45468324
21131,KY,Leslie,.28738385
21133,KY,Letcher,.1758319
21135,KY,Lewis,.37105751
21137,KY,Lincoln,.20537254
21139,KY,Livingston,.43407488
21141,KY,Logan,.22508159
21143,KY,Lyon,.12371644
21145,KY,McCracken,.16834502
21147,KY,McCreary,.17089148
21149,KY,McLean,.32113037
21151,KY,Madison,.08934854
21153,KY,Magoffin,.078901686
21155,KY,Marion,.10447683
21157,KY,Marshall,.22383526
21159,KY,Martin,.33481207
21161,KY,Mason,.2331274
21163,KY,Meade,.10708931
21165,KY,Menifee,.15513496
21167,KY,Mercer,.14023279
21169,KY,Metcalfe,.19980019
21171,KY,Monroe,.47263446
21173,KY,Montgomery,.14460793
21175,KY,Morgan,.22667171
21177,KY,Muhlenberg,.28972444
21179,KY,Nelson,.13183336
21181,KY,Nicholas,.14158289
21183,KY,Ohio,.12398744
21185,KY,Oldham,.045916501
21187,KY,Owen,.18756448
21189,KY,Owsley,0
21191,KY,Pendleton,.13721186
21193,KY,Perry,.25768453
21195,KY,Pike,.34743476
21197,KY,Powell,.24400163
21199,KY,Pulaski,.20308058
21201,KY,Robertson,.46838409
21203,KY,Rockcastle,.17781992
21205,KY,Rowan,.081960492
21207,KY,Russell,.28137311
21209,KY,Scott,.07488393
21211,KY,Shelby,.10731456
21213,KY,Simpson,.11120378
21215,KY,Spencer,.054827601
21217,KY,Taylor,.15725125
21219,KY,Todd,.32357225
21221,KY,Trigg,.20959966
21223,KY,Trimble,.11591515
21225,KY,Union,.27041644
21227,KY,Warren,.15038665
21229,KY,Washington,.32976091
21231,KY,Wayne,.096371606
21233,KY,Webster,.22772127
21235,KY,Whitley,.24928676
21237,KY,Wolfe,.13860014
21239,KY,Woodford,.11498218
22001,LA,Acadia,.30254778
22003,LA,Allen,.15572685
22005,LA,Ascension,.18108784
22007,LA,Assumption,.17578554
22009,LA,Avoyelles,.19493178
22011,LA,Beauregard,.081085466
22013,LA,Bienville,.14486456
22015,LA,Bossier,.13465133
22017,LA,Caddo,.12442554
22019,LA,Calcasieu,.15451175
22021,LA,Caldwell,.29788503
22023,LA,Cameron,.43566656
22025,LA,Catahoula,.10090818
22027,LA,Claiborne,.18559763
22029,LA,Concordia,.20006002
22031,LA,De Soto,.073499687
22033,LA,East Baton Rouge,.26578459
22035,LA,East Carroll,.41385019
22037,LA,East Feliciana,.051221602
22039,LA,Evangeline,.38564223
22041,LA,Franklin,.098212533
22043,LA,Grant,.089698166
22045,LA,Iberia,.28736812
22047,LA,Iberville,.21265608
22049,LA,Jackson,.06310343
22051,LA,Jefferson,.21665508
22053,LA,Jefferson Davis,.22314313
22055,LA,Lafayette,.21923837
22057,LA,Lafourche,.12168287
22059,LA,La Salle,.1328727
22061,LA,Lincoln,.083950721
22063,LA,Livingston,.11422045
22065,LA,Madison,.17414019
22067,LA,Morehouse,.11576754
22069,LA,Natchitoches,.17951019
22071,LA,Orleans,.34858188
22073,LA,Ouachita,.13381165
22075,LA,Plaquemines,.17147511
22077,LA,Pointe Coupee,.270807
22079,LA,Rapides,.10598273
22081,LA,Red River,0
22083,LA,Richland,.097789951
22085,LA,Sabine,.20752916
22087,LA,St. Bernard,.28375605
22089,LA,St. Charles,.24591404
22091,LA,St. Helena,.38317847
22093,LA,St. James,.27995521
22095,LA,St. John the Baptist,.18399264
22097,LA,St. Landry,.3703571
22099,LA,St. Martin,.26017952
22101,LA,St. Mary,.22999962
22103,LA,St. Tammany,.15033311
22105,LA,Tangipahoa,.1531124
22107,LA,Tensas,.21381228
22109,LA,Terrebonne,.15911883
22111,LA,Union,.13269052
22113,LA,Vermilion,.21589664
22115,LA,Vernon,.019371999
22117,LA,Washington,.25848699
22119,LA,Webster,.15077271
22121,LA,West Baton Rouge,.23132975
22123,LA,West Carroll,.44931704
22125,LA,West Feliciana,.13050571
22127,LA,Winn,.20642675
23001,ME,Androscoggin,.22373658
23003,ME,Aroostook,.45510599
23005,ME,Cumberland,.25781614
23007,ME,Franklin,.46556482
23009,ME,Hancock,.55149084
23011,ME,Kennebec,.22253725
23013,ME,Knox,.42869753
23015,ME,Lincoln,.2647604
23017,ME,Oxford,.24520107
23019,ME,Penobscot,.19800019
23021,ME,Piscataquis,.41479024
23023,ME,Sagadahoc,.19924287
23025,ME,Somerset,.1973827
23027,ME,Waldo,.30437541
23029,ME,Washington,.5068745
23031,ME,York,.21263655
24001,MD,Allegany,.18007037
24003,MD,Anne Arundel,.1652265
24005,MD,Baltimore,.1768036
24009,MD,Calvert,.15367897
24011,MD,Caroline,.1216286
24013,MD,Carroll,.14359219
24015,MD,Cecil,.15579206
24017,MD,Charles,.13339262
24019,MD,Dorchester,.18594849
24021,MD,Frederick,.14119679
24023,MD,Garrett,.23854962
24025,MD,Harford,.11978965
24027,MD,Howard,.12935141
24029,MD,Kent,.40704182
24031,MD,Montgomery,.19173315
24033,MD,Prince George's,.1756015
24035,MD,Queen Anne's,.10167148
24037,MD,St. Mary's,.15200965
24039,MD,Somerset,.15484071
24041,MD,Talbot,.34942478
24043,MD,Washington,.17355317
24045,MD,Wicomico,.097480141
24047,MD,Worcester,.23294638
24510,MD,Baltimore,.49436104
25001,MA,Barnstable,.35607198
25003,MA,Berkshire,.27589902
25005,MA,Bristol,.16478242
25007,MA,Dukes,.69316083
25009,MA,Essex,.23698716
25011,MA,Franklin,.25489253
25013,MA,Hampden,.22174698
25015,MA,Hampshire,.21032055
25017,MA,Middlesex,.16935183
25019,MA,Nantucket,.36071783
25021,MA,Norfolk,.17221139
25023,MA,Plymouth,.16802782
25025,MA,Suffolk,.27301511
25027,MA,Worcester,.15962353
26001,MI,Alcona,.28893384
26003,MI,Alger,.65825564
26005,MI,Allegan,.13048585
26007,MI,Alpena,.31405941
26009,MI,Antrim,.21676928
26011,MI,Arenac,.26442784
26013,MI,Baraga,.46860355
26015,MI,Barry,.18421757
26017,MI,Bay,.16270901
26019,MI,Benzie,.39945218
26021,MI,Berrien,.21406747
26023,MI,Branch,.069033757
26025,MI,Calhoun,.17886688
26027,MI,Cass,.19527817
26029,MI,Charlevoix,.30625525
26031,MI,Cheboygan,.23618327
26033,MI,Chippewa,.34486419
26035,MI,Clare,.32888246
26037,MI,Clinton,.064491168
26039,MI,Crawford,.14557101
26041,MI,Delta,.30365768
26043,MI,Dickinson,.23515579
26045,MI,Eaton,.10105929
26047,MI,Emmet,.45570543
26049,MI,Genesee,.19823448
26051,MI,Gladwin,.1988546
26053,MI,Gogebic,.19545247
26055,MI,Grand Traverse,.22847444
26057,MI,Gratiot,.12215382
26059,MI,Hillsdale,.0436996
26061,MI,Houghton,.22046463
26063,MI,Huron,.25436392
26065,MI,Ingham,.17365152
26067,MI,Ionia,.15580693
26069,MI,Iosco,.27699736
26071,MI,Iron,.26828831
26073,MI,Isabella,.14058173
26075,MI,Jackson,.11376924
26077,MI,Kalamazoo,.16854621
26079,MI,Kalkaska,.3468208
26081,MI,Kent,.14621043
26083,MI,Keweenaw,.93501633
26085,MI,Lake,.16861984
26087,MI,Lapeer,.11345458
26089,MI,Leelanau,.41874099
26091,MI,Lenawee,.14211755
26093,MI,Livingston,.095562704
26095,MI,Luce,.63081533
26097,MI,Mackinac,.65457267
26099,MI,Macomb,.14409173
26101,MI,Manistee,.40919879
26103,MI,Marquette,.21064985
26105,MI,Mason,.20800111
26107,MI,Mecosta,.1853053
26109,MI,Menominee,.30145127
26111,MI,Midland,.19177064
26113,MI,Missaukee,.13304949
26115,MI,Monroe,.14743036
26117,MI,Montcalm,.15882343
26119,MI,Montmorency,.32587442
26121,MI,Muskegon,.1270927
26123,MI,Newaygo,.1883318
26125,MI,Oakland,.18542868
26127,MI,Oceana,.26635212
26129,MI,Ogemaw,.19136925
26131,MI,Ontonagon,.50581688
26133,MI,Osceola,.21578698
26135,MI,Oscoda,.36310822
26137,MI,Otsego,.28706172
26139,MI,Ottawa,.10944705
26141,MI,Presque Isle,.55009824
26143,MI,Roscommon,.16773598
26145,MI,Saginaw,.20282394
26147,MI,St. Clair,.15046361
26149,MI,St. Joseph,.18082587
26151,MI,Sanilac,.21743332
26153,MI,Schoolcraft,.37546933
26155,MI,Shiawassee,.13130827
26157,MI,Tuscola,.15027708
26159,MI,Van Buren,.2659539
26161,MI,Washtenaw,.17272009
26163,MI,Wayne,.2305593
26165,MI,Wexford,.21154428
27001,MN,Aitkin,.2535497
27003,MN,Anoka,.10371801
27005,MN,Becker,.088883623
27007,MN,Beltrami,.13040359
27009,MN,Benton,.1266849
27011,MN,Big Stone,.59856343
27013,MN,Blue Earth,.10566995
27015,MN,Brown,.27709603
27017,MN,Carlton,.11253657
27019,MN,Carver,.11960888
27021,MN,Cass,.31034482
27023,MN,Chippewa,.33233634
27025,MN,Chisago,.12820512
27027,MN,Clay,.11136211
27029,MN,Clearwater,.33856225
27031,MN,Cook,.75315386
27033,MN,Cottonwood,.35100034
27035,MN,Crow Wing,.25089774
27037,MN,Dakota,.11978315
27039,MN,Dodge,.097337812
27041,MN,Douglas,.21520996
27043,MN,Faribault,.43305665
27045,MN,Fillmore,.19121373
27047,MN,Freeborn,.16445746
27049,MN,Goodhue,.25951558
27051,MN,Grant,.6744225
27053,MN,Hennepin,.18754643
27055,MN,Houston,.21368663
27057,MN,Hubbard,.1930595
27059,MN,Isanti,.15478279
27061,MN,Itasca,.24363773
27063,MN,Jackson,.20116676
27065,MN,Kanabec,.062964365
27067,MN,Kandiyohi,.21115856
27069,MN,Kittson,.92635477
27071,MN,Koochiching,.39625931
27073,MN,Lac qui Parle,.29660389
27075,MN,Lake,.19018638
27077,MN,Lake of the Woods,.52687037
27079,MN,Le Sueur,.14433138
27081,MN,Lincoln,.87596357
27083,MN,Lyon,.27067786
27085,MN,McLeod,.13986796
27087,MN,Mahnomen,.36403349
27089,MN,Marshall,.53356099
27091,MN,Martin,.15082957
27093,MN,Meeker,.17316768
27095,MN,Mille Lacs,.23424689
27097,MN,Morrison,.21263669
27099,MN,Mower,.22883877
27101,MN,Murray,.36144578
27103,MN,Nicollet,.059424799
27105,MN,Nobles,.36337209
27107,MN,Norman,.30590394
27109,MN,Olmsted,.16973163
27111,MN,Otter Tail,.22421138
27113,MN,Pennington,.14034103
27115,MN,Pine,.13851854
27117,MN,Pipestone,.32633525
27119,MN,Polk,.2212739
27121,MN,Pope,.18246511
27123,MN,Ramsey,.18791036
27125,MN,Red Lake,.75075078
27127,MN,Redwood,.32817012
27129,MN,Renville,.48010975
27131,MN,Rice,.13722022
27133,MN,Rock,.10623606
27135,MN,Roseau,.3213574
27137,MN,St. Louis,.1599856
27139,MN,Scott,.090631492
27141,MN,Sherburne,.075078294
27143,MN,Sibley,.20281233
27145,MN,Stearns,.19799325
27147,MN,Steele,.21796584
27149,MN,Stevens,.307787
27151,MN,Swift,.317662
27153,MN,Todd,.28683823
27155,MN,Traverse,.60204697
27157,MN,Wabasha,.1398797
27159,MN,Wadena,.36856848
27161,MN,Waseca,.15933716
27163,MN,Washington,.10277655
27165,MN,Watonwan,.36660251
27167,MN,Wilkin,0
27169,MN,Winona,.078628711
27171,MN,Wright,.090643339
27173,MN,Yellow Medicine,.30327538
28001,MS,Adams,.15903307
28003,MS,Alcorn,.18796992
28005,MS,Amite,.08045052
28007,MS,Attala,.10772379
28009,MS,Benton,.12099214
28011,MS,Bolivar,.21450022
28013,MS,Calhoun,.34333584
28015,MS,Carroll,0
28017,MS,Chickasaw,.1740745
28019,MS,Choctaw,.48100048
28021,MS,Claiborne,.32862306
28023,MS,Clarke,.18872672
28025,MS,Clay,.15120968
28027,MS,Coahoma,.29387069
28029,MS,Copiah,.17479461
28031,MS,Covington,.20846362
28033,MS,DeSoto,.1139309
28035,MS,Forrest,.15865251
28037,MS,Franklin,.12946659
28039,MS,George,.084334806
28041,MS,Greene,.22251892
28043,MS,Grenada,.094255149
28045,MS,Hancock,.064312816
28047,MS,Harrison,.098697685
28049,MS,Hinds,.11165422
28051,MS,Holmes,.27839643
28053,MS,Humphreys,.23272051
28055,MS,Issaquena,0
28057,MS,Itawamba,.2563774
28059,MS,Jackson,.11303426
28061,MS,Jasper,.18082093
28063,MS,Jefferson,.1365747
28065,MS,Jefferson Davis,.17445917
28067,MS,Jones,.13200158
28069,MS,Kemper,.10046212
28071,MS,Lafayette,.074795716
28073,MS,Lamar,.11432304
28075,MS,Lauderdale,.10358937
28077,MS,Lawrence,.31242678
28079,MS,Leake,.087962352
28081,MS,Lee,.18864365
28083,MS,Leflore,.30275506
28085,MS,Lincoln,.11626555
28087,MS,Lowndes,.1177262
28089,MS,Madison,.15403129
28091,MS,Marion,.15928005
28093,MS,Marshall,.055897102
28095,MS,Monroe,.16709368
28097,MS,Montgomery,.19495077
28099,MS,Neshoba,.10190564
28101,MS,Newton,.18704699
28103,MS,Noxubee,.2748763
28105,MS,Oktibbeha,.10084915
28107,MS,Panola,.087822013
28109,MS,Pearl River,.14526439
28111,MS,Perry,.16561775
28113,MS,Pike,.17673197
28115,MS,Pontotoc,.22266756
28117,MS,Prentiss,.27565566
28119,MS,Quitman,.27012426
28121,MS,Rankin,.086050548
28123,MS,Scott,.28190851
28125,MS,Sharkey,.2205558
28127,MS,Simpson,.11119348
28129,MS,Smith,.25045395
28131,MS,Stone,.055707201
28133,MS,Sunflower,.18947288
28135,MS,Tallahatchie,.13905305
28137,MS,Tate,.035403199
28139,MS,Tippah,.18144704
28141,MS,Tishomingo,.4110997
28143,MS,Tunica,.29539189
28145,MS,Union,.14121801
28147,MS,Walthall,.27453673
28149,MS,Warren,.10629026
28151,MS,Washington,.23309529
28153,MS,Wayne,.19559902
28155,MS,Webster,.3068426
28157,MS,Wilkinson,.44404975
28159,MS,Winston,.1633987
28161,MS,Yalobusha,.24021138
28163,MS,Yazoo,.22053958
29001,MO,Adair,.11893906
29003,MO,Andrew,.23069382
29005,MO,Atchison,.37664783
29007,MO,Audrain,.11594203
29009,MO,Barry,.36786553
29011,MO,Barton,.084324144
29013,MO,Bates,.3054181
29015,MO,Benton,.15855399
29017,MO,Bollinger,.24582104
29019,MO,Boone,.18124664
29021,MO,Buchanan,.11191441
29023,MO,Butler,.16359344
29025,MO,Caldwell,.44101432
29027,MO,Callaway,.088737048
29029,MO,Camden,.19996001
29031,MO,Cape Girardeau,.12756729
29033,MO,Carroll,.1129433
29035,MO,Carter,.64443368
29037,MO,Cass,.097295195
29039,MO,Cedar,.21604493
29041,MO,Chariton,.39845929
29043,MO,Christian,.13070497
29045,MO,Clark,.44569901
29047,MO,Clay,.12983641
29049,MO,Clinton,.097418413
29051,MO,Cole,.14327581
29053,MO,Cooper,.056551501
29055,MO,Crawford,.12380324
29057,MO,Dade,.2629503
29059,MO,Dallas,.12210012
29061,MO,Daviess,.36438721
29063,MO,DeKalb,.079968013
29065,MO,Dent,.25931928
29067,MO,Douglas,.14979029
29069,MO,Dunklin,.45817515
29071,MO,Franklin,.19463962
29073,MO,Gasconade,.27118644
29075,MO,Gentry,.45201144
29077,MO,Greene,.14241996
29079,MO,Grundy,.3968254
29081,MO,Harrison,.23282887
29083,MO,Henry,.23129945
29085,MO,Hickory,.21335609
29087,MO,Holt,.44652826
29089,MO,Howard,.19876765
29091,MO,Howell,.24912806
29093,MO,Iron,.49275649
29095,MO,Jackson,.15437554
29097,MO,Jasper,.092206068
29099,MO,Jefferson,.10294835
29101,MO,Johnson,.093194909
29103,MO,Knox,.25348541
29105,MO,Laclede,.11290824
29107,MO,Lafayette,.21510664
29109,MO,Lawrence,.15696944
29111,MO,Lewis,.19835366
29113,MO,Lincoln,.10872323
29115,MO,Linn,.24711697
29117,MO,Livingston,.19817677
29119,MO,McDonald,.35138577
29121,MO,Macon,.26414844
29123,MO,Madison,.16351892
29125,MO,Maries,.33806625
29127,MO,Marion,.20929989
29129,MO,Mercer,.27337343
29131,MO,Miller,.32007682
29133,MO,Mississippi,.3639805
29135,MO,Moniteau,.187418
29137,MO,Monroe,.23156188
29139,MO,Montgomery,.26139235
29141,MO,Morgan,.44778347
29143,MO,New Madrid,.33538291
29145,MO,Newton,.10305914
29147,MO,Nodaway,.0444603
29149,MO,Oregon,.27935562
29151,MO,Osage,.36775523
29153,MO,Ozark,.21769892
29155,MO,Pemiscot,.29236346
29157,MO,Perry,.15624186
29159,MO,Pettis,.16556291
29161,MO,Phelps,.1784599
29163,MO,Pike,.10808474
29165,MO,Platte,.10136539
29167,MO,Polk,.063669935
29169,MO,Pulaski,.095037162
29171,MO,Putnam,.41399297
29173,MO,Ralls,.19554165
29175,MO,Randolph,.16019224
29177,MO,Ray,0
29179,MO,Reynolds,.31397176
29181,MO,Ripley,.21769102
29183,MO,St. Charles,.112591
29185,MO,St. Clair,.32282364
29186,MO,Ste. Genevieve,.11185683
29187,MO,St. Francois,.2108656
29189,MO,St. Louis,.18132348
29195,MO,Saline,.17503938
29197,MO,Schuyler,.22266756
29199,MO,Scotland,.61124694
29201,MO,Scott,.25824445
29203,MO,Shannon,.36390102
29205,MO,Shelby,.49578583
29207,MO,Stoddard,.23742495
29209,MO,Stone,.15855901
29211,MO,Sullivan,.63061643
29213,MO,Taney,.18265174
29215,MO,Texas,.19340864
29217,MO,Vernon,.048652299
29219,MO,Warren,.17743605
29221,MO,Washington,.0402706
29223,MO,Wayne,.22715227
29225,MO,Webster,.10508341
29227,MO,Worth,.49309665
29229,MO,Wright,.27359781
29510,MO,St. Louis,.34169585
30001,MT,Beaverhead,.317662
30003,MT,Big Horn,.29915488
30005,MT,Blaine,.60087126
30007,MT,Broadwater,.17277125
30009,MT,Carbon,.4762812
30011,MT,Carter,.84961766
30013,MT,Cascade,.12271746
30015,MT,Chouteau,.34518468
30017,MT,Custer,.16919042
30019,MT,Daniels,.57670128
30021,MT,Dawson,.21637997
30023,MT,Deer Lodge,.22053148
30025,MT,Fallon,.32351989
30027,MT,Fergus,.79646015
30029,MT,Flathead,.18425067
30031,MT,Gallatin,.17295718
30033,MT,Garfield,.76452601
30035,MT,Glacier,.3657912
30037,MT,Golden Valley,0
30039,MT,Granite,.6075334
30041,MT,Hill,.12161012
30043,MT,Jefferson,.16992353
30045,MT,Judith Basin,1.0261673
30047,MT,Lake,.26926056
30049,MT,Lewis and Clark,.19463409
30051,MT,Liberty,.82372326
30053,MT,Lincoln,.41601664
30055,MT,McCone,.57504314
30057,MT,Madison,.37645876
30059,MT,Meagher,1.0857763
30061,MT,Mineral,.72727275
30063,MT,Missoula,.17256851
30065,MT,Musselshell,.43140638
30067,MT,Park,.24847807
30069,MT,Petroleum,2.0080321
30071,MT,Phillips,.48590866
30073,MT,Pondera,.33178499
30075,MT,Powder River,.57077628
30077,MT,Powell,.29205608
30079,MT,Prairie,.85763294
30081,MT,Ravalli,.28656033
30083,MT,Richland,.26297334
30085,MT,Roosevelt,.44567251
30087,MT,Rosebud,.86346465
30089,MT,Sanders,.87214375
30091,MT,Sheridan,.5561735
30093,MT,Silver Bow,.26111934
30095,MT,Stillwater,.32027331
30097,MT,Sweet Grass,.27563396
30099,MT,Teton,.33266801
30101,MT,Toole,.40314454
30103,MT,Treasure,0
30105,MT,Valley,.39803636
30107,MT,Wheatland,.47370914
30109,MT,Wibaux,.95510983
30111,MT,Yellowstone,.11417843
31001,NE,Adams,.15794295
31003,NE,Antelope,.78665829
31005,NE,Arthur,2.1276596
31007,NE,Banner,0
31009,NE,Blaine,0
31011,NE,Boone,.74654722
31013,NE,Box Butte,.35739815
31015,NE,Boyd,1.010101
31017,NE,Brown,1.0053619
31019,NE,Buffalo,.20250294
31021,NE,Burt,.30548343
31023,NE,Butler,.24984385
31025,NE,Cass,.23442994
31027,NE,Cedar,.46538687
31029,NE,Chase,1.0116338
31031,NE,Cherry,.34311202
31033,NE,Cheyenne,.29803297
31035,NE,Clay,.65051228
31037,NE,Colfax,.46908715
31039,NE,Cuming,.44439507
31041,NE,Custer,.55365878
31043,NE,Dakota,.29410324
31045,NE,Dawes,.22441652
31047,NE,Dawson,.16790497
31049,NE,Deuel,1.0706638
31051,NE,Dixon,.17409471
31053,NE,Dodge,.21877649
31055,NE,Douglas,.16370027
31057,NE,Dundy,0
31059,NE,Fillmore,.53191489
31061,NE,Franklin,.66401064
31063,NE,Frontier,1.509434
31065,NE,Furnas,.83839864
31067,NE,Gage,.2776621
31069,NE,Garden,.52328622
31071,NE,Garfield,.49975014
31073,NE,Gosper,.49431539
31075,NE,Grant,1.5060241
31077,NE,Greeley,.83160084
31079,NE,Hall,.17877458
31081,NE,Hamilton,.10905126
31083,NE,Harlan,.28885037
31085,NE,Hayes,1.1223345
31087,NE,Hitchcock,.70323485
31089,NE,Holt,.58622372
31091,NE,Hooker,1.447178
31093,NE,Howard,.31157503
31095,NE,Jefferson,.27862915
31097,NE,Johnson,.1920123
31099,NE,Kearney,.30446035
31101,NE,Keith,.37009624
31103,NE,Keya Paha,1.2578616
31105,NE,Kimball,.27144408
31107,NE,Knox,.70579934
31109,NE,Lancaster,.14490514
31111,NE,Lincoln,.25370693
31113,NE,Logan,0
31115,NE,Loup,0
31117,NE,McPherson,0
31119,NE,Madison,.25762129
31121,NE,Merrick,.12740476
31123,NE,Morrill,.61324614
31125,NE,Nance,.83869165
31127,NE,Nemaha,.5729838
31129,NE,Nuckolls,.23430178
31131,NE,Otoe,.25025025
31133,NE,Pawnee,.36886758
31135,NE,Perkins,.68823123
31137,NE,Phelps,.32665506
31139,NE,Pierce,.55897146
31141,NE,Platte,.1517635
31143,NE,Polk,.57670128
31145,NE,Red Willow,.092738569
31147,NE,Richardson,.25006253
31149,NE,Rock,.7082153
31151,NE,Saline,.27981812
31153,NE,Sarpy,.084114663
31155,NE,Saunders,.28578234
31157,NE,Scotts Bluff,.13678768
31159,NE,Seward,.29265437
31161,NE,Sheridan,1.3361329
31163,NE,Sherman,.66115701
31165,NE,Sioux,0
31167,NE,Stanton,.16702856
31169,NE,Thayer,.78446752
31171,NE,Thomas,1.3850416
31173,NE,Thurston,0
31175,NE,Valley,.71753168
31177,NE,Washington,.097238429
31179,NE,Wayne,.21157305
31181,NE,Webster,.55834728
31183,NE,Wheeler,0
31185,NE,York,.29067656
32001,NV,Churchill,.083277814
32003,NV,Clark,.093196906
32005,NV,Douglas,.12513818
32007,NV,Elko,.21039343
32009,NV,Esmeralda,1.2077295
32011,NV,Eureka,.51546389
32013,NV,Humboldt,.23706514
32015,NV,Lander,.34692109
32017,NV,Lincoln,.57937425
32019,NV,Lyon,.075680174
32021,NV,Mineral,.22747953
32023,NV,Nye,.16129404
32027,NV,Pershing,.15137753
32029,NV,Storey,0
32031,NV,Washoe,.12377632
32033,NV,White Pine,.30788177
32510,NV,Carson City,.18421973
33001,NH,Belknap,.16500017
33003,NH,Carroll,.31646237
33005,NH,Cheshire,.17173733
33007,NH,Coos,.37590453
33009,NH,Grafton,.32470804
33011,NH,Hillsborough,.16678195
33013,NH,Merrimack,.14176449
33015,NH,Rockingham,.15793526
33017,NH,Strafford,.1414316
33019,NH,Sullivan,.16265452
34001,NJ,Atlantic,.26584941
34003,NJ,Bergen,.27165061
34005,NJ,Burlington,.15390037
34007,NJ,Camden,.28781712
34009,NJ,Cape May,.45783645
34011,NJ,Cumberland,.20141117
34013,NJ,Essex,.45031822
34015,NJ,Gloucester,.13712578
34017,NJ,Hudson,.40210319
34019,NJ,Hunterdon,.16791806
34021,NJ,Mercer,.31579509
34023,NJ,Middlesex,.25238517
34025,NJ,Monmouth,.26803577
34027,NJ,Morris,.1964542
34029,NJ,Ocean,.18551499
34031,NJ,Passaic,.47529167
34033,NJ,Salem,.25333291
34035,NJ,Somerset,.2153284
34037,NJ,Sussex,.18975599
34039,NJ,Union,.27267575
34041,NJ,Warren,.22462445
35001,NM,Bernalillo,.11545498
35003,NM,Catron,.5662514
35005,NM,Chaves,.091783822
35006,NM,Cibola,.11112758
35007,NM,Colfax,.24465829
35009,NM,Curry,.099665128
35011,NM,De Baca,1.0863661
35013,NM,Doa Ana,.098188654
35015,NM,Eddy,.087023117
35017,NM,Grant,.17836122
35019,NM,Guadalupe,0
35021,NM,Harding,1.4450867
35023,NM,Hidalgo,.46189377
35025,NM,Lea,.12884752
35027,NM,Lincoln,.15548876
35028,NM,Los Alamos,.16527104
35029,NM,Luna,.082345188
35031,NM,McKinley,.1644782
35033,NM,Mora,.21992522
35035,NM,Otero,.13807069
35037,NM,Quay,.238635
35039,NM,Rio Arriba,.076612696
35041,NM,Roosevelt,.052405398
35043,NM,Sandoval,.085577361
35045,NM,San Juan,.070437968
35047,NM,San Miguel,.10731149
35049,NM,Santa Fe,.18926208
35051,NM,Sierra,.17962997
35053,NM,Socorro,.059105098
35055,NM,Taos,.33478406
35057,NM,Torrance,.12965123
35059,NM,Union,.24078979
35061,NM,Valencia,.10576554
36001,NY,Albany,.32677624
36003,NY,Allegany,.29717681
36005,NY,Bronx,.88224721
36007,NY,Broome,.21557255
36009,NY,Cattaraugus,.24433842
36011,NY,Cayuga,.14146636
36013,NY,Chautauqua,.23141363
36015,NY,Chemung,.17433752
36017,NY,Chenango,.16555263
36019,NY,Clinton,.24699591
36021,NY,Columbia,.32781512
36023,NY,Cortland,.14603414
36025,NY,Delaware,.26417172
36027,NY,Dutchess,.33608654
36029,NY,Erie,.33690241
36031,NY,Essex,.49981585
36033,NY,Franklin,.2542091
36035,NY,Fulton,.2421037
36037,NY,Genesee,.18912368
36039,NY,Greene,.27359205
36041,NY,Hamilton,.87604028
36043,NY,Herkimer,.16005377
36045,NY,Jefferson,.29802603
36047,NY,Kings,.94120437
36049,NY,Lewis,.11258726
36051,NY,Livingston,.2024859
36053,NY,Madison,.15408537
36055,NY,Monroe,.2542398
36057,NY,Montgomery,.22327772
36059,NY,Nassau,.40999898
36061,NY,New York,.79354382
36063,NY,Niagara,.16053031
36065,NY,Oneida,.30699649
36067,NY,Onondaga,.2593033
36069,NY,Ontario,.17337981
36071,NY,Orange,.2842741
36073,NY,Orleans,.19374213
36075,NY,Oswego,.17660861
36077,NY,Otsego,.29829475
36079,NY,Putnam,.27243283
36081,NY,Queens,.68929106
36083,NY,Rensselaer,.23789252
36085,NY,Richmond,.50693047
36087,NY,Rockland,.33957934
36089,NY,St. Lawrence,.27275455
36091,NY,Saratoga,.12304447
36093,NY,Schenectady,.29682782
36095,NY,Schoharie,.063586935
36097,NY,Schuyler,.11112346
36099,NY,Seneca,.20125932
36101,NY,Steuben,.2375297
36103,NY,Suffolk,.32857448
36105,NY,Sullivan,.39803636
36107,NY,Tioga,.20501046
36109,NY,Tompkins,.2008397
36111,NY,Ulster,.26177135
36113,NY,Warren,.41848138
36115,NY,Washington,.16179658
36117,NY,Wayne,.16497295
36119,NY,Westchester,.49560395
36121,NY,Wyoming,.19782883
36123,NY,Yates,.39964831
37001,NC,Alamance,.18201789
37003,NC,Alexander,.080493696
37005,NC,Alleghany,.27409777
37007,NC,Anson,.079621002
37009,NC,Ashe,.14951035
37011,NC,Avery,.22857143
37013,NC,Beaufort,.19002977
37015,NC,Bertie,.2056661
37017,NC,Bladen,.1775358
37019,NC,Brunswick,.17411537
37021,NC,Buncombe,.21932058
37023,NC,Burke,.18017612
37025,NC,Cabarrus,.15379044
37027,NC,Caldwell,.13449571
37029,NC,Camden,0
37031,NC,Carteret,.20332582
37033,NC,Caswell,.13191453
37035,NC,Catawba,.2234323
37037,NC,Chatham,.18618239
37039,NC,Cherokee,.17932074
37041,NC,Chowan,.14044943
37043,NC,Clay,.092429981
37045,NC,Cleveland,.17507364
37047,NC,Columbus,.28401527
37049,NC,Craven,.15555577
37051,NC,Cumberland,.14990796
37053,NC,Currituck,.38965088
37055,NC,Dare,.47539151
37057,NC,Davidson,.19452414
37059,NC,Davie,.1191242
37061,NC,Duplin,.23506103
37063,NC,Durham,.16933146
37065,NC,Edgecombe,.2064061
37067,NC,Forsyth,.22065908
37069,NC,Franklin,.12372601
37071,NC,Gaston,.14753139
37073,NC,Gates,.25877684
37075,NC,Graham,.11698643
37077,NC,Granville,.11899905
37079,NC,Greene,.23647371
37081,NC,Guilford,.22797109
37083,NC,Halifax,.3855719
37085,NC,Harnett,.15278955
37087,NC,Haywood,.16559581
37089,NC,Henderson,.19339299
37091,NC,Hertford,.29050463
37093,NC,Hoke,.11297733
37095,NC,Hyde,.18261504
37097,NC,Iredell,.17388381
37099,NC,Jackson,.16560991
37101,NC,Johnston,.1779229
37103,NC,Jones,.20779221
37105,NC,Lee,.25106284
37107,NC,Lenoir,.24376655
37109,NC,Lincoln,.18501388
37111,NC,McDowell,.20004889
37113,NC,Macon,.29146871
37115,NC,Madison,.18661939
37117,NC,Martin,.2166284
37119,NC,Mecklenburg,.20430613
37121,NC,Mitchell,.066365808
37123,NC,Montgomery,.14578322
37125,NC,Moore,.19917813
37127,NC,Nash,.26593482
37129,NC,New Hanover,.21950062
37131,NC,Northampton,.099176832
37133,NC,Onslow,.10405882
37135,NC,Orange,.13312501
37137,NC,Pamlico,.31252441
37139,NC,Pasquotank,.17670074
37141,NC,Pender,.18676673
37143,NC,Perquimans,.1489536
37145,NC,Person,.12728152
37147,NC,Pitt,.15200391
37149,NC,Polk,.1469076
37151,NC,Randolph,.15362163
37153,NC,Richmond,.24415146
37155,NC,Robeson,.24716508
37157,NC,Rockingham,.20797075
37159,NC,Rowan,.15767331
37161,NC,Rutherford,.18098183
37163,NC,Sampson,.15782081
37165,NC,Scotland,.19858156
37167,NC,Stanly,.22996058
37169,NC,Stokes,.15253535
37171,NC,Surry,.20819165
37173,NC,Swain,.2114612
37175,NC,Transylvania,.20913626
37177,NC,Tyrrell,.24758604
37179,NC,Union,.15891233
37181,NC,Vance,.24760276
37183,NC,Wake,.18491283
37185,NC,Warren,.25139526
37187,NC,Washington,.24727993
37189,NC,Watauga,.1848463
37191,NC,Wayne,.20084193
37193,NC,Wilkes,.17484047
37195,NC,Wilson,.23332064
37197,NC,Yadkin,.18554842
37199,NC,Yancey,.17024174
38001,ND,Adams,.42589438
38003,ND,Barnes,.36599872
38005,ND,Benson,.29192817
38007,ND,Billings,0
38009,ND,Bottineau,0
38011,ND,Bowman,1.2383901
38013,ND,Burke,.89806914
38015,ND,Burleigh,.11648964
38017,ND,Cass,.18324982
38019,ND,Cavalier,.78740156
38021,ND,Dickey,.6006006
38023,ND,Divide,.41858518
38025,ND,Dunn,.22867596
38027,ND,Eddy,0
38029,ND,Emmons,1.1994003
38031,ND,Foster,.30211481
38033,ND,Golden Valley,1.0746911
38035,ND,Grand Forks,.1558162
38037,ND,Grant,.41736227
38039,ND,Griggs,.44208664
38041,ND,Hettinger,1.1542901
38043,ND,Kidder,.81201786
38045,ND,LaMoure,.48614487
38047,ND,Logan,.51759833
38049,ND,McHenry,.50100201
38051,ND,McIntosh,.76804918
38053,ND,McKenzie,.23779328
38055,ND,McLean,.31039834
38057,ND,Mercer,.34734282
38059,ND,Morton,.19598237
38061,ND,Mountrail,.58565152
38063,ND,Nelson,1.7235436
38065,ND,Oliver,0
38067,ND,Pembina,.56633157
38069,ND,Pierce,.23736055
38071,ND,Ramsey,.26055238
38073,ND,Ransom,.18611576
38075,ND,Renville,.39635354
38077,ND,Richland,.061207
38079,ND,Rolette,.34090135
38081,ND,Sargent,.51413882
38083,ND,Sheridan,.74239051
38085,ND,Sioux,.22446689
38087,ND,Slope,0
38089,ND,Stark,.19445165
38091,ND,Steele,.52273917
38093,ND,Stutsman,.14279595
38095,ND,Towner,0
38097,ND,Traill,.87227416
38099,ND,Walsh,.3682563
38101,ND,Ward,.11403646
38103,ND,Wells,1.4785609
38105,ND,Williams,.17546424
39001,OH,Adams,.1077896
39003,OH,Allen,.13510123
39005,OH,Ashland,.26208884
39007,OH,Ashtabula,.17317076
39009,OH,Athens,.16586249
39011,OH,Auglaize,.13101295
39013,OH,Belmont,.26251313
39015,OH,Brown,.13747594
39017,OH,Butler,.1217147
39019,OH,Carroll,.1447335
39021,OH,Champaign,.23233601
39023,OH,Clark,.13370872
39025,OH,Clermont,.123143
39027,OH,Clinton,.1910174
39029,OH,Columbiana,.1638649
39031,OH,Coshocton,.19102718
39033,OH,Crawford,.16651997
39035,OH,Cuyahoga,.22497834
39037,OH,Darke,.19366333
39039,OH,Defiance,.1311613
39041,OH,Delaware,.10163789
39043,OH,Erie,.17346285
39045,OH,Fairfield,.098244049
39047,OH,Fayette,.2093364
39049,OH,Franklin,.20944914
39051,OH,Fulton,.16538689
39053,OH,Gallia,.16668889
39055,OH,Geauga,.13852187
39057,OH,Greene,.12718871
39059,OH,Guernsey,.30612245
39061,OH,Hamilton,.21108843
39063,OH,Hancock,.14552189
39065,OH,Hardin,.15920018
39067,OH,Harrison,.26217473
39069,OH,Henry,.14668672
39071,OH,Highland,.16281721
39073,OH,Hocking,.14091453
39075,OH,Holmes,.36503011
39077,OH,Huron,.17125927
39079,OH,Jackson,.27663368
39081,OH,Jefferson,.23911288
39083,OH,Knox,.14794844
39085,OH,Lake,.17882846
39087,OH,Lawrence,.18113257
39089,OH,Licking,.12803948
39091,OH,Logan,.26565716
39093,OH,Lorain,.17939268
39095,OH,Lucas,.17338555
39097,OH,Madison,.11532961
39099,OH,Mahoning,.14771755
39101,OH,Marion,.18367159
39103,OH,Medina,.11870912
39105,OH,Meigs,.12943867
39107,OH,Mercer,.22107591
39109,OH,Miami,.10538215
39111,OH,Monroe,.14187416
39113,OH,Montgomery,.15995634
39115,OH,Morgan,.2032245
39117,OH,Morrow,.17165418
39119,OH,Muskingum,.1629252
39121,OH,Noble,.20771308
39123,OH,Ottawa,.17286085
39125,OH,Paulding,.2123255
39127,OH,Perry,.222105
39129,OH,Pickaway,.13905789
39131,OH,Pike,.14165811
39133,OH,Portage,.12333345
39135,OH,Preble,.12163971
39137,OH,Putnam,.14698966
39139,OH,Richland,.18156759
39141,OH,Ross,.11701989
39143,OH,Sandusky,.20242573
39145,OH,Scioto,.17051417
39147,OH,Seneca,.19871019
39149,OH,Shelby,.12313755
39151,OH,Stark,.1633077
39153,OH,Summit,.15544213
39155,OH,Trumbull,.22310251
39157,OH,Tuscarawas,.19462615
39159,OH,Union,.072129257
39161,OH,Van Wert,.14201519
39163,OH,Vinton,0
39165,OH,Warren,.12804888
39167,OH,Washington,.19823243
39169,OH,Wayne,.24050437
39171,OH,Williams,.16250914
39173,OH,Wood,.1233578
39175,OH,Wyandot,.31757554
40001,OK,Adair,.13567908
40003,OK,Alfalfa,.3381806
40005,OK,Atoka,.28725314
40007,OK,Beaver,.18518518
40009,OK,Beckham,.17831668
40011,OK,Blaine,.31344688
40013,OK,Bryan,.065945663
40015,OK,Caddo,.13540044
40017,OK,Canadian,.080702551
40019,OK,Carter,.18610807
40021,OK,Cherokee,.1640992
40023,OK,Choctaw,0
40025,OK,Cimarron,.4608295
40027,OK,Cleveland,.18727267
40029,OK,Coal,.53172636
40031,OK,Comanche,.098848417
40033,OK,Cotton,0
40035,OK,Craig,.069156297
40037,OK,Creek,.084461838
40039,OK,Custer,.13771734
40041,OK,Delaware,.095510982
40043,OK,Dewey,.40933278
40045,OK,Ellis,.24491796
40047,OK,Garfield,.16029751
40049,OK,Garvin,.1789421
40051,OK,Grady,.091362581
40053,OK,Grant,.67370313
40055,OK,Greer,.16764459
40057,OK,Harmon,.37133309
40059,OK,Harper,.52714813
40061,OK,Haskell,.15815277
40063,OK,Hughes,.22351363
40065,OK,Jackson,.039374702
40067,OK,Jefferson,.31999999
40069,OK,Johnston,.090163194
40071,OK,Kay,.17784497
40073,OK,Kingfisher,.19272774
40075,OK,Kiowa,.3322995
40077,OK,Latimer,.094679035
40079,OK,Le Flore,.1605072
40081,OK,Lincoln,.08582709
40083,OK,Logan,.043476399
40085,OK,Love,.10022049
40087,OK,McClain,.051814798
40089,OK,McCurtain,.18226556
40091,OK,McIntosh,.35426894
40093,OK,Major,.38754684
40095,OK,Marshall,.246169
40097,OK,Mayes,.14644147
40099,OK,Murray,.14427933
40101,OK,Muskogee,.20276338
40103,OK,Noble,.087997183
40105,OK,Nowata,.096144602
40107,OK,Okfuskee,.33038738
40109,OK,Oklahoma,.23208128
40111,OK,Okmulgee,.15343699
40113,OK,Osage,.063402161
40115,OK,Ottawa,.063445739
40117,OK,Pawnee,.1817631
40119,OK,Payne,.061539199
40121,OK,Pittsburg,.11262529
40123,OK,Pontotoc,.15607522
40125,OK,Pottawatomie,.055569399
40127,OK,Pushmataha,.27114967
40129,OK,Roger Mills,.27100271
40131,OK,Rogers,.065969586
40133,OK,Seminole,.15895724
40135,OK,Sequoyah,.21758051
40137,OK,Stephens,.15911622
40139,OK,Texas,.18929535
40141,OK,Tillman,.13280213
40143,OK,Tulsa,.14572695
40145,OK,Wagoner,.0129019
40147,OK,Washington,.11557576
40149,OK,Washita,.17430712
40151,OK,Woods,.32844317
40153,OK,Woodward,.09558402
41001,OR,Baker,.18811136
41003,OR,Benton,.14558323
41005,OR,Clackamas,.14261827
41007,OR,Clatsop,.41411084
41009,OR,Columbia,.15721416
41011,OR,Coos,.25246549
41013,OR,Crook,.17901897
41015,OR,Curry,.30989906
41017,OR,Deschutes,.21032239
41019,OR,Douglas,.24976873
41021,OR,Gilliam,1.6137708
41023,OR,Grant,.41759464
41025,OR,Harney,.27544415
41027,OR,Hood River,.47693375
41029,OR,Jackson,.16301361
41031,OR,Jefferson,.30278125
41033,OR,Josephine,.18748975
41035,OR,Klamath,.2413892
41037,OR,Lake,.12787724
41039,OR,Lane,.1656335
41041,OR,Lincoln,.35492828
41043,OR,Linn,.15484923
41045,OR,Malheur,.19741388
41047,OR,Marion,.13104364
41049,OR,Morrow,.089134507
41051,OR,Multnomah,.18963519
41053,OR,Polk,.12278677
41055,OR,Sherman,0
41057,OR,Tillamook,.3433935
41059,OR,Umatilla,.18265079
41061,OR,Union,.26878625
41063,OR,Wallowa,.72296125
41065,OR,Wasco,.27057323
41067,OR,Washington,.14243083
41069,OR,Wheeler,.75414783
41071,OR,Yamhill,.20169617
42001,PA,Adams,.10817828
42003,PA,Allegheny,.17840371
42005,PA,Armstrong,.166334
42007,PA,Beaver,.14959042
42009,PA,Bedford,.30831209
42011,PA,Berks,.17799929
42013,PA,Blair,.15331607
42015,PA,Bradford,.22956088
42017,PA,Bucks,.14519323
42019,PA,Butler,.16648139
42021,PA,Cambria,.21591358
42023,PA,Cameron,.21353833
42025,PA,Carbon,.17318743
42027,PA,Centre,.10488454
42029,PA,Chester,.12584972
42031,PA,Clarion,.20747964
42033,PA,Clearfield,.21240707
42035,PA,Clinton,.12825446
42037,PA,Columbia,.15116701
42039,PA,Crawford,.23120052
42041,PA,Cumberland,.15328699
42043,PA,Dauphin,.20428935
42045,PA,Delaware,.24468303
42047,PA,Elk,.23008908
42049,PA,Erie,.13028325
42051,PA,Fayette,.21149315
42053,PA,Forest,.4106214
42055,PA,Franklin,.20187023
42057,PA,Fulton,.13682698
42059,PA,Greene,.32294527
42061,PA,Huntingdon,.087906294
42063,PA,Indiana,.10556442
42065,PA,Jefferson,.18200432
42067,PA,Juniata,.20429009
42069,PA,Lackawanna,.20391516
42071,PA,Lancaster,.20032014
42073,PA,Lawrence,.17117231
42075,PA,Lebanon,.23816913
42077,PA,Lehigh,.20930123
42079,PA,Luzerne,.18939334
42081,PA,Lycoming,.15692018
42083,PA,McKean,.28903127
42085,PA,Mercer,.12425337
42087,PA,Mifflin,.23749892
42089,PA,Monroe,.10209229
42091,PA,Montgomery,.17790645
42093,PA,Montour,.16456391
42095,PA,Northampton,.16900848
42097,PA,Northumberland,.22707859
42099,PA,Perry,.19571173
42101,PA,Philadelphia,.43117544
42103,PA,Pike,.14495116
42105,PA,Potter,.47267357
42107,PA,Schuylkill,.20929989
42109,PA,Snyder,.24589962
42111,PA,Somerset,.21313441
42113,PA,Sullivan,.49269173
42115,PA,Susquehanna,.16974635
42117,PA,Tioga,.24255949
42119,PA,Union,.066021129
42121,PA,Venango,.13341211
42123,PA,Warren,.25001249
42125,PA,Washington,.11575135
42127,PA,Wayne,.19519812
42129,PA,Westmoreland,.14374782
42131,PA,Wyoming,.21819769
42133,PA,York,.14420618
44001,RI,Bristol,.14321372
44003,RI,Kent,.12829128
44005,RI,Newport,.16767471
44007,RI,Providence,.2124238
44009,RI,Washington,.22225574
45001,SC,Abbeville,.20228992
45003,SC,Aiken,.16175219
45005,SC,Allendale,.11038746
45007,SC,Anderson,.16839483
45009,SC,Bamberg,.27529249
45011,SC,Barnwell,.23157798
45013,SC,Beaufort,.15804073
45015,SC,Berkeley,.11328075
45017,SC,Calhoun,.13558403
45019,SC,Charleston,.22442444
45021,SC,Cherokee,.1586602
45023,SC,Chester,.15489466
45025,SC,Chesterfield,.19493178
45027,SC,Clarendon,.11682584
45029,SC,Colleton,.23936807
45031,SC,Darlington,.17812082
45033,SC,Dillon,.19469774
45035,SC,Dorchester,.12380189
45037,SC,Edgefield,.11286682
45039,SC,Fairfield,.088378258
45041,SC,Florence,.22391078
45043,SC,Georgetown,.24440317
45045,SC,Greenville,.17634068
45047,SC,Greenwood,.21376048
45049,SC,Hampton,.301902
45051,SC,Horry,.18666004
45053,SC,Jasper,.17811976
45055,SC,Kershaw,.12447681
45057,SC,Lancaster,.267097
45059,SC,Laurens,.15021557
45061,SC,Lee,.11359119
45063,SC,Lexington,.1501428
45065,SC,McCormick,.10450413
45067,SC,Marion,.28343779
45069,SC,Marlboro,.14795087
45071,SC,Newberry,.13142677
45073,SC,Oconee,.22249271
45075,SC,Orangeburg,.20377205
45077,SC,Pickens,.1057435
45079,SC,Richland,.14666197
45081,SC,Saluda,.098546438
45083,SC,Spartanburg,.14946888
45085,SC,Sumter,.17709509
45087,SC,Union,.14448257
45089,SC,Williamsburg,.28260118
45091,SC,York,.14728796
46003,SD,Aurora,.36363637
46005,SD,Beadle,.27644163
46007,SD,Bennett,.58021468
46009,SD,Bon Homme,.28702641
46011,SD,Brookings,.11745016
46013,SD,Brown,.1541703
46015,SD,Brule,.38365623
46017,SD,Buffalo,0
46019,SD,Butte,.29623777
46021,SD,Campbell,0
46023,SD,Charles Mix,.42634833
46025,SD,Clark,.27472529
46027,SD,Clay,.14349261
46029,SD,Codington,.071344487
46031,SD,Corson,.24242423
46033,SD,Custer,.34818941
46035,SD,Davison,.1008522
46037,SD,Day,.18135655
46039,SD,Deuel,.70788109
46041,SD,Dewey,.17319016
46043,SD,Douglas,.68728524
46045,SD,Edmunds,.25393602
46047,SD,Fall River,0
46049,SD,Faulk,.43010753
46051,SD,Grant,.56377733
46053,SD,Gregory,.47950131
46055,SD,Haakon,.53106743
46057,SD,Hamlin,.51037771
46059,SD,Hand,.30469227
46061,SD,Hanson,.29498526
46063,SD,Harding,.79051381
46065,SD,Hughes,.11378506
46067,SD,Hutchinson,.68138456
46069,SD,Hyde,.74682599
46071,SD,Jackson,.60661209
46073,SD,Jerauld,.49875313
46075,SD,Jones,1.0695187
46077,SD,Kingsbury,.60277277
46079,SD,Lake,.079333596
46081,SD,Lawrence,.19854663
46083,SD,Lincoln,.12827091
46085,SD,Lyman,1.2755102
46087,SD,McCook,.72979385
46089,SD,McPherson,.82576382
46091,SD,Marshall,.62630481
46093,SD,Meade,.14619882
46095,SD,Mellette,.48053819
46097,SD,Miner,.89245874
46099,SD,Minnehaha,.16662098
46101,SD,Moody,.15253203
46103,SD,Pennington,.14691974
46105,SD,Perkins,.67430884
46107,SD,Potter,.88105726
46109,SD,Roberts,.29348463
46111,SD,Sanborn,.42052144
46113,SD,Shannon,0
46115,SD,Spink,.31230479
46117,SD,Stanley,0
46119,SD,Sully,.70472163
46121,SD,Todd,.29705912
46123,SD,Tripp,.54644811
46125,SD,Turner,.36284471
46127,SD,Union,.20010673
46129,SD,Walworth,.54535538
46135,SD,Yankton,.0441969
46137,SD,Ziebach,0
47001,TN,Anderson,.15876167
47003,TN,Bedford,.14761704
47005,TN,Benton,.37362227
47007,TN,Bledsoe,.068497844
47009,TN,Blount,.11696453
47011,TN,Bradley,.13409063
47013,TN,Campbell,.20165864
47015,TN,Cannon,0
47017,TN,Carroll,.21486893
47019,TN,Carter,.15941054
47021,TN,Cheatham,.12585582
47023,TN,Chester,.29236346
47025,TN,Claiborne,.15842336
47027,TN,Clay,.52029139
47029,TN,Cocke,.17064847
47031,TN,Coffee,.22047475
47033,TN,Crockett,.20736849
47035,TN,Cumberland,.17084672
47037,TN,Davidson,.17999683
47039,TN,Decatur,.34155923
47041,TN,DeKalb,.20574015
47043,TN,Dickson,.13481762
47045,TN,Dyer,.18614545
47047,TN,Fayette,.10107391
47049,TN,Fentress,.22277917
47051,TN,Franklin,.12028773
47053,TN,Gibson,.26474962
47055,TN,Giles,.20590253
47057,TN,Grainger,.21633783
47059,TN,Greene,.18961771
47061,TN,Grundy,.45184126
47063,TN,Hamblen,.21972159
47065,TN,Hamilton,.16198358
47067,TN,Hancock,.15158406
47069,TN,Hardeman,.23551577
47071,TN,Hardin,.27174968
47073,TN,Hawkins,.15967073
47075,TN,Haywood,.16851093
47077,TN,Henderson,.14392114
47079,TN,Henry,.12405024
47081,TN,Hickman,.081139192
47083,TN,Houston,.2463661
47085,TN,Humphreys,.16321202
47087,TN,Jackson,.17238407
47089,TN,Jefferson,.075248793
47091,TN,Johnson,.22500984
47093,TN,Knox,.15566283
47095,TN,Lake,.26560426
47097,TN,Lauderdale,.15779093
47099,TN,Lawrence,.18613742
47101,TN,Lewis,.33579585
47103,TN,Lincoln,.11930327
47105,TN,Loudon,.15602145
47107,TN,McMinn,.11394063
47109,TN,McNairy,.15497869
47111,TN,Macon,.21317416
47113,TN,Madison,.15382406
47115,TN,Marion,.14123794
47117,TN,Marshall,.12510556
47119,TN,Maury,.16743314
47121,TN,Meigs,.33478406
47123,TN,Monroe,.26105684
47125,TN,Montgomery,.11293925
47127,TN,Moore,.15890673
47129,TN,Morgan,.23016019
47131,TN,Obion,.098276876
47133,TN,Overton,.22750023
47135,TN,Perry,.25342119
47137,TN,Pickett,.39331368
47139,TN,Polk,.11926059
47141,TN,Putnam,.22332278
47143,TN,Rhea,.18523093
47145,TN,Roane,.11339369
47147,TN,Robertson,.13010104
47149,TN,Rutherford,.10725325
47151,TN,Scott,.18271515
47153,TN,Sequatchie,0
47155,TN,Sevier,.24842405
47157,TN,Shelby,.17393531
47159,TN,Smith,.10274325
47161,TN,Stewart,.075907089
47163,TN,Sullivan,.12153389
47165,TN,Sumner,.11166447
47167,TN,Tipton,.14711651
47169,TN,Trousdale,.30150753
47171,TN,Unicoi,.11321823
47173,TN,Union,.0519967
47175,TN,Van Buren,0
47177,TN,Warren,.14851485
47179,TN,Washington,.15720798
47181,TN,Wayne,.30002999
47183,TN,Weakley,.17874166
47185,TN,White,.18902877
47187,TN,Williamson,.1279193
47189,TN,Wilson,.13591778
48001,TX,Anderson,.0521213
48003,TX,Andrews,.056063201
48005,TX,Angelina,.12524195
48007,TX,Aransas,.11869437
48009,TX,Archer,.1139731
48011,TX,Armstrong,.53879309
48013,TX,Atascosa,.12328936
48015,TX,Austin,.16870804
48017,TX,Bailey,.27855152
48019,TX,Bandera,.092123441
48021,TX,Bastrop,.13292409
48023,TX,Baylor,.2748763
48025,TX,Bee,.060910601
48027,TX,Bell,.090855002
48029,TX,Bexar,.089223325
48031,TX,Blanco,.26452693
48033,TX,Borden,0
48035,TX,Bosque,.16657412
48037,TX,Bowie,.1810803
48039,TX,Brazoria,.087613188
48041,TX,Brazos,.091090858
48043,TX,Brewster,.54389209
48045,TX,Briscoe,.67294753
48047,TX,Brooks,.13768415
48049,TX,Brown,.18389596
48051,TX,Burleson,.22458032
48053,TX,Burnet,.0435597
48055,TX,Caldwell,.048652299
48057,TX,Calhoun,.091149397
48059,TX,Callahan,.14516948
48061,TX,Cameron,.092468336
48063,TX,Camp,.078277886
48065,TX,Carson,.32749304
48067,TX,Cass,.066489361
48069,TX,Castro,.25565639
48071,TX,Chambers,.12412184
48073,TX,Cherokee,.077077232
48075,TX,Childress,.14094433
48077,TX,Clay,.097637177
48079,TX,Cochran,.68704915
48081,TX,Coke,.91939932
48083,TX,Coleman,.35625222
48085,TX,Collin,.10610609
48087,TX,Collingsworth,.33025098
48089,TX,Colorado,.23778951
48091,TX,Comal,.059638299
48093,TX,Comanche,.07395903
48095,TX,Concho,.23402761
48097,TX,Cooke,.12740801
48099,TX,Coryell,.040030401
48101,TX,Cottle,.71225071
48103,TX,Crane,.20802996
48105,TX,Crockett,.27374759
48107,TX,Crosby,.50701368
48109,TX,Culberson,0
48111,TX,Dallam,0
48113,TX,Dallas,.15768348
48115,TX,Dawson,.15335071
48117,TX,Deaf Smith,.1061008
48119,TX,Delta,0
48121,TX,Denton,.085364453
48123,TX,DeWitt,.097002618
48125,TX,Dickens,.45433894
48127,TX,Dimmit,.2781899
48129,TX,Donley,.29481131
48131,TX,Duval,.26203161
48133,TX,Eastland,.21854341
48135,TX,Ector,.10153573
48137,TX,Edwards,.52137643
48139,TX,Ellis,.083144777
48141,TX,El Paso,.13856587
48143,TX,Erath,.072388582
48145,TX,Falls,.17310022
48147,TX,Fannin,.11815093
48149,TX,Fayette,.15955324
48151,TX,Fisher,.51533109
48153,TX,Floyd,.34036759
48155,TX,Foard,.82576382
48157,TX,Fort Bend,.12938738
48159,TX,Franklin,.093817428
48161,TX,Freestone,.10179671
48163,TX,Frio,.10317256
48165,TX,Gaines,.14647722
48167,TX,Galveston,.15790784
48169,TX,Garza,.15518312
48171,TX,Gillespie,.11404676
48173,TX,Glasscock,0
48175,TX,Goliad,.13296103
48177,TX,Gonzales,.095863491
48179,TX,Gray,.087958485
48181,TX,Grayson,.10139931
48183,TX,Gregg,.12136512
48185,TX,Grimes,.10879815
48187,TX,Guadalupe,.051747799
48189,TX,Hale,.11692829
48191,TX,Hall,.32133675
48193,TX,Hamilton,.24298385
48195,TX,Hansford,.3615329
48197,TX,Hardeman,.25056377
48199,TX,Hardin,.12442011
48201,TX,Harris,.16590713
48203,TX,Harrison,.10490035
48205,TX,Hartley,.17525412
48207,TX,Haskell,.34692109
48209,TX,Hays,.048936799
48211,TX,Hemphill,.24236549
48213,TX,Henderson,.099957518
48215,TX,Hidalgo,.078806192
48217,TX,Hill,.085297547
48219,TX,Hockley,.086568847
48221,TX,Hood,.12333063
48223,TX,Hopkins,.055243999
48225,TX,Houston,.13107306
48227,TX,Howard,.0546179
48229,TX,Hudspeth,.24551928
48231,TX,Hunt,.097890995
48233,TX,Hutchinson,.18544275
48235,TX,Irion,0
48237,TX,Jack,.11407711
48239,TX,Jackson,.20200659
48241,TX,Jasper,.11299116
48243,TX,Jeff Davis,.8908686
48245,TX,Jefferson,.16409199
48247,TX,Jim Hogg,.5720824
48249,TX,Jim Wells,.19457619
48251,TX,Johnson,.092072554
48253,TX,Jones,.15004501
48255,TX,Karnes,.2620545
48257,TX,Kaufman,.093184017
48259,TX,Kendall,.071489848
48261,TX,Kenedy,0
48263,TX,Kent,1.3297873
48265,TX,Kerr,.097473487
48267,TX,Kimble,.22583559
48269,TX,King,0
48271,TX,Kinney,.27472529
48273,TX,Kleberg,.12760392
48275,TX,Knox,.53475934
48277,TX,Lamar,.080702111
48279,TX,Lamb,.45375481
48281,TX,Lampasas,.0484097
48283,TX,La Salle,.39375246
48285,TX,Lavaca,.15067805
48287,TX,Lee,.2353218
48289,TX,Leon,.29076529
48291,TX,Liberty,.14746182
48293,TX,Limestone,.17001742
48295,TX,Lipscomb,.56996298
48297,TX,Live Oak,.16636167
48299,TX,Llano,.14584346
48301,TX,Loving,0
48303,TX,Lubbock,.072775148
48305,TX,Lynn,.17256255
48307,TX,McCulloch,.12313755
48309,TX,McLennan,.10910061
48311,TX,McMullen,0
48313,TX,Madison,.14190435
48315,TX,Marion,.099137507
48317,TX,Martin,.17580871
48319,TX,Mason,.24032685
48321,TX,Matagorda,.10776733
48323,TX,Maverick,.1379572
48325,TX,Medina,.12196113
48327,TX,Menard,.47573739
48329,TX,Midland,.055055
48331,TX,Milam,.20214272
48333,TX,Mills,.20433183
48335,TX,Mitchell,.23587687
48337,TX,Montague,.15435275
48339,TX,Montgomery,.099184521
48341,TX,Moore,.22794621
48343,TX,Morris,.24019216
48345,TX,Motley,.85324234
48347,TX,Nacogdoches,.12183607
48349,TX,Navarro,.12403101
48351,TX,Newton,.14098407
48353,TX,Nolan,.20042758
48355,TX,Nueces,.088512957
48357,TX,Ochiltree,.19426906
48359,TX,Oldham,.48216009
48361,TX,Orange,.1419984
48363,TX,Palo Pinto,.14218684
48365,TX,Panola,.12798634
48367,TX,Parker,.069842696
48369,TX,Parmer,.30556121
48371,TX,Pecos,.18895258
48373,TX,Polk,.10474495
48375,TX,Potter,.13273382
48377,TX,Presidio,.13954787
48379,TX,Rains,.17688158
48381,TX,Randall,.075496197
48383,TX,Reagan,.26752275
48385,TX,Real,.29437739
48387,TX,Red River,.16370632
48389,TX,Reeves,.066361405
48391,TX,Refugio,.27423558
48393,TX,Roberts,1.0917031
48395,TX,Robertson,.2965951
48397,TX,Rockwall,.074931227
48399,TX,Runnels,.29254022
48401,TX,Rusk,.11351597
48403,TX,Sabine,.2888782
48405,TX,San Augustine,.36218762
48407,TX,San Jacinto,.14410779
48409,TX,San Patricio,.13380513
48411,TX,San Saba,.51089919
48413,TX,Schleicher,.32637075
48415,TX,Scurry,.11474469
48417,TX,Shackelford,.29726517
48419,TX,Shelby,.19397137
48421,TX,Sherman,.32520324
48423,TX,Smith,.10208384
48425,TX,Somervell,.23041475
48427,TX,Starr,.10949305
48429,TX,Stephens,.10629252
48431,TX,Sterling,.74019247
48433,TX,Stonewall,.71326679
48435,TX,Sutton,.2587322
48437,TX,Swisher,.13440861
48439,TX,Tarrant,.11870927
48441,TX,Taylor,.088259958
48443,TX,Terrell,0
48445,TX,Terry,.07796663
48447,TX,Throckmorton,.64599484
48449,TX,Titus,.1533037
48451,TX,Tom Green,.10187449
48453,TX,Travis,.12535469
48455,TX,Trinity,.13780749
48457,TX,Tyler,.093309693
48459,TX,Upshur,.12235709
48461,TX,Upton,.27048957
48463,TX,Uvalde,.036892202
48465,TX,Val Verde,.061283302
48467,TX,Van Zandt,.09195064
48469,TX,Victoria,.075774796
48471,TX,Walker,.12552126
48473,TX,Waller,.079907306
48475,TX,Ward,.17257744
48477,TX,Washington,.086154908
48479,TX,Webb,.10278964
48481,TX,Wharton,.16813181
48483,TX,Wheeler,.36049026
48485,TX,Wichita,.10661793
48487,TX,Wilbarger,.15511091
48489,TX,Willacy,.0459559
48491,TX,Williamson,.077685505
48493,TX,Wilson,.062253602
48495,TX,Winkler,.50813007
48497,TX,Wise,.15512294
48499,TX,Wood,.11409534
48501,TX,Yoakum,.23188406
48503,TX,Young,.11062559
48505,TX,Zapata,.27683577
48507,TX,Zavala,.082706146
49001,UT,Beaver,.61977071
49003,UT,Box Elder,.094385922
49005,UT,Cache,.13895473
49007,UT,Carbon,.19635756
49009,UT,Daggett,.92506939
49011,UT,Davis,.073243119
49013,UT,Duchesne,.29534826
49015,UT,Emery,.39131287
49017,UT,Garfield,.80000001
49019,UT,Grand,.4142502
49021,UT,Iron,.060245801
49023,UT,Juab,.18176861
49025,UT,Kane,.40950042
49027,UT,Millard,.31540766
49029,UT,Morgan,.08792755
49031,UT,Piute,1.367054
49033,UT,Rich,0
49035,UT,Salt Lake,.13822266
49037,UT,San Juan,.19570749
49039,UT,Sanpete,.2047572
49041,UT,Sevier,.14186409
49043,UT,Summit,.27234465
49045,UT,Tooele,.07740058
49047,UT,Uintah,.055257801
49049,UT,Utah,.079596937
49051,UT,Wasatch,.1635537
49053,UT,Washington,.119319
49055,UT,Wayne,.74487895
49057,UT,Weber,.11725747
50001,VT,Addison,.35283899
50003,VT,Bennington,.27890891
50005,VT,Caledonia,.29833925
50007,VT,Chittenden,.26621762
50009,VT,Essex,.16025642
50011,VT,Franklin,.30628496
50013,VT,Grand Isle,.57695079
50015,VT,Lamoille,.39566353
50017,VT,Orange,.24207214
50019,VT,Orleans,.48596314
50021,VT,Rutland,.3379977
50023,VT,Washington,.42833892
50025,VT,Windham,.46353164
50027,VT,Windsor,.41671196
51001,VA,Accomack,.27423975
51003,VA,Albemarle,.17853954
51005,VA,Alleghany,.19516003
51007,VA,Amelia,.077942327
51009,VA,Amherst,.18947169
51011,VA,Appomattox,.064495325
51013,VA,Arlington,.19860972
51015,VA,Augusta,.14710996
51017,VA,Bath,.22660322
51019,VA,Bedford,.089941926
51021,VA,Bland,.15444015
51023,VA,Botetourt,.18099548
51025,VA,Brunswick,.12288786
51027,VA,Buchanan,.36195821
51029,VA,Buckingham,.11723329
51031,VA,Campbell,.18122508
51033,VA,Caroline,.099763893
51035,VA,Carroll,.13468467
51036,VA,Charles City,.1423893
51037,VA,Charlotte,.082440235
51041,VA,Chesterfield,.15052462
51043,VA,Clarke,.069822647
51045,VA,Craig,.7782101
51047,VA,Culpeper,.17880914
51049,VA,Cumberland,.20529665
51051,VA,Dickenson,.33244681
51053,VA,Dinwiddie,.1427297
51057,VA,Essex,.18024513
51059,VA,Fairfax,.16861255
51061,VA,Fauquier,.13084438
51063,VA,Floyd,.19159535
51065,VA,Fluvanna,.11463946
51067,VA,Franklin,.071226344
51069,VA,Frederick,.094468847
51071,VA,Giles,.29608575
51073,VA,Gloucester,.13476726
51075,VA,Goochland,.088987768
51077,VA,Grayson,.063015945
51079,VA,Greene,.10346077
51081,VA,Greensville,0
51083,VA,Halifax,.25740761
51085,VA,Hanover,.13416773
51087,VA,Henrico,.21769325
51089,VA,Henry,.21316177
51091,VA,Highland,.45207956
51093,VA,Isle of Wight,.13765004
51095,VA,James City,.14851017
51097,VA,King and Queen,0
51099,VA,King George,.077166446
51101,VA,King William,.24372411
51103,VA,Lancaster,.27834478
51105,VA,Lee,.24946988
51107,VA,Loudoun,.15015054
51109,VA,Louisa,.11339154
51111,VA,Lunenburg,.32610467
51113,VA,Madison,.38144645
51115,VA,Mathews,.22711788
51117,VA,Mecklenburg,.16241148
51119,VA,Middlesex,.27860326
51121,VA,Montgomery,.1117432
51125,VA,Nelson,.13427325
51127,VA,New Kent,.14265335
51131,VA,Northampton,.16658337
51133,VA,Northumberland,.24600247
51135,VA,Nottoway,.25789812
51137,VA,Orange,.084552296
51139,VA,Page,.21194524
51141,VA,Patrick,.11255557
51143,VA,Pittsylvania,.097287305
51145,VA,Powhatan,.10564124
51147,VA,Prince Edward,.08686965
51149,VA,Prince George,.052900299
51153,VA,Prince William,.14017873
51155,VA,Pulaski,.14602804
51157,VA,Rappahannock,.27273968
51159,VA,Richmond,.11384335
51161,VA,Roanoke,.1178197
51163,VA,Rockbridge,.13386284
51165,VA,Rockingham,.12610659
51167,VA,Russell,.073008686
51169,VA,Scott,.36317414
51171,VA,Shenandoah,.20965338
51173,VA,Smyth,.16090104
51175,VA,Southampton,.16649093
51177,VA,Spotsylvania,.15220121
51179,VA,Stafford,.076667339
51181,VA,Surry,.304414
51183,VA,Sussex,.08751969
51185,VA,Tazewell,.1902678
51187,VA,Warren,.15358624
51191,VA,Washington,.23968877
51193,VA,Westmoreland,.33977008
51195,VA,Wise,.2561869
51197,VA,Wythe,.17275931
51199,VA,York,.10333323
51510,VA,Alexandria,.23523727
51515,VA,Bedford,0
51520,VA,Bristol,.29538608
51530,VA,Buena Vista,.1566416
51540,VA,Charlottesville,.42295817
51550,VA,Chesapeake,.1178347
51570,VA,Colonial Heights,.22673166
51580,VA,Covington,.17914726
51590,VA,Danville,.38421825
51595,VA,Emporia,.55813956
51600,VA,Fairfax,.75544548
51610,VA,Falls Church,.72108454
51620,VA,Franklin,.24307244
51630,VA,Fredericksburg,.21223162
51640,VA,Galax,.60024011
51650,VA,Hampton,.13300623
51660,VA,Harrisonburg,.33368555
51670,VA,Hopewell,.30947435
51678,VA,Lexington,.42331028
51680,VA,Lynchburg,.22524777
51683,VA,Manassas,.41006345
51685,VA,Manassas Park,.18650918
51690,VA,Martinsville,.3049013
51700,VA,Newport News,.17185178
51710,VA,Norfolk,.16291155
51720,VA,Norton,.50150454
51730,VA,Petersburg,.47095761
51735,VA,Poquoson,.16740604
51740,VA,Portsmouth,.11579313
51750,VA,Radford,.11487651
51760,VA,Richmond,.28851959
51770,VA,Roanoke,.28072146
51775,VA,Salem,.23486124
51790,VA,Staunton,.32980171
51800,VA,Suffolk,.15678544
51810,VA,Virginia Beach,.17057891
51820,VA,Waynesboro,.45867351
51830,VA,Williamsburg,.33440343
51840,VA,Winchester,.32648915
53001,WA,Adams,.31149414
53003,WA,Asotin,.1792918
53005,WA,Benton,.1498832
53007,WA,Chelan,.27643219
53009,WA,Clallam,.17544334
53011,WA,Clark,.12888037
53013,WA,Columbia,.50037527
53015,WA,Cowlitz,.14318989
53017,WA,Douglas,.26652452
53019,WA,Ferry,.39777246
53021,WA,Franklin,.24359187
53023,WA,Garfield,.44306603
53025,WA,Grant,.28752768
53027,WA,Grays Harbor,.39092496
53029,WA,Island,.18373796
53031,WA,Jefferson,.32353038
53033,WA,King,.24026397
53035,WA,Kitsap,.17483248
53037,WA,Kittitas,.24483618
53039,WA,Klickitat,.3754811
53041,WA,Lewis,.35234243
53043,WA,Lincoln,.38710925
53045,WA,Mason,.16097097
53047,WA,Okanogan,.43395454
53049,WA,Pacific,.28289878
53051,WA,Pend Oreille,.38092336
53053,WA,Pierce,.19540519
53055,WA,San Juan,.79774177
53057,WA,Skagit,.25934032
53059,WA,Skamania,.1725179
53061,WA,Snohomish,.19442248
53063,WA,Spokane,.16283469
53065,WA,Stevens,.18093817
53067,WA,Thurston,.19348504
53069,WA,Wahkiakum,.4789272
53071,WA,Walla Walla,.20002668
53073,WA,Whatcom,.18957433
53075,WA,Whitman,.20606661
53077,WA,Yakima,.28076029
54001,WV,Barbour,.17942584
54003,WV,Berkeley,.10594156
54005,WV,Boone,.26321563
54007,WV,Braxton,.1394603
54009,WV,Brooke,.13211785
54011,WV,Cabell,.1672433
54013,WV,Calhoun,.13574046
54015,WV,Clay,.11308379
54017,WV,Doddridge,.11650938
54019,WV,Fayette,.20407237
54021,WV,Gilmer,.1230315
54023,WV,Grant,.34355408
54025,WV,Greenbrier,.16904266
54027,WV,Hampshire,.12851818
54029,WV,Hancock,.30383849
54031,WV,Hardy,.14565581
54033,WV,Harrison,.17574692
54035,WV,Jackson,.10283834
54037,WV,Jefferson,.10743447
54039,WV,Kanawha,.1665798
54041,WV,Lewis,.18413946
54043,WV,Lincoln,.33181646
54045,WV,Logan,.32695279
54047,WV,McDowell,.36574534
54049,WV,Marion,.15935691
54051,WV,Marshall,.15770383
54053,WV,Mason,.074324578
54055,WV,Mercer,.14877509
54057,WV,Mineral,.2562038
54059,WV,Mingo,.16209427
54061,WV,Monongalia,.15271401
54063,WV,Monroe,.22260147
54065,WV,Morgan,.22749247
54067,WV,Nicholas,.23723854
54069,WV,Ohio,.28170335
54071,WV,Pendleton,.28624588
54073,WV,Pleasants,.13312034
54075,WV,Pocahontas,.46959379
54077,WV,Preston,.11865563
54079,WV,Putnam,.15875256
54081,WV,Raleigh,.17047168
54083,WV,Randolph,.17264001
54085,WV,Ritchie,.30175015
54087,WV,Roane,.21234427
54089,WV,Summers,.15379883
54091,WV,Taylor,.11801499
54093,WV,Tucker,.42607585
54095,WV,Tyler,.22326413
54097,WV,Upshur,.16253555
54099,WV,Wayne,.17207474
54101,WV,Webster,.34985423
54103,WV,Wetzel,.44754171
54105,WV,Wirt,.51993066
54107,WV,Wood,.12832777
54109,WV,Wyoming,.18388268
55001,WI,Adams,.0500075
55003,WI,Ashland,.38377893
55005,WI,Barron,.28718492
55007,WI,Bayfield,.46854082
55009,WI,Brown,.13097779
55011,WI,Buffalo,.075987846
55013,WI,Burnett,.19699258
55015,WI,Calumet,.14099258
55017,WI,Chippewa,.14158289
55019,WI,Clark,.23149487
55021,WI,Columbia,.1581917
55023,WI,Crawford,.3071253
55025,WI,Dane,.15087023
55027,WI,Dodge,.1372558
55029,WI,Door,.43878895
55031,WI,Douglas,.16132006
55033,WI,Dunn,.13535768
55035,WI,Eau Claire,.14579384
55037,WI,Florence,.23073374
55039,WI,Fond du Lac,.12718911
55041,WI,Forest,.11086474
55043,WI,Grant,.26926702
55045,WI,Green,.27165055
55047,WI,Green Lake,.32218224
55049,WI,Iowa,.17043033
55051,WI,Iron,.35304502
55053,WI,Jackson,.097694412
55055,WI,Jefferson,.15376426
55057,WI,Juneau,.18968853
55059,WI,Kenosha,.22636698
55061,WI,Kewaunee,.19623233
55063,WI,La Crosse,.093439683
55065,WI,Lafayette,.3576538
55067,WI,Langlade,.26197213
55069,WI,Lincoln,.17950743
55071,WI,Manitowoc,.11344872
55073,WI,Marathon,.18491808
55075,WI,Marinette,.22338603
55077,WI,Marquette,.19818987
55078,WI,Menominee,0
55079,WI,Milwaukee,.23969796
55081,WI,Monroe,.110239
55083,WI,Oconto,.13343653
55085,WI,Oneida,.25442415
55087,WI,Outagamie,.12997282
55089,WI,Ozaukee,.13608991
55091,WI,Pepin,.27525461
55093,WI,Pierce,.19310611
55095,WI,Polk,.27715546
55097,WI,Portage,.1139796
55099,WI,Price,.29797378
55101,WI,Racine,.1948618
55103,WI,Richland,.2283105
55105,WI,Rock,.14248456
55107,WI,Rusk,.21288675
55109,WI,St. Croix,.11409664
55111,WI,Sauk,.22011194
55113,WI,Sawyer,.30584782
55115,WI,Shawano,.21982853
55117,WI,Sheboygan,.15634908
55119,WI,Taylor,.098643653
55121,WI,Trempealeau,.20253848
55123,WI,Vernon,.19644436
55125,WI,Vilas,.37271711
55127,WI,Walworth,.18486986
55129,WI,Washburn,.32030749
55131,WI,Washington,.11907242
55133,WI,Waukesha,.14313516
55135,WI,Waupaca,.19472679
55137,WI,Waushara,.3729488
55139,WI,Winnebago,.094364658
55141,WI,Wood,.15028143
56001,WY,Albany,.078974389
56003,WY,Big Horn,.33498031
56005,WY,Campbell,.10245901
56007,WY,Carbon,.25433967
56009,WY,Converse,.21235931
56011,WY,Crook,.53354675
56013,WY,Fremont,.22363026
56015,WY,Goshen,.14975664
56017,WY,Hot Springs,.21417862
56019,WY,Johnson,.35310733
56021,WY,Laramie,.091866732
56023,WY,Lincoln,.26210946
56025,WY,Natrona,.086535133
56027,WY,Niobrara,.40485829
56029,WY,Park,.067999452
56031,WY,Platte,.23054755
56033,WY,Sheridan,.26623183
56035,WY,Sublette,.29994002
56037,WY,Sweetwater,.090405695
56039,WY,Teton,.47454703
56041,WY,Uinta,.096567042
56043,WY,Washakie,.24425989
56045,WY,Weston,.5557099
