CountyFIPS,state,county,pct_laccess_pop15
01001,AL,Autauga,32.062256
01003,AL,Baldwin,16.767488
01005,AL,Barbour,22.10556
01007,AL,Bibb,4.2303243
01009,AL,Blount,6.4973803
01011,AL,Bullock,37.950344
01013,AL,Butler,6.2268047
01015,AL,Calhoun,23.433851
01017,AL,Chambers,20.843214
01019,AL,Cherokee,.39833197
01021,AL,Chilton,3.3680065
01023,AL,Choctaw,19.502815
01025,AL,Clarke,22.11484
01027,AL,Clay,4.6134148
01029,AL,Cleburne,5.2734113
01031,AL,Coffee,20.994005
01033,AL,Colbert,20.385952
01035,AL,Conecuh,26.900208
01037,AL,Coosa,24.516253
01039,AL,Covington,9.980464
01041,AL,Crenshaw,37.961788
01043,AL,Cullman,7.3380971
01045,AL,Dale,27.933714
01047,AL,Dallas,17.435091
01049,AL,DeKalb,3.7686546
01051,AL,Elmore,18.99596
01053,AL,Escambia,13.201742
01055,AL,Etowah,22.301855
01057,AL,Fayette,2.3628953
01059,AL,Franklin,11.55514
01061,AL,Geneva,2.2590272
01063,AL,Greene,32.758331
01065,AL,Hale,11.830846
01067,AL,Henry,4.6553717
01069,AL,Houston,18.06134
01071,AL,Jackson,7.9263659
01073,AL,Jefferson,31.232876
01075,AL,Lamar,1.5789111
01077,AL,Lauderdale,13.457266
01079,AL,Lawrence,4.7999196
01081,AL,Lee,26.265009
01083,AL,Limestone,11.281947
01085,AL,Lowndes,22.478664
01087,AL,Macon,37.52927
01089,AL,Madison,26.445974
01091,AL,Marengo,24.373451
01093,AL,Marion,6.2692738
01095,AL,Marshall,11.271674
01097,AL,Mobile,25.126066
01099,AL,Monroe,24.760017
01101,AL,Montgomery,28.854111
01103,AL,Morgan,12.983747
01105,AL,Perry,8.3235712
01107,AL,Pickens,2.6797256
01109,AL,Pike,13.786124
01111,AL,Randolph,14.728012
01113,AL,Russell,11.758657
01115,AL,St. Clair,5.4572034
01117,AL,Shelby,24.154762
01119,AL,Sumter,16.744354
01121,AL,Talladega,13.413845
01123,AL,Tallapoosa,8.3735361
01125,AL,Tuscaloosa,17.9083
01127,AL,Walker,11.725318
01129,AL,Washington,8.4119043
01131,AL,Wilcox,42.820297
01133,AL,Winston,5.9591269
02013,AK,Aleutians East,70.136902
02016,AK,Aleutians West,22.356215
02020,AK,Anchorage,27.427208
02050,AK,Bethel,67.623955
02060,AK,Bristol Bay,100
02068,AK,Denali,100
02070,AK,Dillingham,50.784191
02090,AK,Fairbanks North Star,34.445625
02100,AK,Haines,20.689558
02105,AK,Hoonah-Angoon,99.390923
02110,AK,Juneau,32.174812
02122,AK,Kenai Peninsula,19.654846
02130,AK,Ketchikan Gateway,7.8845358
02150,AK,Kodiak Island,14.33681
02164,AK,Lake and Peninsula,99.858101
02170,AK,Matanuska-Susitna,25.856796
02180,AK,Nome,55.583729
02185,AK,North Slope,58.559727
02188,AK,Northwest Arctic,57.451321
02195,AK,Petersburg,4.7242608
02198,AK,Prince of Wales-Hyder,31.638651
02220,AK,Sitka,18.379122
02230,AK,Skagway,.30991259
02240,AK,Southeast Fairbanks,47.276775
02261,AK,Valdez-Cordova,51.999905
02270,AK,Wade Hampton,61.871563
02275,AK,Wrangell,21.55443
02282,AK,Yakutat,100
02290,AK,Yukon-Koyukuk,100
04001,AZ,Apache,70.537224
04003,AZ,Cochise,42.04052
04005,AZ,Coconino,30.825209
04007,AZ,Gila,32.55978
04009,AZ,Graham,37.330635
04011,AZ,Greenlee,69.877434
04012,AZ,La Paz,43.178593
04013,AZ,Maricopa,13.392715
04015,AZ,Mohave,44.129749
04017,AZ,Navajo,38.540447
04019,AZ,Pima,22.288073
04021,AZ,Pinal,21.492363
04023,AZ,Santa Cruz,26.53611
04025,AZ,Yavapai,32.505314
04027,AZ,Yuma,20.319962
05001,AR,Arkansas,37.771244
05003,AR,Ashley,21.204916
05005,AR,Baxter,11.124299
05007,AR,Benton,15.608013
05009,AR,Boone,22.794312
05011,AR,Bradley,10.775186
05013,AR,Calhoun,65.080627
05015,AR,Carroll,7.0803437
05017,AR,Chicot,60.302715
05019,AR,Clark,40.979515
05021,AR,Clay,10.232719
05023,AR,Cleburne,9.0172987
05025,AR,Cleveland,21.163389
05027,AR,Columbia,17.256723
05029,AR,Conway,16.703968
05031,AR,Craighead,16.543661
05033,AR,Crawford,16.924479
05035,AR,Crittenden,12.724216
05037,AR,Cross,13.335717
05039,AR,Dallas,41.323982
05041,AR,Desha,35.0513
05043,AR,Drew,21.554132
05045,AR,Faulkner,16.698206
05047,AR,Franklin,6.5112495
05049,AR,Fulton,19.137777
05051,AR,Garland,28.241264
05053,AR,Grant,11.869872
05055,AR,Greene,22.857355
05057,AR,Hempstead,29.109783
05059,AR,Hot Spring,15.690953
05061,AR,Howard,41.168217
05063,AR,Independence,15.180713
05065,AR,Izard,1.1012197
05067,AR,Jackson,17.268795
05069,AR,Jefferson,18.830479
05071,AR,Johnson,5.8838897
05073,AR,Lafayette,21.137194
05075,AR,Lawrence,29.990273
05077,AR,Lee,45.302452
05079,AR,Lincoln,33.21273
05081,AR,Little River,14.538669
05083,AR,Logan,9.2602539
05085,AR,Lonoke,17.959637
05087,AR,Madison,24.263527
05089,AR,Marion,13.543365
05091,AR,Miller,33.428913
05093,AR,Mississippi,12.613939
05095,AR,Monroe,12.519912
05097,AR,Montgomery,22.228661
05099,AR,Nevada,29.253
05101,AR,Newton,43.854443
05103,AR,Ouachita,25.868574
05105,AR,Perry,14.272346
05107,AR,Phillips,50.377335
05109,AR,Pike,23.05732
05111,AR,Poinsett,34.024033
05113,AR,Polk,38.426037
05115,AR,Pope,13.593736
05117,AR,Prairie,37.028843
05119,AR,Pulaski,26.607391
05121,AR,Randolph,32.070091
05123,AR,St. Francis,27.108206
05125,AR,Saline,22.324257
05127,AR,Scott,17.295982
05129,AR,Searcy,33.643837
05131,AR,Sebastian,10.274245
05133,AR,Sevier,23.459167
05135,AR,Sharp,22.465225
05137,AR,Stone,25.140501
05139,AR,Union,26.282671
05141,AR,Van Buren,10.262684
05143,AR,Washington,14.549072
05145,AR,White,12.263143
05147,AR,Woodruff,5.2586808
05149,AR,Yell,12.873576
06001,CA,Alameda,7.1486773
06003,CA,Alpine,48.950008
06005,CA,Amador,14.013427
06007,CA,Butte,21.181065
06009,CA,Calaveras,10.044894
06011,CA,Colusa,8.2682819
06013,CA,Contra Costa,19.101011
06015,CA,Del Norte,32.038235
06017,CA,El Dorado,29.109709
06019,CA,Fresno,9.1874228
06021,CA,Glenn,9.0241795
06023,CA,Humboldt,15.672567
06025,CA,Imperial,17.542183
06027,CA,Inyo,41.128281
06029,CA,Kern,14.541769
06031,CA,Kings,19.268507
06033,CA,Lake,18.738466
06035,CA,Lassen,49.067223
06037,CA,Los Angeles,6.3412819
06039,CA,Madera,20.86425
06041,CA,Marin,11.960181
06043,CA,Mariposa,17.499407
06045,CA,Mendocino,17.366148
06047,CA,Merced,15.667935
06049,CA,Modoc,26.540262
06051,CA,Mono,49.766964
06053,CA,Monterey,12.323159
06055,CA,Napa,10.140218
06057,CA,Nevada,27.033978
06059,CA,Orange,6.5101671
06061,CA,Placer,15.560766
06063,CA,Plumas,8.10956
06065,CA,Riverside,19.996393
06067,CA,Sacramento,13.652828
06069,CA,San Benito,17.66935
06071,CA,San Bernardino,21.282984
06073,CA,San Diego,13.704943
06075,CA,San Francisco,.55557722
06077,CA,San Joaquin,12.64943
06079,CA,San Luis Obispo,15.678895
06081,CA,San Mateo,9.6719952
06083,CA,Santa Barbara,13.587697
06085,CA,Santa Clara,7.4609919
06087,CA,Santa Cruz,14.048826
06089,CA,Shasta,23.289942
06091,CA,Sierra,88.366562
06093,CA,Siskiyou,19.798923
06095,CA,Solano,17.500834
06097,CA,Sonoma,15.436481
06099,CA,Stanislaus,11.744432
06101,CA,Sutter,33.309963
06103,CA,Tehama,20.081411
06105,CA,Trinity,17.338234
06107,CA,Tulare,13.496858
06109,CA,Tuolumne,29.094427
06111,CA,Ventura,15.889028
06113,CA,Yolo,6.1620679
06115,CA,Yuba,20.780846
08001,CO,Adams,15.148383
08003,CO,Alamosa,5.9254532
08005,CO,Arapahoe,12.147082
08007,CO,Archuleta,29.79892
08009,CO,Baca,25.217119
08011,CO,Bent,25.862612
08013,CO,Boulder,14.647696
08014,CO,Broomfield,29.785004
08015,CO,Chaffee,10.010793
08017,CO,Cheyenne,33.859055
08019,CO,Clear Creek,13.893138
08021,CO,Conejos,5.617444
08023,CO,Costilla,99.943451
08025,CO,Crowley,7.8908629
08027,CO,Custer,25.885721
08029,CO,Delta,8.4400826
08031,CO,Denver,9.2103195
08033,CO,Dolores,100
08035,CO,Douglas,19.155186
08037,CO,Eagle,15.437566
08039,CO,Elbert,25.92968
08041,CO,El Paso,27.058268
08043,CO,Fremont,34.528961
08045,CO,Garfield,15.310161
08047,CO,Gilpin,0
08049,CO,Grand,2.8426125
08051,CO,Gunnison,12.000078
08053,CO,Hinsdale,11.775975
08055,CO,Huerfano,36.653519
08057,CO,Jackson,27.420019
08059,CO,Jefferson,22.758381
08061,CO,Kiowa,100
08063,CO,Kit Carson,11.1372
08065,CO,Lake,19.915272
08067,CO,La Plata,14.312578
08069,CO,Larimer,18.89933
08071,CO,Las Animas,39.864429
08073,CO,Lincoln,22.801384
08075,CO,Logan,19.541695
08077,CO,Mesa,31.456789
08079,CO,Mineral,12.796659
08081,CO,Moffat,23.416014
08083,CO,Montezuma,16.432907
08085,CO,Montrose,20.511667
08087,CO,Morgan,11.982312
08089,CO,Otero,29.620602
08091,CO,Ouray,6.1649919
08093,CO,Park,53.863197
08095,CO,Phillips,4.7134333
08097,CO,Pitkin,9.1467419
08099,CO,Prowers,23.881933
08101,CO,Pueblo,36.875793
08103,CO,Rio Blanco,8.5842676
08105,CO,Rio Grande,12.187453
08107,CO,Routt,22.349424
08109,CO,Saguache,20.226927
08111,CO,San Juan,99.242813
08113,CO,San Miguel,9.7661829
08115,CO,Sedgwick,18.56662
08117,CO,Summit,18.485407
08119,CO,Teller,12.863822
08121,CO,Washington,51.620869
08123,CO,Weld,14.673685
08125,CO,Yuma,22.906981
09001,CT,Fairfield,29.314962
09003,CT,Hartford,28.991604
09005,CT,Litchfield,18.247623
09007,CT,Middlesex,31.460337
09009,CT,New Haven,28.749418
09011,CT,New London,36.134182
09013,CT,Tolland,34.931152
09015,CT,Windham,15.881736
10001,DE,Kent,15.755919
10003,DE,New Castle,22.686806
10005,DE,Sussex,14.024768
11001,DC,District of Columbia,2.1086581
12001,FL,Alachua,15.227938
12003,FL,Baker,33.127098
12005,FL,Bay,33.347832
12007,FL,Bradford,5.5388603
12009,FL,Brevard,40.248707
12011,FL,Broward,9.0666904
12013,FL,Calhoun,18.023092
12015,FL,Charlotte,41.814171
12017,FL,Citrus,31.072985
12019,FL,Clay,24.350372
12021,FL,Collier,28.177639
12023,FL,Columbia,16.403898
12027,FL,DeSoto,9.9098597
12029,FL,Dixie,9.0383997
12031,FL,Duval,24.718662
12033,FL,Escambia,36.49704
12035,FL,Flagler,34.527302
12037,FL,Franklin,2.4888299
12039,FL,Gadsden,8.5600338
12041,FL,Gilchrist,.4430066
12043,FL,Glades,56.903969
12045,FL,Gulf,18.737444
12047,FL,Hamilton,22.071535
12049,FL,Hardee,35.295673
12051,FL,Hendry,24.631748
12053,FL,Hernando,36.051598
12055,FL,Highlands,33.159603
12057,FL,Hillsborough,24.431721
12059,FL,Holmes,15.723899
12061,FL,Indian River,37.172886
12063,FL,Jackson,5.4785686
12065,FL,Jefferson,16.25782
12067,FL,Lafayette,6.3596091
12069,FL,Lake,27.50034
12071,FL,Lee,25.687551
12073,FL,Leon,28.979134
12075,FL,Levy,7.9857693
12077,FL,Liberty,25.859797
12079,FL,Madison,21.082458
12081,FL,Manatee,21.746506
12083,FL,Marion,27.293835
12085,FL,Martin,30.332668
12086,FL,Miami-Dade,5.334857
12087,FL,Monroe,27.989347
12089,FL,Nassau,24.228853
12091,FL,Okaloosa,34.715183
12093,FL,Okeechobee,47.830193
12095,FL,Orange,18.638332
12097,FL,Osceola,21.419855
12099,FL,Palm Beach,17.172558
12101,FL,Pasco,23.624434
12103,FL,Pinellas,14.322891
12105,FL,Polk,32.869301
12107,FL,Putnam,24.062702
12109,FL,St. Johns,25.389109
12111,FL,St. Lucie,36.86657
12113,FL,Santa Rosa,41.022182
12115,FL,Sarasota,26.567125
12117,FL,Seminole,27.441801
12119,FL,Sumter,12.547358
12121,FL,Suwannee,17.023138
12123,FL,Taylor,28.860279
12125,FL,Union,23.169199
12127,FL,Volusia,34.58419
12129,FL,Wakulla,1.2597319
12131,FL,Walton,12.68503
12133,FL,Washington,41.331196
13001,GA,Appling,20.132046
13003,GA,Atkinson,22.920586
13005,GA,Bacon,12.344353
13007,GA,Baker,75.830688
13009,GA,Baldwin,16.595037
13011,GA,Banks,3.6657691
13013,GA,Barrow,12.96766
13015,GA,Bartow,32.479309
13017,GA,Ben Hill,22.969055
13019,GA,Berrien,19.304312
13021,GA,Bibb,24.701984
13023,GA,Bleckley,6.9478784
13025,GA,Brantley,4.339335
13027,GA,Brooks,8.3422794
13029,GA,Bryan,25.769386
13031,GA,Bulloch,6.3716102
13033,GA,Burke,7.5455713
13035,GA,Butts,4.736413
13037,GA,Calhoun,13.755534
13039,GA,Camden,43.807644
13043,GA,Candler,3.5259585
13045,GA,Carroll,21.903286
13047,GA,Catoosa,34.86528
13049,GA,Charlton,18.132307
13051,GA,Chatham,22.108194
13053,GA,Chattahoochee,96.778343
13055,GA,Chattooga,5.0735893
13057,GA,Cherokee,29.695892
13059,GA,Clarke,34.704109
13061,GA,Clay,74.001068
13063,GA,Clayton,38.243114
13065,GA,Clinch,10.071687
13067,GA,Cobb,39.038017
13069,GA,Coffee,15.653055
13071,GA,Colquitt,17.450151
13073,GA,Columbia,17.732725
13075,GA,Cook,12.889922
13077,GA,Coweta,25.252256
13079,GA,Crawford,.6552037
13081,GA,Crisp,8.4063148
13083,GA,Dade,5.4650989
13085,GA,Dawson,.54197419
13087,GA,Decatur,13.31461
13089,GA,DeKalb,24.293528
13091,GA,Dodge,2.7339208
13093,GA,Dooly,1.6747924
13095,GA,Dougherty,39.073196
13097,GA,Douglas,32.21611
13099,GA,Early,10.116626
13101,GA,Echols,4.8166523
13103,GA,Effingham,13.343371
13105,GA,Elbert,23.140602
13107,GA,Emanuel,26.221004
13109,GA,Evans,7.8926105
13111,GA,Fannin,1.1080048
13113,GA,Fayette,33.347382
13115,GA,Floyd,20.418051
13117,GA,Forsyth,26.50111
13119,GA,Franklin,.89544392
13121,GA,Fulton,23.460505
13123,GA,Gilmer,6.2150044
13125,GA,Glascock,69.666122
13127,GA,Glynn,26.468313
13129,GA,Gordon,14.844255
13131,GA,Grady,10.828095
13133,GA,Greene,3.7561831
13135,GA,Gwinnett,29.597359
13137,GA,Habersham,18.039345
13139,GA,Hall,26.973383
13141,GA,Hancock,22.927219
13143,GA,Haralson,5.1842661
13145,GA,Harris,.61845708
13147,GA,Hart,12.184755
13149,GA,Heard,6.3996129
13151,GA,Henry,33.283657
13153,GA,Houston,37.022804
13155,GA,Irwin,7.4445024
13157,GA,Jackson,4.3099775
13159,GA,Jasper,22.772659
13161,GA,Jeff Davis,12.236803
13163,GA,Jefferson,3.6424291
13165,GA,Jenkins,4.0883784
13167,GA,Johnson,8.8752489
13169,GA,Jones,7.4343486
13171,GA,Lamar,6.3545094
13173,GA,Lanier,3.9622397
13175,GA,Laurens,9.8895521
13177,GA,Lee,15.188217
13179,GA,Liberty,42.588425
13181,GA,Lincoln,4.4838781
13183,GA,Long,10.525949
13185,GA,Lowndes,24.62406
13187,GA,Lumpkin,1.1764368
13189,GA,McDuffie,8.7973032
13191,GA,McIntosh,8.453599
13193,GA,Macon,17.169632
13195,GA,Madison,2.8956444
13197,GA,Marion,.055907469
13199,GA,Meriwether,4.4595995
13201,GA,Miller,3.1188736
13205,GA,Mitchell,12.731553
13207,GA,Monroe,8.7118378
13209,GA,Montgomery,13.40202
13211,GA,Morgan,16.932922
13213,GA,Murray,13.542454
13215,GA,Muscogee,28.517782
13217,GA,Newton,25.332396
13219,GA,Oconee,30.371973
13221,GA,Oglethorpe,4.330565
13223,GA,Paulding,24.672169
13225,GA,Peach,19.375553
13227,GA,Pickens,5.620944
13229,GA,Pierce,11.760844
13231,GA,Pike,.028419647
13233,GA,Polk,11.801091
13235,GA,Pulaski,10.09267
13237,GA,Putnam,3.0044203
13239,GA,Quitman,34.959133
13241,GA,Rabun,.58992207
13243,GA,Randolph,24.047144
13245,GA,Richmond,39.35569
13247,GA,Rockdale,41.108128
13249,GA,Schley,.55400586
13251,GA,Screven,20.720873
13253,GA,Seminole,5.6105862
13255,GA,Spalding,15.625144
13257,GA,Stephens,13.29196
13259,GA,Stewart,9.8237104
13261,GA,Sumter,21.523359
13263,GA,Talbot,22.029154
13265,GA,Taliaferro,68.283005
13267,GA,Tattnall,3.9120047
13269,GA,Taylor,4.6072149
13271,GA,Telfair,2.2998157
13273,GA,Terrell,6.7589598
13275,GA,Thomas,27.366854
13277,GA,Tift,8.592865
13279,GA,Toombs,18.120026
13281,GA,Towns,.013524981
13283,GA,Treutlen,5.728189
13285,GA,Troup,16.229633
13287,GA,Turner,5.910964
13289,GA,Twiggs,.16559441
13291,GA,Union,1.3893578
13293,GA,Upson,25.045698
13295,GA,Walker,25.495609
13297,GA,Walton,16.881453
13299,GA,Ware,39.252018
13301,GA,Warren,2.0879178
13303,GA,Washington,25.151384
13305,GA,Wayne,28.681406
13307,GA,Webster,1.7844782
13309,GA,Wheeler,4.9368358
13313,GA,Whitfield,22.63209
13315,GA,Wilcox,.7866832
13317,GA,Wilkes,18.538641
13319,GA,Wilkinson,21.716795
13321,GA,Worth,7.8413091
15001,HI,Hawaii,38.977505
15003,HI,Honolulu,23.128782
15005,HI,Kalawao,0
15007,HI,Kauai,39.208588
15009,HI,Maui,29.754572
16001,ID,Ada,17.173567
16003,ID,Adams,10.669243
16005,ID,Bannock,28.822563
16007,ID,Bear Lake,25.879948
16009,ID,Benewah,25.769016
16011,ID,Bingham,20.442146
16013,ID,Blaine,28.420782
16015,ID,Boise,63.725716
16017,ID,Bonner,20.044298
16019,ID,Bonneville,23.122152
16021,ID,Boundary,14.569685
16023,ID,Butte,21.393055
16025,ID,Camas,100
16027,ID,Canyon,19.312128
16029,ID,Caribou,31.453791
16031,ID,Cassia,28.534554
16033,ID,Clark,100
16035,ID,Clearwater,17.640341
16037,ID,Custer,42.98642
16039,ID,Elmore,32.223251
16041,ID,Franklin,7.1615305
16043,ID,Fremont,12.338834
16045,ID,Gem,30.260952
16047,ID,Gooding,1.0636078
16049,ID,Idaho,34.327114
16051,ID,Jefferson,11.69912
16053,ID,Jerome,21.913584
16055,ID,Kootenai,24.599386
16057,ID,Latah,11.820195
16059,ID,Lemhi,36.864994
16061,ID,Lewis,48.486614
16063,ID,Lincoln,97.427628
16065,ID,Madison,18.905998
16067,ID,Minidoka,17.604233
16069,ID,Nez Perce,18.05929
16071,ID,Oneida,11.456657
16073,ID,Owyhee,18.745562
16075,ID,Payette,23.899515
16077,ID,Power,13.881686
16079,ID,Shoshone,8.9590282
16081,ID,Teton,8.9074993
16083,ID,Twin Falls,6.2059426
16085,ID,Valley,18.614624
16087,ID,Washington,20.913425
17001,IL,Adams,15.418781
17003,IL,Alexander,21.219339
17005,IL,Bond,7.2120304
17007,IL,Boone,21.064373
17009,IL,Brown,23.967995
17011,IL,Bureau,35.768448
17013,IL,Calhoun,11.348072
17015,IL,Carroll,18.726049
17017,IL,Cass,11.201393
17019,IL,Champaign,15.772939
17021,IL,Christian,11.025548
17023,IL,Clark,8.7589293
17025,IL,Clay,15.589984
17027,IL,Clinton,15.171544
17029,IL,Coles,15.375452
17031,IL,Cook,7.1947212
17033,IL,Crawford,14.878404
17037,IL,DeKalb,28.315062
17039,IL,De Witt,3.9438391
17041,IL,Douglas,9.8659658
17043,IL,DuPage,23.586721
17045,IL,Edgar,35.98344
17047,IL,Edwards,18.499599
17049,IL,Effingham,17.143169
17051,IL,Fayette,34.597012
17053,IL,Ford,18.392876
17055,IL,Franklin,10.722795
17057,IL,Fulton,17.001623
17059,IL,Gallatin,75.230499
17061,IL,Greene,11.92695
17063,IL,Grundy,18.590727
17065,IL,Hamilton,14.114002
17067,IL,Hancock,38.441826
17069,IL,Hardin,16.544361
17071,IL,Henderson,1.3584877
17073,IL,Henry,18.508154
17075,IL,Iroquois,21.857153
17077,IL,Jackson,21.998405
17079,IL,Jasper,14.942661
17081,IL,Jefferson,22.015181
17083,IL,Jersey,15.652331
17085,IL,Jo Daviess,19.940556
17087,IL,Johnson,21.119297
17089,IL,Kane,18.488562
17091,IL,Kankakee,12.753009
17093,IL,Kendall,15.662829
17095,IL,Knox,17.970797
17097,IL,Lake,35.263836
17099,IL,LaSalle,20.708654
17101,IL,Lawrence,14.21911
17103,IL,Lee,10.867493
17105,IL,Livingston,8.4480019
17107,IL,Logan,36.444584
17109,IL,McDonough,12.668105
17111,IL,McHenry,43.171215
17113,IL,McLean,27.419697
17115,IL,Macon,26.917152
17117,IL,Macoupin,16.117359
17119,IL,Madison,35.812553
17121,IL,Marion,27.256983
17123,IL,Marshall,18.519196
17125,IL,Mason,31.112337
17127,IL,Massac,9.8842154
17129,IL,Menard,2.7616613
17131,IL,Mercer,18.05793
17133,IL,Monroe,29.236567
17135,IL,Montgomery,23.670597
17137,IL,Morgan,32.304745
17139,IL,Moultrie,3.0217049
17141,IL,Ogle,17.587971
17143,IL,Peoria,25.50342
17145,IL,Perry,21.454203
17147,IL,Piatt,3.0318131
17149,IL,Pike,18.442011
17151,IL,Pope,24.203466
17153,IL,Pulaski,20.842937
17155,IL,Putnam,10.920092
17157,IL,Randolph,11.458496
17159,IL,Richland,5.7872748
17161,IL,Rock Island,17.694731
17163,IL,St. Clair,33.640781
17165,IL,Saline,39.047791
17167,IL,Sangamon,24.251411
17169,IL,Schuyler,14.145911
17171,IL,Scott,4.1608596
17173,IL,Shelby,24.29915
17175,IL,Stark,30.020262
17177,IL,Stephenson,7.4470606
17179,IL,Tazewell,43.124298
17181,IL,Union,13.265029
17183,IL,Vermilion,14.543292
17185,IL,Wabash,8.5608702
17187,IL,Warren,6.6492667
17189,IL,Washington,11.0623
17191,IL,Wayne,20.040455
17193,IL,White,29.236629
17195,IL,Whiteside,22.311514
17197,IL,Will,32.130505
17199,IL,Williamson,14.458378
17201,IL,Winnebago,25.848698
17203,IL,Woodford,11.730078
18001,IN,Adams,8.6450491
18003,IN,Allen,30.361757
18005,IN,Bartholomew,27.303783
18007,IN,Benton,1.5861471
18009,IN,Blackford,2.1220441
18011,IN,Boone,11.917685
18013,IN,Brown,3.0770831
18015,IN,Carroll,4.5329924
18017,IN,Cass,4.0174494
18019,IN,Clark,21.935061
18021,IN,Clay,3.9771833
18023,IN,Clinton,1.8679953
18025,IN,Crawford,14.56922
18027,IN,Daviess,9.6025257
18029,IN,Dearborn,26.385941
18031,IN,Decatur,15.273764
18033,IN,DeKalb,21.452785
18035,IN,Delaware,25.527485
18037,IN,Dubois,5.7564788
18039,IN,Elkhart,20.406363
18041,IN,Fayette,21.428677
18043,IN,Floyd,29.459927
18045,IN,Fountain,18.703157
18047,IN,Franklin,9.0730772
18049,IN,Fulton,12.90522
18051,IN,Gibson,3.8606217
18053,IN,Grant,17.954378
18055,IN,Greene,11.941697
18057,IN,Hamilton,31.865303
18059,IN,Hancock,29.281212
18061,IN,Harrison,4.7372079
18063,IN,Hendricks,27.185614
18065,IN,Henry,3.6923869
18067,IN,Howard,26.849628
18069,IN,Huntington,22.210526
18071,IN,Jackson,15.625947
18073,IN,Jasper,9.130085
18075,IN,Jay,19.396885
18077,IN,Jefferson,16.590376
18079,IN,Jennings,28.045202
18081,IN,Johnson,28.661371
18083,IN,Knox,27.410402
18085,IN,Kosciusko,18.280115
18087,IN,LaGrange,.15901092
18089,IN,Lake,29.779743
18091,IN,LaPorte,25.457689
18093,IN,Lawrence,9.4738569
18095,IN,Madison,26.107952
18097,IN,Marion,24.243015
18099,IN,Marshall,15.174028
18101,IN,Martin,2.6683891
18103,IN,Miami,19.75042
18105,IN,Monroe,14.569891
18107,IN,Montgomery,14.455731
18109,IN,Morgan,14.565229
18111,IN,Newton,15.915712
18113,IN,Noble,5.7239523
18117,IN,Orange,10.417079
18119,IN,Owen,.79720658
18121,IN,Parke,12.398924
18123,IN,Perry,30.903574
18125,IN,Pike,7.711308
18127,IN,Porter,31.888741
18129,IN,Posey,22.023241
18131,IN,Pulaski,2.6468699
18133,IN,Putnam,4.7409782
18135,IN,Randolph,14.348281
18137,IN,Ripley,2.546397
18139,IN,Rush,3.2804704
18141,IN,St. Joseph,31.247391
18143,IN,Scott,3.4365125
18145,IN,Shelby,13.38798
18147,IN,Spencer,.010001509
18149,IN,Starke,5.5824637
18151,IN,Steuben,18.775261
18153,IN,Sullivan,4.8540964
18155,IN,Switzerland,4.5945959
18157,IN,Tippecanoe,18.667461
18159,IN,Tipton,11.790543
18163,IN,Vanderburgh,19.969116
18165,IN,Vermillion,12.780686
18167,IN,Vigo,33.934887
18169,IN,Wabash,10.471594
18171,IN,Warren,4.737309
18173,IN,Warrick,29.641716
18175,IN,Washington,9.6008492
18177,IN,Wayne,14.502531
18179,IN,Wells,9.2044687
18181,IN,White,15.679802
18183,IN,Whitley,5.0701323
19001,IA,Adair,6.3757858
19003,IA,Adams,6.4228058
19005,IA,Allamakee,8.1286173
19007,IA,Appanoose,12.487121
19009,IA,Audubon,7.5546718
19011,IA,Benton,13.674111
19013,IA,Black Hawk,29.042715
19015,IA,Boone,11.720603
19017,IA,Bremer,9.1352444
19019,IA,Buchanan,19.756639
19021,IA,Buena Vista,9.5350494
19023,IA,Butler,44.795811
19025,IA,Calhoun,2.7354913
19027,IA,Carroll,4.9942369
19029,IA,Cass,25.492216
19031,IA,Cedar,20.134047
19033,IA,Cerro Gordo,16.554935
19035,IA,Cherokee,7.7508993
19037,IA,Chickasaw,15.07854
19039,IA,Clarke,7.917829
19041,IA,Clay,10.489974
19043,IA,Clayton,3.4717858
19045,IA,Clinton,20.890097
19047,IA,Crawford,26.535204
19049,IA,Dallas,5.3092585
19051,IA,Davis,10.918927
19053,IA,Decatur,9.8527918
19055,IA,Delaware,8.7620649
19057,IA,Des Moines,28.138754
19059,IA,Dickinson,19.898703
19061,IA,Dubuque,19.595385
19063,IA,Emmet,27.720659
19065,IA,Fayette,5.4469218
19067,IA,Floyd,18.564787
19069,IA,Franklin,17.112188
19071,IA,Fremont,75.467491
19073,IA,Greene,13.116902
19075,IA,Grundy,11.112637
19077,IA,Guthrie,11.270599
19079,IA,Hamilton,18.020412
19081,IA,Hancock,12.563346
19083,IA,Hardin,14.499906
19085,IA,Harrison,17.805439
19087,IA,Henry,30.577309
19089,IA,Howard,36.847916
19091,IA,Humboldt,14.855078
19093,IA,Ida,1.061506
19095,IA,Iowa,15.840576
19097,IA,Jackson,22.920963
19099,IA,Jasper,16.737806
19101,IA,Jefferson,12.266717
19103,IA,Johnson,15.420279
19105,IA,Jones,16.11998
19107,IA,Keokuk,25.414978
19109,IA,Kossuth,53.254791
19111,IA,Lee,19.763878
19113,IA,Linn,24.818291
19115,IA,Louisa,1.1390754
19117,IA,Lucas,21.66354
19119,IA,Lyon,11.216916
19121,IA,Madison,16.45051
19123,IA,Mahaska,22.9485
19125,IA,Marion,12.938981
19127,IA,Marshall,21.36413
19129,IA,Mills,10.389981
19131,IA,Mitchell,20.623842
19133,IA,Monona,15.13901
19135,IA,Monroe,24.942369
19137,IA,Montgomery,20.001755
19139,IA,Muscatine,20.253334
19141,IA,O'Brien,28.337284
19143,IA,Osceola,18.485699
19145,IA,Page,23.850969
19147,IA,Palo Alto,21.810577
19149,IA,Plymouth,2.9919035
19151,IA,Pocahontas,18.139753
19153,IA,Polk,14.984919
19155,IA,Pottawattamie,34.493141
19157,IA,Poweshiek,18.940149
19159,IA,Ringgold,10.918965
19161,IA,Sac,36.093479
19163,IA,Scott,10.997287
19165,IA,Shelby,26.152103
19167,IA,Sioux,4.2444196
19169,IA,Story,19.983044
19171,IA,Tama,17.069597
19173,IA,Taylor,4.2419505
19175,IA,Union,19.532104
19177,IA,Van Buren,52.116409
19179,IA,Wapello,44.214645
19181,IA,Warren,14.158688
19183,IA,Washington,6.8760414
19185,IA,Wayne,39.986778
19187,IA,Webster,23.281715
19189,IA,Winnebago,17.648487
19191,IA,Winneshiek,12.304368
19193,IA,Woodbury,25.790365
19195,IA,Worth,8.1491604
19197,IA,Wright,6.7240047
20001,KS,Allen,39.960506
20003,KS,Anderson,22.318243
20005,KS,Atchison,16.016592
20007,KS,Barber,11.201789
20009,KS,Barton,23.024857
20011,KS,Bourbon,20.796497
20013,KS,Brown,8.0673828
20015,KS,Butler,26.360033
20017,KS,Chase,93.743607
20019,KS,Chautauqua,36.639347
20021,KS,Cherokee,12.404159
20023,KS,Cheyenne,9.5566378
20025,KS,Clark,100
20027,KS,Clay,26.486717
20029,KS,Cloud,33.779533
20031,KS,Coffey,38.848354
20033,KS,Comanche,17.820662
20035,KS,Cowley,31.452377
20037,KS,Crawford,29.628437
20039,KS,Decatur,27.869652
20041,KS,Dickinson,8.0561991
20043,KS,Doniphan,61.506969
20045,KS,Douglas,13.644773
20047,KS,Edwards,15.999346
20049,KS,Elk,99.35701
20051,KS,Ellis,14.43307
20053,KS,Ellsworth,30.502884
20055,KS,Finney,19.415731
20057,KS,Ford,20.940838
20059,KS,Franklin,47.044037
20061,KS,Geary,36.725712
20063,KS,Gove,41.510506
20065,KS,Graham,21.624178
20067,KS,Grant,9.4845009
20069,KS,Gray,45.417976
20071,KS,Greeley,100
20073,KS,Greenwood,46.444836
20075,KS,Hamilton,100
20077,KS,Harper,25.951204
20079,KS,Harvey,14.640006
20081,KS,Haskell,100
20083,KS,Hodgeman,31.924524
20085,KS,Jackson,13.367244
20087,KS,Jefferson,.85635108
20089,KS,Jewell,26.844852
20091,KS,Johnson,17.299234
20093,KS,Kearny,100
20095,KS,Kingman,33.956738
20097,KS,Kiowa,99.654335
20099,KS,Labette,19.532841
20101,KS,Lane,22.285076
20103,KS,Leavenworth,30.871124
20105,KS,Lincoln,31.50913
20107,KS,Linn,13.994334
20109,KS,Logan,18.235102
20111,KS,Lyon,17.146555
20113,KS,McPherson,25.666845
20115,KS,Marion,22.84343
20117,KS,Marshall,13.893921
20119,KS,Meade,50.716301
20121,KS,Miami,7.6423225
20123,KS,Mitchell,20.221975
20125,KS,Montgomery,23.903009
20127,KS,Morris,32.959461
20129,KS,Morton,26.135321
20131,KS,Nemaha,13.906594
20133,KS,Neosho,6.4269409
20135,KS,Ness,26.823895
20137,KS,Norton,35.423527
20139,KS,Osage,12.521076
20141,KS,Osborne,23.11451
20143,KS,Ottawa,28.49584
20145,KS,Pawnee,16.925732
20147,KS,Phillips,35.351944
20149,KS,Pottawatomie,2.6727808
20151,KS,Pratt,23.156452
20153,KS,Rawlins,28.386961
20155,KS,Reno,23.812283
20157,KS,Republic,25.592459
20159,KS,Rice,18.747992
20161,KS,Riley,42.481571
20163,KS,Rooks,14.480045
20165,KS,Rush,21.15093
20167,KS,Russell,24.858227
20169,KS,Saline,18.741457
20171,KS,Scott,11.543692
20173,KS,Sedgwick,27.2183
20175,KS,Seward,5.358191
20177,KS,Shawnee,24.35549
20179,KS,Sheridan,32.086933
20181,KS,Sherman,71.584549
20183,KS,Smith,37.370193
20185,KS,Stafford,30.520409
20187,KS,Stanton,10.542213
20189,KS,Stevens,16.524347
20191,KS,Sumner,29.017395
20193,KS,Thomas,47.03083
20195,KS,Trego,7.1593328
20197,KS,Wabaunsee,41.782494
20199,KS,Wallace,100
20201,KS,Washington,50.167778
20203,KS,Wichita,100
20205,KS,Wilson,12.185973
20207,KS,Woodson,18.540356
20209,KS,Wyandotte,26.573259
21001,KY,Adair,9.2594223
21003,KY,Allen,.97350597
21005,KY,Anderson,21.357716
21007,KY,Ballard,5.0488648
21009,KY,Barren,7.2110219
21011,KY,Bath,.11996826
21013,KY,Bell,17.393688
21015,KY,Boone,34.99194
21017,KY,Bourbon,15.723267
21019,KY,Boyd,21.56551
21021,KY,Boyle,27.309542
21023,KY,Bracken,.56398362
21025,KY,Breathitt,14.902823
21027,KY,Breckinridge,9.0231915
21029,KY,Bullitt,32.625748
21031,KY,Butler,8.1254091
21033,KY,Caldwell,11.006803
21035,KY,Calloway,14.770365
21037,KY,Campbell,30.395132
21039,KY,Carlisle,2.2623582
21041,KY,Carroll,37.832752
21043,KY,Carter,5.5151687
21045,KY,Casey,4.4092841
21047,KY,Christian,25.607782
21049,KY,Clark,10.306663
21051,KY,Clay,9.1559877
21053,KY,Clinton,.10413792
21055,KY,Crittenden,2.8949072
21057,KY,Cumberland,1.6129489
21059,KY,Daviess,16.481657
21061,KY,Edmonson,2.5226948
21063,KY,Elliott,.057716355
21065,KY,Estill,9.1432037
21067,KY,Fayette,15.869256
21069,KY,Fleming,5.8438926
21071,KY,Floyd,4.9449339
21073,KY,Franklin,14.822176
21075,KY,Fulton,.10551843
21079,KY,Garrard,.72252339
21081,KY,Grant,18.261908
21083,KY,Graves,9.6261654
21085,KY,Grayson,22.672293
21087,KY,Green,11.143535
21089,KY,Greenup,23.444384
21091,KY,Hancock,3.1681154
21093,KY,Hardin,27.419544
21095,KY,Harlan,19.536203
21097,KY,Harrison,5.0346565
21099,KY,Hart,9.3634062
21101,KY,Henderson,9.694356
21103,KY,Henry,2.0819898
21105,KY,Hickman,0
21107,KY,Hopkins,23.23101
21109,KY,Jackson,.17673145
21111,KY,Jefferson,16.123213
21113,KY,Jessamine,15.863406
21115,KY,Johnson,16.756701
21117,KY,Kenton,31.079311
21119,KY,Knott,.84777302
21121,KY,Knox,8.5921392
21123,KY,Larue,1.3468095
21125,KY,Laurel,9.3556108
21127,KY,Lawrence,15.790588
21129,KY,Lee,.023151912
21131,KY,Leslie,3.1019285
21135,KY,Lewis,1.1579491
21137,KY,Lincoln,17.62075
21139,KY,Livingston,14.968923
21141,KY,Logan,15.204915
21143,KY,Lyon,3.1291709
21145,KY,McCracken,24.19129
21147,KY,McCreary,1.964693
21149,KY,McLean,.52339095
21151,KY,Madison,22.015934
21153,KY,Magoffin,1.7380098
21155,KY,Marion,1.5596441
21157,KY,Marshall,3.3687053
21159,KY,Martin,.039080873
21161,KY,Mason,16.588057
21163,KY,Meade,14.146515
21165,KY,Menifee,1.4959625
21167,KY,Mercer,22.114405
21169,KY,Metcalfe,.78007048
21171,KY,Monroe,3.478096
21173,KY,Montgomery,11.388872
21175,KY,Morgan,15.398078
21177,KY,Muhlenberg,5.0606418
21179,KY,Nelson,12.813951
21181,KY,Nicholas,.52179664
21183,KY,Ohio,17.415283
21185,KY,Oldham,40.2034
21187,KY,Owen,10.156579
21189,KY,Owsley,.70189077
21191,KY,Pendleton,.78137201
21193,KY,Perry,2.4425962
21195,KY,Pike,1.5113256
21197,KY,Powell,3.0655546
21199,KY,Pulaski,17.501057
21201,KY,Robertson,70.677841
21203,KY,Rockcastle,1.6085862
21205,KY,Rowan,8.5725546
21207,KY,Russell,1.0196838
21209,KY,Scott,27.778162
21211,KY,Shelby,10.619807
21213,KY,Simpson,13.081766
21217,KY,Taylor,16.74147
21219,KY,Todd,.47552419
21221,KY,Trigg,12.913642
21223,KY,Trimble,5.8486667
21225,KY,Union,6.4675555
21227,KY,Warren,12.523116
21229,KY,Washington,17.248648
21231,KY,Wayne,12.458316
21233,KY,Webster,3.1809134
21235,KY,Whitley,12.614856
21237,KY,Wolfe,1.6953334
21239,KY,Woodford,34.064896
22001,LA,Acadia,1.7599243
22003,LA,Allen,27.939274
22005,LA,Ascension,31.464569
22007,LA,Assumption,38.873138
22009,LA,Avoyelles,18.980047
22011,LA,Beauregard,35.236076
22013,LA,Bienville,28.798552
22015,LA,Bossier,22.495167
22017,LA,Caddo,32.52372
22019,LA,Calcasieu,21.799368
22021,LA,Caldwell,9.4890051
22023,LA,Cameron,25.548611
22025,LA,Catahoula,23.905754
22027,LA,Claiborne,11.844618
22029,LA,Concordia,27.30953
22031,LA,De Soto,23.981039
22033,LA,East Baton Rouge,26.240431
22035,LA,East Carroll,20.133116
22037,LA,East Feliciana,10.348382
22039,LA,Evangeline,26.321148
22041,LA,Franklin,10.068285
22043,LA,Grant,19.491093
22045,LA,Iberia,19.2953
22047,LA,Iberville,15.969494
22049,LA,Jackson,22.945667
22051,LA,Jefferson,11.934682
22053,LA,Jefferson Davis,7.077426
22055,LA,Lafayette,22.920431
22057,LA,Lafourche,25.984184
22059,LA,La Salle,14.835013
22061,LA,Lincoln,31.782114
22063,LA,Livingston,15.407888
22065,LA,Madison,9.76968
22067,LA,Morehouse,24.398722
22069,LA,Natchitoches,27.791462
22071,LA,Orleans,16.799191
22073,LA,Ouachita,30.150974
22075,LA,Plaquemines,28.03397
22077,LA,Pointe Coupee,12.294682
22079,LA,Rapides,34.536621
22081,LA,Red River,22.452118
22083,LA,Richland,11.224734
22085,LA,Sabine,26.201218
22087,LA,St. Bernard,46.212151
22089,LA,St. Charles,57.772701
22091,LA,St. Helena,5.9160089
22093,LA,St. James,25.3573
22095,LA,St. John the Baptist,40.202396
22097,LA,St. Landry,16.2803
22099,LA,St. Martin,4.0946331
22101,LA,St. Mary,33.376923
22103,LA,St. Tammany,26.712942
22105,LA,Tangipahoa,26.167192
22107,LA,Tensas,24.447624
22109,LA,Terrebonne,29.886612
22111,LA,Union,17.187153
22113,LA,Vermilion,6.2832532
22115,LA,Vernon,52.072514
22117,LA,Washington,10.628535
22119,LA,Webster,26.764988
22121,LA,West Baton Rouge,19.064943
22123,LA,West Carroll,4.8669553
22125,LA,West Feliciana,42.087982
22127,LA,Winn,26.970575
23001,ME,Androscoggin,12.050217
23003,ME,Aroostook,11.052901
23005,ME,Cumberland,21.204098
23007,ME,Franklin,2.5334208
23009,ME,Hancock,4.0752378
23011,ME,Kennebec,7.1021914
23013,ME,Knox,15.98065
23015,ME,Lincoln,3.9996109
23017,ME,Oxford,6.607502
23019,ME,Penobscot,12.442524
23021,ME,Piscataquis,4.4329309
23023,ME,Sagadahoc,8.8389492
23025,ME,Somerset,15.251259
23027,ME,Waldo,7.0370488
23029,ME,Washington,11.514106
23031,ME,York,15.152002
24001,MD,Allegany,34.132179
24003,MD,Anne Arundel,35.390217
24005,MD,Baltimore,17.541433
24009,MD,Calvert,36.090496
24011,MD,Caroline,5.2616954
24013,MD,Carroll,24.043205
24015,MD,Cecil,22.501753
24017,MD,Charles,29.489779
24019,MD,Dorchester,16.234627
24021,MD,Frederick,23.918934
24023,MD,Garrett,3.2585778
24025,MD,Harford,21.747322
24027,MD,Howard,18.709717
24029,MD,Kent,.014976599
24031,MD,Montgomery,18.665319
24033,MD,Prince George's,23.225294
24035,MD,Queen Anne's,23.324888
24037,MD,St. Mary's,18.635029
24039,MD,Somerset,22.740419
24041,MD,Talbot,11.066863
24043,MD,Washington,24.809013
24045,MD,Wicomico,26.746998
24047,MD,Worcester,20.722263
24510,MD,Baltimore,2.2090499
25001,MA,Barnstable,48.379444
25003,MA,Berkshire,24.321983
25005,MA,Bristol,28.955996
25007,MA,Dukes,7.1206002
25009,MA,Essex,29.959103
25011,MA,Franklin,15.492427
25013,MA,Hampden,22.289413
25015,MA,Hampshire,38.655972
25017,MA,Middlesex,24.825819
25019,MA,Nantucket,10.422783
25021,MA,Norfolk,31.694542
25023,MA,Plymouth,40.820126
25025,MA,Suffolk,.75073248
25027,MA,Worcester,28.36521
26001,MI,Alcona,10.989636
26003,MI,Alger,34.798634
26005,MI,Allegan,4.0631161
26007,MI,Alpena,6.1807494
26009,MI,Antrim,.13893206
26011,MI,Arenac,28.820894
26013,MI,Baraga,16.39164
26015,MI,Barry,2.7978191
26017,MI,Bay,21.976452
26021,MI,Berrien,25.671143
26023,MI,Branch,3.507916
26025,MI,Calhoun,23.146484
26027,MI,Cass,8.1692381
26029,MI,Charlevoix,5.4726443
26031,MI,Cheboygan,10.800639
26033,MI,Chippewa,20.27438
26035,MI,Clare,2.660949
26037,MI,Clinton,22.297407
26039,MI,Crawford,18.713442
26041,MI,Delta,25.759935
26043,MI,Dickinson,32.574661
26045,MI,Eaton,26.869555
26047,MI,Emmet,11.623916
26049,MI,Genesee,31.556385
26051,MI,Gladwin,1.1091524
26053,MI,Gogebic,12.534047
26055,MI,Grand Traverse,18.551182
26057,MI,Gratiot,27.869923
26059,MI,Hillsdale,6.8490028
26061,MI,Houghton,10.791496
26063,MI,Huron,25.981733
26065,MI,Ingham,29.195177
26067,MI,Ionia,8.701251
26069,MI,Iosco,21.850853
26071,MI,Iron,11.069344
26073,MI,Isabella,7.0310612
26075,MI,Jackson,24.526798
26077,MI,Kalamazoo,26.729687
26079,MI,Kalkaska,6.1120625
26081,MI,Kent,21.082201
26083,MI,Keweenaw,29.013468
26085,MI,Lake,16.029737
26087,MI,Lapeer,9.2621393
26089,MI,Leelanau,2.3329184
26091,MI,Lenawee,19.793316
26093,MI,Livingston,31.294113
26095,MI,Luce,11.994308
26097,MI,Mackinac,30.247099
26099,MI,Macomb,22.62966
26101,MI,Manistee,10.023849
26103,MI,Marquette,15.384652
26105,MI,Mason,6.3335762
26107,MI,Mecosta,17.758196
26109,MI,Menominee,40.81007
26111,MI,Midland,20.0884
26113,MI,Missaukee,4.4700022
26115,MI,Monroe,18.656149
26117,MI,Montcalm,7.5327873
26119,MI,Montmorency,3.8585007
26121,MI,Muskegon,36.053772
26123,MI,Newaygo,5.7291198
26125,MI,Oakland,29.948917
26127,MI,Oceana,3.6687024
26129,MI,Ogemaw,.051518947
26131,MI,Ontonagon,32.604847
26133,MI,Osceola,15.690496
26135,MI,Oscoda,1.6017773
26137,MI,Otsego,13.399959
26139,MI,Ottawa,32.555656
26141,MI,Presque Isle,27.432297
26143,MI,Roscommon,22.006554
26145,MI,Saginaw,25.179485
26147,MI,St. Clair,34.100616
26149,MI,St. Joseph,11.640416
26151,MI,Sanilac,6.4407468
26153,MI,Schoolcraft,25.516619
26155,MI,Shiawassee,16.489449
26157,MI,Tuscola,3.4197104
26159,MI,Van Buren,5.3100257
26161,MI,Washtenaw,23.305304
26163,MI,Wayne,13.844508
26165,MI,Wexford,10.010085
27001,MN,Aitkin,32.351105
27003,MN,Anoka,34.289455
27005,MN,Becker,33.395035
27007,MN,Beltrami,17.141573
27009,MN,Benton,15.858931
27011,MN,Big Stone,43.181202
27013,MN,Blue Earth,33.873089
27015,MN,Brown,26.516966
27017,MN,Carlton,26.501871
27019,MN,Carver,27.621073
27021,MN,Cass,11.877831
27023,MN,Chippewa,7.5929794
27025,MN,Chisago,9.9506655
27027,MN,Clay,9.502017
27029,MN,Clearwater,37.92276
27031,MN,Cook,28.727213
27033,MN,Cottonwood,36.407745
27035,MN,Crow Wing,6.7340174
27037,MN,Dakota,32.943203
27039,MN,Dodge,8.9611712
27041,MN,Douglas,25.799448
27043,MN,Faribault,13.044679
27045,MN,Fillmore,2.1829865
27047,MN,Freeborn,28.4543
27049,MN,Goodhue,17.61371
27051,MN,Grant,44.100498
27053,MN,Hennepin,26.623163
27055,MN,Houston,10.623043
27057,MN,Hubbard,21.449638
27059,MN,Isanti,9.1221409
27061,MN,Itasca,16.144119
27063,MN,Jackson,13.444187
27065,MN,Kanabec,7.2927513
27067,MN,Kandiyohi,27.917353
27069,MN,Kittson,72.687103
27071,MN,Koochiching,45.155891
27073,MN,Lac qui Parle,11.304727
27075,MN,Lake,8.3034468
27077,MN,Lake of the Woods,41.186024
27079,MN,Le Sueur,7.1373262
27081,MN,Lincoln,12.214851
27083,MN,Lyon,25.9757
27085,MN,McLeod,24.924053
27087,MN,Mahnomen,35.187809
27089,MN,Marshall,63.38047
27091,MN,Martin,44.235756
27093,MN,Meeker,21.494505
27095,MN,Mille Lacs,1.6816794
27097,MN,Morrison,29.391443
27099,MN,Mower,14.658216
27101,MN,Murray,14.479187
27103,MN,Nicollet,31.843786
27105,MN,Nobles,29.732979
27107,MN,Norman,31.701914
27109,MN,Olmsted,19.532837
27111,MN,Otter Tail,19.60075
27113,MN,Pennington,18.123962
27115,MN,Pine,9.004528
27117,MN,Pipestone,28.251442
27119,MN,Polk,35.024006
27121,MN,Pope,12.857925
27123,MN,Ramsey,21.882725
27125,MN,Red Lake,99.19236
27127,MN,Redwood,43.146832
27129,MN,Renville,33.066078
27131,MN,Rice,22.534027
27133,MN,Rock,14.391281
27135,MN,Roseau,29.452332
27137,MN,St. Louis,25.613817
27139,MN,Scott,18.291149
27141,MN,Sherburne,17.069416
27143,MN,Sibley,1.5914922
27145,MN,Stearns,17.419785
27147,MN,Steele,21.604034
27149,MN,Stevens,13.580005
27151,MN,Swift,25.359077
27153,MN,Todd,33.437092
27155,MN,Traverse,38.962875
27157,MN,Wabasha,10.274287
27159,MN,Wadena,24.706604
27161,MN,Waseca,29.809454
27163,MN,Washington,39.77829
27165,MN,Watonwan,4.6658711
27167,MN,Wilkin,28.686945
27169,MN,Winona,14.182981
27171,MN,Wright,12.003942
27173,MN,Yellow Medicine,32.383999
28001,MS,Adams,22.243345
28003,MS,Alcorn,10.165493
28005,MS,Amite,17.840832
28007,MS,Attala,20.2167
28009,MS,Benton,36.835777
28011,MS,Bolivar,41.31361
28013,MS,Calhoun,8.1262045
28015,MS,Carroll,40.9244
28017,MS,Chickasaw,3.9406176
28019,MS,Choctaw,3.1629615
28021,MS,Claiborne,15.121249
28023,MS,Clarke,13.939021
28025,MS,Clay,27.17214
28027,MS,Coahoma,25.770493
28029,MS,Copiah,24.366301
28033,MS,DeSoto,26.873369
28035,MS,Forrest,12.299494
28037,MS,Franklin,30.626427
28039,MS,George,9.9359045
28041,MS,Greene,4.4234481
28043,MS,Grenada,15.720535
28045,MS,Hancock,33.809498
28047,MS,Harrison,35.893204
28049,MS,Hinds,26.393635
28051,MS,Holmes,43.086674
28053,MS,Humphreys,22.428692
28055,MS,Issaquena,42.472637
28057,MS,Itawamba,11.839331
28059,MS,Jackson,29.562935
28061,MS,Jasper,11.717573
28063,MS,Jefferson,11.319175
28065,MS,Jefferson Davis,16.550205
28067,MS,Jones,9.7138176
28069,MS,Kemper,49.253624
28071,MS,Lafayette,33.156212
28073,MS,Lamar,14.335245
28075,MS,Lauderdale,20.963713
28077,MS,Lawrence,15.31075
28079,MS,Leake,17.562891
28081,MS,Lee,21.878622
28083,MS,Leflore,45.506378
28085,MS,Lincoln,20.399151
28087,MS,Lowndes,16.579248
28089,MS,Madison,20.372011
28091,MS,Marion,29.349564
28093,MS,Marshall,18.487051
28095,MS,Monroe,6.5763712
28097,MS,Montgomery,16.177942
28099,MS,Neshoba,8.2026615
28101,MS,Newton,11.66621
28103,MS,Noxubee,15.890262
28105,MS,Oktibbeha,28.416124
28107,MS,Panola,20.31279
28109,MS,Pearl River,13.032837
28111,MS,Perry,9.1673775
28113,MS,Pike,13.716643
28115,MS,Pontotoc,10.779655
28117,MS,Prentiss,6.7658224
28119,MS,Quitman,32.017559
28121,MS,Rankin,26.778402
28123,MS,Scott,12.833784
28125,MS,Sharkey,27.871777
28127,MS,Simpson,10.375583
28129,MS,Smith,16.345619
28131,MS,Stone,21.608072
28133,MS,Sunflower,36.328697
28135,MS,Tallahatchie,51.182175
28137,MS,Tate,28.359545
28139,MS,Tippah,11.203383
28141,MS,Tishomingo,0
28143,MS,Tunica,17.567509
28145,MS,Union,12.260089
28147,MS,Walthall,10.625904
28149,MS,Warren,23.559031
28151,MS,Washington,29.776184
28153,MS,Wayne,1.6047944
28155,MS,Webster,11.500217
28157,MS,Wilkinson,16.046629
28159,MS,Winston,13.209188
28161,MS,Yalobusha,8.370903
28163,MS,Yazoo,34.369305
29001,MO,Adair,18.017788
29003,MO,Andrew,10.584178
29005,MO,Atchison,12.428827
29007,MO,Audrain,16.039833
29009,MO,Barry,11.124624
29011,MO,Barton,22.237312
29013,MO,Bates,4.4926219
29015,MO,Benton,9.965435
29017,MO,Bollinger,28.403965
29019,MO,Boone,25.548738
29021,MO,Buchanan,22.973734
29023,MO,Butler,16.511934
29025,MO,Caldwell,18.666256
29027,MO,Callaway,18.394663
29029,MO,Camden,13.062716
29031,MO,Cape Girardeau,25.237549
29033,MO,Carroll,18.501928
29035,MO,Carter,49.742706
29037,MO,Cass,30.286064
29039,MO,Cedar,11.747404
29041,MO,Chariton,10.262486
29043,MO,Christian,20.186832
29045,MO,Clark,13.421633
29047,MO,Clay,27.846081
29049,MO,Clinton,7.4798069
29051,MO,Cole,25.884333
29053,MO,Cooper,24.469423
29055,MO,Crawford,5.1734953
29057,MO,Dade,9.6588011
29059,MO,Dallas,12.887334
29061,MO,Daviess,21.818214
29063,MO,DeKalb,37.368038
29065,MO,Dent,20.300377
29067,MO,Douglas,26.90447
29069,MO,Dunklin,20.941002
29071,MO,Franklin,10.98464
29073,MO,Gasconade,2.2482104
29075,MO,Gentry,3.0418015
29077,MO,Greene,18.088421
29079,MO,Grundy,30.336725
29081,MO,Harrison,28.422796
29083,MO,Henry,31.028399
29085,MO,Hickory,13.636239
29087,MO,Holt,99.513496
29089,MO,Howard,17.878138
29091,MO,Howell,19.139341
29093,MO,Iron,22.442568
29095,MO,Jackson,22.252047
29097,MO,Jasper,27.38378
29099,MO,Jefferson,30.351267
29101,MO,Johnson,16.739893
29103,MO,Knox,19.308655
29105,MO,Laclede,20.713417
29107,MO,Lafayette,16.781847
29109,MO,Lawrence,11.465211
29111,MO,Lewis,41.522839
29113,MO,Lincoln,7.7491841
29115,MO,Linn,26.539944
29117,MO,Livingston,11.503871
29119,MO,McDonald,7.429533
29121,MO,Macon,17.08083
29123,MO,Madison,14.216749
29125,MO,Maries,5.7507262
29127,MO,Marion,15.532912
29129,MO,Mercer,99.768105
29131,MO,Miller,7.7995939
29133,MO,Mississippi,.32308468
29135,MO,Moniteau,5.0495806
29137,MO,Monroe,13.814594
29139,MO,Montgomery,10.272734
29141,MO,Morgan,3.1567452
29143,MO,New Madrid,3.0301783
29145,MO,Newton,14.752537
29147,MO,Nodaway,45.10461
29149,MO,Oregon,18.590876
29151,MO,Osage,10.214067
29153,MO,Ozark,55.175156
29155,MO,Pemiscot,6.4573174
29157,MO,Perry,15.778968
29159,MO,Pettis,16.739958
29161,MO,Phelps,14.002071
29163,MO,Pike,24.506454
29165,MO,Platte,34.932125
29167,MO,Polk,5.6760688
29169,MO,Pulaski,34.198311
29171,MO,Putnam,26.663868
29173,MO,Ralls,8.9319592
29175,MO,Randolph,12.361884
29177,MO,Ray,19.177208
29179,MO,Reynolds,44.820675
29181,MO,Ripley,20.736704
29183,MO,St. Charles,37.85125
29185,MO,St. Clair,9.3409653
29186,MO,Ste. Genevieve,20.214771
29187,MO,St. Francois,15.109869
29189,MO,St. Louis,26.758312
29195,MO,Saline,27.491087
29197,MO,Schuyler,82.249527
29199,MO,Scotland,9.6219435
29201,MO,Scott,23.088203
29203,MO,Shannon,16.585178
29205,MO,Shelby,38.523357
29207,MO,Stoddard,6.221746
29209,MO,Stone,1.5829254
29211,MO,Sullivan,27.248455
29213,MO,Taney,30.145397
29215,MO,Texas,18.074806
29217,MO,Vernon,32.028088
29219,MO,Warren,4.9053755
29221,MO,Washington,18.170004
29223,MO,Wayne,34.625206
29225,MO,Webster,7.836288
29227,MO,Worth,13.916762
29229,MO,Wright,12.205501
29510,MO,St. Louis,6.0119743
30001,MT,Beaverhead,26.19553
30003,MT,Big Horn,46.990662
30005,MT,Blaine,34.012745
30007,MT,Broadwater,25.518023
30009,MT,Carbon,35.986965
30011,MT,Carter,100
30013,MT,Cascade,25.452442
30015,MT,Chouteau,71.401573
30017,MT,Custer,49.656815
30019,MT,Daniels,26.800772
30021,MT,Dawson,32.903465
30023,MT,Deer Lodge,5.7101889
30025,MT,Fallon,22.436398
30027,MT,Fergus,29.449905
30029,MT,Flathead,10.41168
30031,MT,Gallatin,12.712553
30033,MT,Garfield,55.301025
30035,MT,Glacier,23.130568
30037,MT,Golden Valley,100
30039,MT,Granite,21.936749
30041,MT,Hill,46.637653
30043,MT,Jefferson,11.738288
30045,MT,Judith Basin,60.381432
30047,MT,Lake,6.8650956
30049,MT,Lewis and Clark,23.691544
30051,MT,Liberty,56.116875
30053,MT,Lincoln,15.672731
30055,MT,McCone,41.199223
30057,MT,Madison,30.19206
30059,MT,Meagher,100
30061,MT,Mineral,46.6632
30063,MT,Missoula,22.143698
30065,MT,Musselshell,31.890331
30067,MT,Park,29.814955
30069,MT,Petroleum,100
30071,MT,Phillips,26.667896
30073,MT,Pondera,45.348083
30075,MT,Powder River,52.377167
30077,MT,Powell,19.55018
30079,MT,Prairie,100
30081,MT,Ravalli,4.5501142
30083,MT,Richland,29.768139
30085,MT,Roosevelt,57.758465
30087,MT,Rosebud,24.125898
30089,MT,Sanders,42.138523
30091,MT,Sheridan,35.239109
30093,MT,Silver Bow,11.862538
30095,MT,Stillwater,15.988899
30097,MT,Sweet Grass,22.61459
30099,MT,Teton,31.706581
30101,MT,Toole,37.610046
30103,MT,Treasure,100
30105,MT,Valley,39.130951
30107,MT,Wheatland,100
30109,MT,Wibaux,100
30111,MT,Yellowstone,25.644659
31001,NE,Adams,29.193104
31003,NE,Antelope,20.193468
31005,NE,Arthur,100
31007,NE,Banner,98.539978
31009,NE,Blaine,100
31011,NE,Boone,18.555517
31013,NE,Box Butte,33.089497
31015,NE,Boyd,100
31017,NE,Brown,10.083547
31019,NE,Buffalo,19.650782
31021,NE,Burt,.6719591
31023,NE,Butler,15.941153
31025,NE,Cass,24.525322
31027,NE,Cedar,15.951051
31029,NE,Chase,29.420855
31031,NE,Cherry,41.333481
31033,NE,Cheyenne,18.900999
31035,NE,Clay,46.581635
31037,NE,Colfax,26.860466
31039,NE,Cuming,4.5027466
31041,NE,Custer,51.443111
31043,NE,Dakota,24.901993
31045,NE,Dawes,23.145756
31047,NE,Dawson,32.71991
31049,NE,Deuel,26.817137
31051,NE,Dixon,33.940216
31053,NE,Dodge,30.943016
31055,NE,Douglas,11.162727
31057,NE,Dundy,33.262642
31059,NE,Fillmore,19.640432
31061,NE,Franklin,47.460876
31063,NE,Frontier,97.027779
31065,NE,Furnas,21.797459
31067,NE,Gage,30.183155
31069,NE,Garden,99.861061
31071,NE,Garfield,9.9854698
31073,NE,Gosper,64.254951
31075,NE,Grant,100
31077,NE,Greeley,99.963181
31079,NE,Hall,31.979906
31081,NE,Hamilton,10.941317
31083,NE,Harlan,6.0732841
31085,NE,Hayes,100
31087,NE,Hitchcock,94.997581
31089,NE,Holt,25.428253
31091,NE,Hooker,15.915626
31093,NE,Howard,18.045523
31095,NE,Jefferson,23.604557
31097,NE,Johnson,25.961472
31099,NE,Kearney,11.333323
31101,NE,Keith,21.956686
31103,NE,Keya Paha,99.884109
31105,NE,Kimball,7.5132699
31107,NE,Knox,7.7643018
31109,NE,Lancaster,10.182828
31111,NE,Lincoln,21.017038
31113,NE,Logan,14.032251
31115,NE,Loup,80.123154
31117,NE,McPherson,100
31119,NE,Madison,24.758593
31121,NE,Merrick,37.573959
31123,NE,Morrill,50.726898
31125,NE,Nance,37.44241
31127,NE,Nemaha,2.4871595
31129,NE,Nuckolls,36.029186
31131,NE,Otoe,13.616096
31133,NE,Pawnee,18.146999
31135,NE,Perkins,29.543129
31137,NE,Phelps,15.720364
31139,NE,Pierce,66.242935
31141,NE,Platte,27.419613
31143,NE,Polk,5.7636609
31145,NE,Red Willow,48.139885
31147,NE,Richardson,27.120333
31149,NE,Rock,28.020304
31151,NE,Saline,18.048054
31153,NE,Sarpy,20.768293
31155,NE,Saunders,17.715881
31157,NE,Scotts Bluff,8.0250111
31159,NE,Seward,9.5396614
31161,NE,Sheridan,35.241894
31163,NE,Sherman,83.430717
31165,NE,Sioux,65.434196
31167,NE,Stanton,57.727654
31169,NE,Thayer,17.366632
31171,NE,Thomas,99.940781
31173,NE,Thurston,25.242199
31175,NE,Valley,23.837154
31177,NE,Washington,3.2287953
31179,NE,Wayne,6.6973748
31181,NE,Webster,52.412163
31183,NE,Wheeler,100
31185,NE,York,20.164221
32001,NV,Churchill,26.064682
32003,NV,Clark,10.566534
32005,NV,Douglas,45.892651
32007,NV,Elko,27.809929
32009,NV,Esmeralda,97.190292
32011,NV,Eureka,100
32013,NV,Humboldt,30.426533
32015,NV,Lander,15.434496
32017,NV,Lincoln,78.090538
32019,NV,Lyon,24.255875
32021,NV,Mineral,84.42585
32023,NV,Nye,42.292564
32027,NV,Pershing,15.336552
32029,NV,Storey,5.474277
32031,NV,Washoe,23.702515
32033,NV,White Pine,44.541481
32510,NV,Carson City,20.080769
33001,NH,Belknap,16.501225
33003,NH,Carroll,1.8239396
33005,NH,Cheshire,14.122351
33007,NH,Coos,14.428227
33009,NH,Grafton,12.928653
33011,NH,Hillsborough,33.707634
33013,NH,Merrimack,19.855587
33015,NH,Rockingham,37.652229
33017,NH,Strafford,18.960623
33019,NH,Sullivan,13.961878
34001,NJ,Atlantic,29.201172
34003,NJ,Bergen,10.584471
34005,NJ,Burlington,37.222942
34007,NJ,Camden,21.417311
34009,NJ,Cape May,37.800739
34011,NJ,Cumberland,27.721924
34013,NJ,Essex,7.7485518
34015,NJ,Gloucester,43.734974
34017,NJ,Hudson,.5547393
34019,NJ,Hunterdon,20.583975
34021,NJ,Mercer,26.759556
34023,NJ,Middlesex,24.146904
34025,NJ,Monmouth,32.310459
34027,NJ,Morris,34.449768
34029,NJ,Ocean,43.069683
34031,NJ,Passaic,13.237451
34033,NJ,Salem,14.594506
34035,NJ,Somerset,34.94775
34037,NJ,Sussex,37.711288
34039,NJ,Union,9.3219595
34041,NJ,Warren,27.459379
35001,NM,Bernalillo,19.523218
35003,NM,Catron,100
35005,NM,Chaves,24.977242
35006,NM,Cibola,36.67907
35007,NM,Colfax,56.994938
35009,NM,Curry,38.554775
35011,NM,De Baca,17.116749
35013,NM,DoÃ±a Ana,39.60313
35015,NM,Eddy,36.336338
35017,NM,Grant,34.490227
35019,NM,Guadalupe,38.234325
35021,NM,Harding,95.07692
35023,NM,Hidalgo,36.392712
35025,NM,Lea,16.123831
35027,NM,Lincoln,34.703152
35028,NM,Los Alamos,42.589081
35029,NM,Luna,25.580379
35031,NM,McKinley,60.442078
35033,NM,Mora,24.587904
35035,NM,Otero,33.205215
35037,NM,Quay,17.353233
35039,NM,Rio Arriba,49.817238
35041,NM,Roosevelt,29.77573
35043,NM,Sandoval,35.794094
35045,NM,San Juan,35.859482
35047,NM,San Miguel,49.66806
35049,NM,Santa Fe,29.404804
35051,NM,Sierra,44.712135
35053,NM,Socorro,37.933559
35055,NM,Taos,39.148369
35057,NM,Torrance,39.73592
35059,NM,Union,26.813427
35061,NM,Valencia,52.549213
36001,NY,Albany,27.069731
36003,NY,Allegany,7.7109385
36005,NY,Bronx,.51514632
36007,NY,Broome,12.82442
36009,NY,Cattaraugus,7.3621483
36011,NY,Cayuga,6.5997152
36013,NY,Chautauqua,17.720362
36015,NY,Chemung,22.818771
36017,NY,Chenango,4.1429143
36019,NY,Clinton,26.952822
36021,NY,Columbia,14.672002
36023,NY,Cortland,10.719506
36025,NY,Delaware,2.413605
36027,NY,Dutchess,34.146988
36029,NY,Erie,20.970131
36031,NY,Essex,9.3061705
36033,NY,Franklin,22.967384
36035,NY,Fulton,9.7344122
36037,NY,Genesee,3.9040697
36039,NY,Greene,21.253656
36041,NY,Hamilton,53.589409
36043,NY,Herkimer,18.763121
36045,NY,Jefferson,16.861946
36047,NY,Kings,.015700271
36049,NY,Lewis,16.581495
36051,NY,Livingston,17.627552
36053,NY,Madison,19.293381
36055,NY,Monroe,29.781631
36057,NY,Montgomery,20.970263
36059,NY,Nassau,5.2357483
36061,NY,New York,.000126114
36063,NY,Niagara,17.51124
36065,NY,Oneida,16.186165
36067,NY,Onondaga,20.305582
36069,NY,Ontario,17.056093
36071,NY,Orange,26.500467
36073,NY,Orleans,12.262128
36075,NY,Oswego,10.676217
36077,NY,Otsego,28.903275
36079,NY,Putnam,36.631031
36081,NY,Queens,.34916079
36083,NY,Rensselaer,20.861626
36085,NY,Richmond,.90642345
36087,NY,Rockland,20.099762
36089,NY,St. Lawrence,17.374706
36091,NY,Saratoga,27.232552
36093,NY,Schenectady,23.291492
36095,NY,Schoharie,22.082314
36097,NY,Schuyler,7.3596177
36099,NY,Seneca,15.16085
36101,NY,Steuben,8.2982454
36103,NY,Suffolk,25.509867
36105,NY,Sullivan,9.2868433
36107,NY,Tioga,14.598875
36109,NY,Tompkins,14.765247
36111,NY,Ulster,26.324039
36113,NY,Warren,19.568565
36115,NY,Washington,11.055433
36117,NY,Wayne,13.930669
36119,NY,Westchester,14.801579
36121,NY,Wyoming,22.845785
36123,NY,Yates,2.0590751
37001,NC,Alamance,22.921532
37003,NC,Alexander,6.5304537
37005,NC,Alleghany,3.8610723
37007,NC,Anson,6.556922
37009,NC,Ashe,5.247664
37011,NC,Avery,.65331632
37013,NC,Beaufort,10.358891
37015,NC,Bertie,5.5114388
37017,NC,Bladen,6.4815507
37019,NC,Brunswick,15.545536
37021,NC,Buncombe,21.610247
37023,NC,Burke,29.573412
37025,NC,Cabarrus,22.997074
37027,NC,Caldwell,35.981724
37029,NC,Camden,4.397872
37031,NC,Carteret,25.184752
37033,NC,Caswell,7.8227224
37035,NC,Catawba,21.467503
37037,NC,Chatham,4.8453407
37039,NC,Cherokee,7.5447474
37041,NC,Chowan,23.135138
37043,NC,Clay,3.2364619
37045,NC,Cleveland,16.689743
37047,NC,Columbus,4.3851752
37049,NC,Craven,28.033634
37051,NC,Cumberland,30.16608
37053,NC,Currituck,13.135212
37055,NC,Dare,30.587337
37057,NC,Davidson,16.557158
37059,NC,Davie,10.879028
37061,NC,Duplin,1.9441661
37063,NC,Durham,25.875786
37065,NC,Edgecombe,12.977909
37067,NC,Forsyth,36.588329
37069,NC,Franklin,4.47787
37071,NC,Gaston,28.290863
37073,NC,Gates,.039059207
37075,NC,Graham,2.8380666
37077,NC,Granville,16.286192
37081,NC,Guilford,20.233809
37083,NC,Halifax,16.528664
37085,NC,Harnett,8.7570524
37087,NC,Haywood,21.589184
37089,NC,Henderson,21.717714
37091,NC,Hertford,10.130858
37093,NC,Hoke,21.119007
37095,NC,Hyde,89.96254
37097,NC,Iredell,15.279671
37099,NC,Jackson,18.044086
37101,NC,Johnston,5.151845
37103,NC,Jones,.003080741
37105,NC,Lee,14.767097
37107,NC,Lenoir,12.749223
37109,NC,Lincoln,14.264014
37111,NC,McDowell,4.2797227
37113,NC,Macon,6.526401
37115,NC,Madison,12.20551
37117,NC,Martin,3.7120264
37119,NC,Mecklenburg,18.268148
37123,NC,Montgomery,1.6867688
37125,NC,Moore,20.324224
37127,NC,Nash,14.418036
37129,NC,New Hanover,30.170692
37131,NC,Northampton,11.653096
37133,NC,Onslow,30.349705
37135,NC,Orange,19.05534
37137,NC,Pamlico,5.4931464
37139,NC,Pasquotank,25.072475
37141,NC,Pender,6.6709743
37143,NC,Perquimans,3.4011469
37145,NC,Person,10.259744
37147,NC,Pitt,9.2316751
37149,NC,Polk,.35316971
37151,NC,Randolph,19.250414
37153,NC,Richmond,13.139416
37155,NC,Robeson,9.3503132
37157,NC,Rockingham,20.872728
37159,NC,Rowan,24.680038
37161,NC,Rutherford,21.47447
37163,NC,Sampson,4.2803864
37165,NC,Scotland,16.228426
37167,NC,Stanly,5.5718932
37169,NC,Stokes,17.508348
37171,NC,Surry,7.7371182
37173,NC,Swain,1.5321982
37175,NC,Transylvania,7.154222
37177,NC,Tyrrell,11.111109
37179,NC,Union,15.688158
37181,NC,Vance,9.8497
37183,NC,Wake,18.915916
37185,NC,Warren,7.2882767
37187,NC,Washington,26.828987
37189,NC,Watauga,6.6922536
37191,NC,Wayne,18.308844
37193,NC,Wilkes,11.222379
37195,NC,Wilson,3.6660032
37197,NC,Yadkin,1.8997879
37199,NC,Yancey,1.0650154
38001,ND,Adams,22.285599
38003,ND,Barnes,28.031647
38005,ND,Benson,42.708763
38007,ND,Billings,100
38009,ND,Bottineau,45.721085
38011,ND,Bowman,29.824636
38013,ND,Burke,100
38015,ND,Burleigh,21.942278
38017,ND,Cass,13.957355
38019,ND,Cavalier,36.426849
38021,ND,Dickey,12.733905
38023,ND,Divide,33.254711
38025,ND,Dunn,53.006954
38027,ND,Eddy,28.868088
38029,ND,Emmons,44.572685
38031,ND,Foster,18.032663
38033,ND,Golden Valley,100
38035,ND,Grand Forks,20.594387
38037,ND,Grant,52.325104
38039,ND,Griggs,32.82309
38041,ND,Hettinger,99.979515
38043,ND,Kidder,99.560089
38045,ND,LaMoure,37.202839
38047,ND,Logan,41.94817
38049,ND,McHenry,69.040237
38051,ND,McIntosh,19.897861
38053,ND,McKenzie,36.893494
38055,ND,McLean,55.166332
38057,ND,Mercer,18.61228
38059,ND,Morton,29.895813
38061,ND,Mountrail,13.119074
38063,ND,Nelson,100
38065,ND,Oliver,84.290398
38067,ND,Pembina,46.203606
38069,ND,Pierce,19.299145
38071,ND,Ramsey,16.60899
38073,ND,Ransom,16.285799
38075,ND,Renville,58.985443
38077,ND,Richland,40.22155
38079,ND,Rolette,9.343647
38081,ND,Sargent,21.905413
38083,ND,Sheridan,81.572891
38085,ND,Sioux,40.963139
38087,ND,Slope,95.237808
38089,ND,Stark,16.99073
38091,ND,Steele,87.755981
38093,ND,Stutsman,32.953594
38095,ND,Towner,34.799866
38097,ND,Traill,18.16897
38099,ND,Walsh,18.437256
38101,ND,Ward,33.331841
38103,ND,Wells,37.856579
38105,ND,Williams,21.265003
39001,OH,Adams,7.0953259
39003,OH,Allen,18.184044
39005,OH,Ashland,3.3781915
39007,OH,Ashtabula,20.352356
39009,OH,Athens,23.010786
39011,OH,Auglaize,5.0047784
39013,OH,Belmont,14.213354
39015,OH,Brown,7.2191472
39017,OH,Butler,34.067333
39019,OH,Carroll,5.9102502
39021,OH,Champaign,1.5640281
39023,OH,Clark,24.316694
39025,OH,Clermont,39.525162
39027,OH,Clinton,17.77527
39029,OH,Columbiana,19.839432
39031,OH,Coshocton,18.593384
39033,OH,Crawford,23.126558
39035,OH,Cuyahoga,19.532234
39037,OH,Darke,5.9117136
39039,OH,Defiance,12.811015
39041,OH,Delaware,26.640718
39043,OH,Erie,27.923687
39045,OH,Fairfield,21.057138
39047,OH,Fayette,3.0896082
39049,OH,Franklin,23.608374
39051,OH,Fulton,15.127607
39053,OH,Gallia,11.930038
39055,OH,Geauga,19.606459
39057,OH,Greene,29.232471
39059,OH,Guernsey,15.603202
39061,OH,Hamilton,29.497787
39063,OH,Hancock,16.090334
39065,OH,Hardin,9.4672956
39067,OH,Harrison,2.4045415
39069,OH,Henry,12.895879
39071,OH,Highland,5.6355405
39073,OH,Hocking,17.264475
39075,OH,Holmes,2.0672963
39077,OH,Huron,12.393723
39079,OH,Jackson,4.2978806
39081,OH,Jefferson,21.64184
39083,OH,Knox,14.190191
39085,OH,Lake,34.129051
39087,OH,Lawrence,14.726101
39089,OH,Licking,20.609791
39091,OH,Logan,8.0157328
39093,OH,Lorain,26.994452
39095,OH,Lucas,16.362518
39097,OH,Madison,28.687637
39099,OH,Mahoning,26.53376
39101,OH,Marion,33.266438
39103,OH,Medina,24.566229
39105,OH,Meigs,16.36095
39107,OH,Mercer,3.4504528
39109,OH,Miami,13.862468
39111,OH,Monroe,5.7218428
39113,OH,Montgomery,26.61405
39115,OH,Morgan,6.2828813
39117,OH,Morrow,.47754994
39119,OH,Muskingum,19.454113
39121,OH,Noble,25.868477
39123,OH,Ottawa,26.930202
39125,OH,Paulding,13.039686
39127,OH,Perry,3.9118409
39129,OH,Pickaway,13.638939
39131,OH,Pike,14.241054
39133,OH,Portage,26.582909
39135,OH,Preble,.74285519
39137,OH,Putnam,16.600767
39139,OH,Richland,25.381891
39141,OH,Ross,13.711596
39143,OH,Sandusky,9.9961538
39145,OH,Scioto,17.913002
39147,OH,Seneca,14.055577
39149,OH,Shelby,16.631861
39151,OH,Stark,28.822788
39153,OH,Summit,30.527966
39155,OH,Trumbull,21.654236
39157,OH,Tuscarawas,19.399849
39159,OH,Union,21.267603
39161,OH,Van Wert,16.17301
39163,OH,Vinton,48.164852
39165,OH,Warren,35.546638
39167,OH,Washington,9.3538809
39169,OH,Wayne,16.231447
39171,OH,Williams,14.187257
39173,OH,Wood,33.290878
39175,OH,Wyandot,4.5044613
40001,OK,Adair,7.2788272
40003,OK,Alfalfa,58.776947
40005,OK,Atoka,40.42321
40007,OK,Beaver,38.275326
40009,OK,Beckham,11.948918
40011,OK,Blaine,56.339851
40013,OK,Bryan,19.552364
40015,OK,Caddo,29.956354
40017,OK,Canadian,23.332319
40019,OK,Carter,10.007313
40021,OK,Cherokee,22.292507
40023,OK,Choctaw,48.382736
40025,OK,Cimarron,40.345055
40027,OK,Cleveland,18.920782
40029,OK,Coal,27.310699
40031,OK,Comanche,32.340164
40033,OK,Cotton,83.542465
40035,OK,Craig,17.281946
40037,OK,Creek,20.921316
40039,OK,Custer,32.183361
40041,OK,Delaware,18.678246
40043,OK,Dewey,100
40045,OK,Ellis,99.545975
40047,OK,Garfield,16.707865
40049,OK,Garvin,17.108238
40051,OK,Grady,13.075004
40053,OK,Grant,65.34024
40055,OK,Greer,8.8296728
40057,OK,Harmon,8.2876253
40059,OK,Harper,51.646698
40061,OK,Haskell,37.945881
40063,OK,Hughes,26.886713
40065,OK,Jackson,24.080303
40067,OK,Jefferson,23.298944
40069,OK,Johnston,36.188709
40071,OK,Kay,30.29151
40073,OK,Kingfisher,12.056589
40075,OK,Kiowa,49.36618
40077,OK,Latimer,25.551216
40079,OK,Le Flore,15.395825
40081,OK,Lincoln,7.3908262
40083,OK,Logan,21.57019
40085,OK,Love,20.280645
40087,OK,McClain,9.6382742
40089,OK,McCurtain,16.616344
40091,OK,McIntosh,11.86454
40093,OK,Major,18.056776
40095,OK,Marshall,24.528952
40097,OK,Mayes,10.535563
40099,OK,Murray,4.0860476
40101,OK,Muskogee,14.209787
40103,OK,Noble,28.568466
40105,OK,Nowata,21.087675
40107,OK,Okfuskee,19.984133
40109,OK,Oklahoma,20.918629
40111,OK,Okmulgee,22.577532
40113,OK,Osage,31.367928
40115,OK,Ottawa,15.442125
40117,OK,Pawnee,1.450792
40119,OK,Payne,21.577333
40121,OK,Pittsburg,41.575394
40123,OK,Pontotoc,21.944059
40125,OK,Pottawatomie,13.610222
40127,OK,Pushmataha,43.623993
40129,OK,Roger Mills,54.867683
40131,OK,Rogers,20.213367
40133,OK,Seminole,7.5113611
40135,OK,Sequoyah,11.208768
40137,OK,Stephens,15.039526
40139,OK,Texas,36.08189
40141,OK,Tillman,34.556786
40143,OK,Tulsa,24.182705
40145,OK,Wagoner,28.409309
40147,OK,Washington,32.385517
40149,OK,Washita,38.831165
40151,OK,Woods,32.346096
40153,OK,Woodward,26.437628
41001,OR,Baker,44.957569
41003,OR,Benton,26.053469
41005,OR,Clackamas,13.953991
41007,OR,Clatsop,17.277632
41009,OR,Columbia,14.679735
41011,OR,Coos,11.302852
41013,OR,Crook,16.871067
41015,OR,Curry,12.284328
41017,OR,Deschutes,15.600087
41019,OR,Douglas,25.312912
41021,OR,Gilliam,54.629169
41023,OR,Grant,39.808308
41025,OR,Harney,37.014351
41027,OR,Hood River,6.4331875
41029,OR,Jackson,19.082731
41031,OR,Jefferson,18.858843
41033,OR,Josephine,19.921537
41035,OR,Klamath,36.552151
41037,OR,Lake,43.624557
41039,OR,Lane,17.989447
41041,OR,Lincoln,17.024614
41043,OR,Linn,22.011408
41045,OR,Malheur,11.270463
41047,OR,Marion,14.465797
41049,OR,Morrow,35.562691
41051,OR,Multnomah,9.1439896
41053,OR,Polk,29.874495
41055,OR,Sherman,81.573257
41057,OR,Tillamook,8.7584295
41059,OR,Umatilla,30.889961
41061,OR,Union,19.423914
41063,OR,Wallowa,27.052824
41065,OR,Wasco,41.128487
41067,OR,Washington,11.283287
41069,OR,Wheeler,100
41071,OR,Yamhill,17.140049
42001,PA,Adams,10.992405
42003,PA,Allegheny,25.542952
42005,PA,Armstrong,7.968617
42007,PA,Beaver,36.669792
42009,PA,Bedford,6.8528242
42011,PA,Berks,16.077124
42013,PA,Blair,23.638353
42015,PA,Bradford,9.9930382
42017,PA,Bucks,30.221857
42019,PA,Butler,19.264811
42021,PA,Cambria,25.719122
42023,PA,Cameron,9.1753073
42025,PA,Carbon,11.054248
42027,PA,Centre,16.12159
42029,PA,Chester,39.70332
42031,PA,Clarion,5.3833213
42033,PA,Clearfield,13.83912
42035,PA,Clinton,17.598576
42037,PA,Columbia,9.9282532
42039,PA,Crawford,11.859721
42041,PA,Cumberland,22.44022
42043,PA,Dauphin,32.013344
42045,PA,Delaware,15.854352
42047,PA,Elk,11.307787
42049,PA,Erie,26.773357
42051,PA,Fayette,19.765776
42053,PA,Forest,1.3661897
42055,PA,Franklin,17.581152
42057,PA,Fulton,11.119503
42059,PA,Greene,16.341455
42061,PA,Huntingdon,2.0278022
42063,PA,Indiana,19.710825
42065,PA,Jefferson,4.4435239
42067,PA,Juniata,18.221416
42069,PA,Lackawanna,12.623088
42071,PA,Lancaster,23.347857
42073,PA,Lawrence,26.561085
42075,PA,Lebanon,14.757272
42077,PA,Lehigh,24.958044
42079,PA,Luzerne,15.600047
42081,PA,Lycoming,18.596516
42083,PA,McKean,3.8579712
42085,PA,Mercer,14.50007
42087,PA,Mifflin,5.1361389
42089,PA,Monroe,29.405825
42091,PA,Montgomery,28.424591
42093,PA,Montour,11.400931
42095,PA,Northampton,22.848166
42097,PA,Northumberland,10.859077
42099,PA,Perry,12.662816
42101,PA,Philadelphia,1.2080066
42103,PA,Pike,6.2555208
42105,PA,Potter,17.812555
42107,PA,Schuylkill,7.9881635
42109,PA,Snyder,6.9107037
42111,PA,Somerset,16.016409
42113,PA,Sullivan,30.909651
42115,PA,Susquehanna,5.0125127
42117,PA,Tioga,10.502562
42119,PA,Union,32.255741
42121,PA,Venango,9.1211634
42123,PA,Warren,14.586365
42125,PA,Washington,28.060282
42127,PA,Wayne,3.7529893
42129,PA,Westmoreland,32.411472
42131,PA,Wyoming,3.0542576
42133,PA,York,24.360462
44001,RI,Bristol,51.085724
44003,RI,Kent,28.114536
44005,RI,Newport,30.514738
44007,RI,Providence,15.379957
44009,RI,Washington,32.261684
45001,SC,Abbeville,1.106042
45003,SC,Aiken,22.137966
45005,SC,Allendale,16.706594
45007,SC,Anderson,27.74305
45009,SC,Bamberg,28.954819
45011,SC,Barnwell,2.2714946
45013,SC,Beaufort,32.230831
45015,SC,Berkeley,24.088125
45017,SC,Calhoun,.85107082
45019,SC,Charleston,19.354223
45021,SC,Cherokee,14.312963
45023,SC,Chester,16.732912
45025,SC,Chesterfield,13.287079
45027,SC,Clarendon,5.0536265
45029,SC,Colleton,24.088017
45031,SC,Darlington,16.378223
45033,SC,Dillon,12.056902
45035,SC,Dorchester,19.153667
45037,SC,Edgefield,8.5591784
45039,SC,Fairfield,21.569958
45041,SC,Florence,22.11034
45043,SC,Georgetown,20.570778
45045,SC,Greenville,36.243938
45047,SC,Greenwood,17.55818
45049,SC,Hampton,17.447184
45051,SC,Horry,14.24048
45053,SC,Jasper,11.459547
45055,SC,Kershaw,17.236479
45057,SC,Lancaster,20.329817
45059,SC,Laurens,21.651464
45061,SC,Lee,5.7643905
45063,SC,Lexington,24.285009
45065,SC,McCormick,3.2257724
45067,SC,Marion,8.814353
45069,SC,Marlboro,15.824403
45071,SC,Newberry,23.743528
45073,SC,Oconee,14.25264
45075,SC,Orangeburg,12.18664
45077,SC,Pickens,28.004061
45079,SC,Richland,26.702242
45081,SC,Saluda,9.9126825
45083,SC,Spartanburg,31.535984
45085,SC,Sumter,25.301233
45087,SC,Union,9.1186504
45089,SC,Williamsburg,7.1344938
45091,SC,York,22.092621
46003,SD,Aurora,74.400223
46005,SD,Beadle,22.619614
46007,SD,Bennett,96.759056
46009,SD,Bon Homme,14.116694
46011,SD,Brookings,39.622379
46013,SD,Brown,31.128553
46015,SD,Brule,31.377098
46017,SD,Buffalo,99.721687
46019,SD,Butte,24.081686
46021,SD,Campbell,93.355148
46023,SD,Charles Mix,10.03627
46025,SD,Clark,46.279312
46027,SD,Clay,29.64699
46029,SD,Codington,36.412216
46031,SD,Corson,89.786888
46033,SD,Custer,35.341785
46035,SD,Davison,23.770786
46037,SD,Day,48.87603
46039,SD,Deuel,90.276642
46041,SD,Dewey,38.390339
46043,SD,Douglas,89.11335
46045,SD,Edmunds,63.660419
46047,SD,Fall River,37.206738
46049,SD,Faulk,48.219849
46051,SD,Grant,17.815504
46053,SD,Gregory,28.410583
46055,SD,Haakon,41.326847
46057,SD,Hamlin,96.0746
46059,SD,Hand,34.307453
46061,SD,Hanson,17.876081
46063,SD,Harding,100
46065,SD,Hughes,23.406376
46067,SD,Hutchinson,8.8412247
46069,SD,Hyde,100
46071,SD,Jackson,63.00264
46073,SD,Jerauld,100
46075,SD,Jones,100
46077,SD,Kingsbury,52.243042
46079,SD,Lake,9.9691458
46081,SD,Lawrence,16.021082
46083,SD,Lincoln,9.0331202
46085,SD,Lyman,83.589714
46087,SD,McCook,32.399502
46089,SD,McPherson,55.714203
46091,SD,Marshall,50.402046
46093,SD,Meade,33.937611
46095,SD,Mellette,99.40226
46097,SD,Miner,38.127506
46099,SD,Minnehaha,18.467743
46101,SD,Moody,76.723442
46103,SD,Pennington,28.702475
46105,SD,Perkins,49.321354
46107,SD,Potter,100
46109,SD,Roberts,27.09639
46111,SD,Sanborn,98.871765
46113,SD,Shannon,79.343712
46115,SD,Spink,43.597229
46117,SD,Stanley,19.245428
46119,SD,Sully,100
46121,SD,Todd,20.706287
46123,SD,Tripp,26.760834
46125,SD,Turner,2.2876647
46127,SD,Union,20.050327
46129,SD,Walworth,28.691216
46135,SD,Yankton,27.171238
46137,SD,Ziebach,37.382767
47001,TN,Anderson,29.846272
47003,TN,Bedford,13.710902
47005,TN,Benton,13.471586
47007,TN,Bledsoe,3.0724754
47009,TN,Blount,34.424389
47011,TN,Bradley,29.765774
47013,TN,Campbell,19.133932
47015,TN,Cannon,2.3174691
47017,TN,Carroll,8.7076702
47019,TN,Carter,41.299625
47021,TN,Cheatham,1.1159282
47023,TN,Chester,12.98069
47025,TN,Claiborne,21.283901
47027,TN,Clay,.13708635
47029,TN,Cocke,21.254185
47031,TN,Coffee,17.190542
47033,TN,Crockett,.74714911
47035,TN,Cumberland,19.19198
47037,TN,Davidson,21.913172
47039,TN,Decatur,7.6173873
47041,TN,DeKalb,2.1145167
47043,TN,Dickson,12.860725
47045,TN,Dyer,33.160439
47047,TN,Fayette,5.8141198
47049,TN,Fentress,.20673048
47051,TN,Franklin,19.854883
47053,TN,Gibson,12.158381
47055,TN,Giles,11.836725
47057,TN,Grainger,0
47059,TN,Greene,9.4283772
47061,TN,Grundy,.98828125
47063,TN,Hamblen,44.143791
47065,TN,Hamilton,41.156662
47067,TN,Hancock,.97579664
47069,TN,Hardeman,27.406378
47071,TN,Hardin,14.024593
47073,TN,Hawkins,20.117771
47075,TN,Haywood,15.931109
47077,TN,Henderson,12.689071
47079,TN,Henry,19.05294
47081,TN,Hickman,11.24321
47083,TN,Houston,2.5427241
47085,TN,Humphreys,6.5082908
47087,TN,Jackson,.013780131
47089,TN,Jefferson,5.147831
47091,TN,Johnson,12.472919
47093,TN,Knox,36.517738
47095,TN,Lake,.18770558
47097,TN,Lauderdale,8.6179523
47099,TN,Lawrence,7.4523029
47101,TN,Lewis,3.4758496
47103,TN,Lincoln,14.757672
47105,TN,Loudon,30.134108
47107,TN,McMinn,13.055807
47109,TN,McNairy,9.8478365
47111,TN,Macon,3.3705511
47113,TN,Madison,23.64596
47115,TN,Marion,10.196198
47117,TN,Marshall,12.193911
47119,TN,Maury,18.606646
47121,TN,Meigs,1.5085311
47123,TN,Monroe,4.3101621
47125,TN,Montgomery,33.419109
47127,TN,Moore,33.723614
47129,TN,Morgan,18.203238
47131,TN,Obion,10.917131
47133,TN,Overton,1.3344584
47135,TN,Perry,25.000387
47137,TN,Pickett,.76620543
47139,TN,Polk,.29334235
47141,TN,Putnam,20.144024
47143,TN,Rhea,9.9414349
47145,TN,Roane,25.732828
47147,TN,Robertson,6.8502121
47149,TN,Rutherford,24.782747
47151,TN,Scott,3.5511389
47153,TN,Sequatchie,.063943297
47155,TN,Sevier,12.666153
47157,TN,Shelby,29.457005
47159,TN,Smith,1.428315
47161,TN,Stewart,1.8562683
47163,TN,Sullivan,33.178738
47165,TN,Sumner,29.876371
47167,TN,Tipton,18.564188
47171,TN,Unicoi,13.115627
47173,TN,Union,2.0258033
47175,TN,Van Buren,.7087633
47177,TN,Warren,8.3170052
47179,TN,Washington,21.950176
47181,TN,Wayne,22.232897
47183,TN,Weakley,11.795855
47185,TN,White,9.5783319
47187,TN,Williamson,24.734539
47189,TN,Wilson,22.253349
48001,TX,Anderson,39.534779
48003,TX,Andrews,33.923817
48005,TX,Angelina,24.117887
48007,TX,Aransas,38.282715
48009,TX,Archer,23.720703
48011,TX,Armstrong,99.747917
48013,TX,Atascosa,20.930538
48015,TX,Austin,11.458188
48017,TX,Bailey,9.321722
48019,TX,Bandera,34.944866
48021,TX,Bastrop,28.874874
48023,TX,Baylor,12.228857
48025,TX,Bee,33.820019
48027,TX,Bell,33.239494
48029,TX,Bexar,26.335945
48031,TX,Blanco,4.6209669
48033,TX,Borden,100
48035,TX,Bosque,9.6770372
48037,TX,Bowie,21.729456
48039,TX,Brazoria,22.239756
48041,TX,Brazos,26.97364
48043,TX,Brewster,28.619411
48045,TX,Briscoe,100
48047,TX,Brooks,16.327147
48049,TX,Brown,36.299522
48051,TX,Burleson,12.8911
48053,TX,Burnet,33.176605
48055,TX,Caldwell,15.174911
48057,TX,Calhoun,36.163013
48059,TX,Callahan,29.547943
48061,TX,Cameron,24.620943
48063,TX,Camp,10.055819
48065,TX,Carson,19.992266
48067,TX,Cass,6.9554391
48069,TX,Castro,11.911556
48071,TX,Chambers,19.209469
48073,TX,Cherokee,16.284451
48075,TX,Childress,44.152107
48077,TX,Clay,51.412167
48079,TX,Cochran,21.175684
48081,TX,Coke,99.976295
48083,TX,Coleman,19.62616
48085,TX,Collin,12.683825
48087,TX,Collingsworth,7.3583279
48089,TX,Colorado,20.680355
48091,TX,Comal,21.331934
48093,TX,Comanche,15.338898
48095,TX,Concho,26.725342
48097,TX,Cooke,7.297668
48099,TX,Coryell,43.592087
48101,TX,Cottle,99.941353
48103,TX,Crane,8.8904476
48105,TX,Crockett,7.6410904
48107,TX,Crosby,4.8056011
48109,TX,Culberson,7.7624412
48111,TX,Dallam,40.090401
48113,TX,Dallas,16.623224
48115,TX,Dawson,29.545729
48117,TX,Deaf Smith,18.636566
48119,TX,Delta,7.2109118
48121,TX,Denton,18.574903
48123,TX,DeWitt,15.354265
48125,TX,Dickens,19.842836
48127,TX,Dimmit,38.988022
48129,TX,Donley,15.602788
48131,TX,Duval,34.487232
48133,TX,Eastland,21.697861
48135,TX,Ector,20.504919
48137,TX,Edwards,31.868553
48139,TX,Ellis,23.729527
48141,TX,El Paso,17.926319
48143,TX,Erath,36.148651
48145,TX,Falls,13.840746
48147,TX,Fannin,33.006332
48149,TX,Fayette,22.562716
48151,TX,Fisher,17.023081
48153,TX,Floyd,6.404572
48155,TX,Foard,100
48157,TX,Fort Bend,25.412685
48159,TX,Franklin,7.0143442
48161,TX,Freestone,14.901167
48163,TX,Frio,9.7675705
48165,TX,Gaines,3.2136004
48167,TX,Galveston,31.225866
48169,TX,Garza,6.0137057
48171,TX,Gillespie,19.209385
48173,TX,Glasscock,98.217621
48175,TX,Goliad,36.803341
48177,TX,Gonzales,25.55468
48179,TX,Gray,20.046738
48181,TX,Grayson,19.506941
48183,TX,Gregg,22.229652
48185,TX,Grimes,40.035748
48187,TX,Guadalupe,34.121635
48189,TX,Hale,20.86401
48191,TX,Hall,24.45472
48193,TX,Hamilton,25.056993
48195,TX,Hansford,88.778282
48197,TX,Hardeman,29.750168
48199,TX,Hardin,29.065052
48201,TX,Harris,18.088572
48203,TX,Harrison,13.695912
48205,TX,Hartley,23.92075
48207,TX,Haskell,25.272577
48209,TX,Hays,16.506899
48211,TX,Hemphill,10.597456
48213,TX,Henderson,27.264267
48215,TX,Hidalgo,34.734283
48217,TX,Hill,5.6757569
48219,TX,Hockley,45.780079
48221,TX,Hood,32.817173
48223,TX,Hopkins,16.772411
48225,TX,Houston,39.360447
48227,TX,Howard,49.182106
48229,TX,Hudspeth,99.623734
48231,TX,Hunt,10.547726
48233,TX,Hutchinson,29.189283
48235,TX,Irion,99.974197
48237,TX,Jack,47.480633
48239,TX,Jackson,21.316843
48241,TX,Jasper,17.883696
48243,TX,Jeff Davis,29.429251
48245,TX,Jefferson,23.142836
48247,TX,Jim Hogg,26.716171
48249,TX,Jim Wells,18.662954
48251,TX,Johnson,22.198412
48253,TX,Jones,21.404924
48255,TX,Karnes,24.495993
48257,TX,Kaufman,8.3846836
48259,TX,Kendall,12.915746
48261,TX,Kenedy,97.165657
48263,TX,Kent,97.195259
48265,TX,Kerr,29.914562
48267,TX,Kimble,25.023968
48269,TX,King,100
48271,TX,Kinney,4.3044534
48273,TX,Kleberg,30.526718
48275,TX,Knox,47.136173
48277,TX,Lamar,29.353922
48279,TX,Lamb,3.5635052
48281,TX,Lampasas,20.402294
48283,TX,La Salle,57.808998
48285,TX,Lavaca,14.260718
48287,TX,Lee,6.3437204
48289,TX,Leon,13.089604
48291,TX,Liberty,22.32622
48293,TX,Limestone,19.052505
48295,TX,Lipscomb,99.999557
48297,TX,Live Oak,10.243997
48299,TX,Llano,31.041302
48301,TX,Loving,100
48303,TX,Lubbock,15.71388
48305,TX,Lynn,33.869228
48307,TX,McCulloch,32.685501
48309,TX,McLennan,39.064644
48311,TX,McMullen,98.000221
48313,TX,Madison,27.894632
48315,TX,Marion,7.8250227
48317,TX,Martin,21.423988
48319,TX,Mason,21.184374
48321,TX,Matagorda,37.78796
48323,TX,Maverick,32.249031
48325,TX,Medina,23.720444
48327,TX,Menard,20.181206
48329,TX,Midland,27.421156
48331,TX,Milam,21.885166
48333,TX,Mills,24.677647
48335,TX,Mitchell,29.786489
48337,TX,Montague,16.532297
48339,TX,Montgomery,20.684635
48341,TX,Moore,28.76252
48343,TX,Morris,1.672161
48345,TX,Motley,18.453749
48347,TX,Nacogdoches,29.12958
48349,TX,Navarro,24.738548
48351,TX,Newton,26.556297
48353,TX,Nolan,23.82198
48355,TX,Nueces,32.585064
48357,TX,Ochiltree,9.530323
48359,TX,Oldham,100
48361,TX,Orange,25.407114
48363,TX,Palo Pinto,37.817627
48365,TX,Panola,22.145416
48367,TX,Parker,17.561996
48369,TX,Parmer,48.336521
48371,TX,Pecos,19.168774
48373,TX,Polk,20.175102
48375,TX,Potter,20.944498
48377,TX,Presidio,69.453896
48381,TX,Randall,12.259163
48383,TX,Reagan,6.3663878
48385,TX,Real,100
48387,TX,Red River,46.381973
48389,TX,Reeves,22.050413
48391,TX,Refugio,19.810385
48393,TX,Roberts,90.763092
48395,TX,Robertson,32.262608
48397,TX,Rockwall,20.219057
48399,TX,Runnels,27.415642
48401,TX,Rusk,25.705053
48403,TX,Sabine,15.889299
48405,TX,San Augustine,4.5024948
48407,TX,San Jacinto,8.1444626
48409,TX,San Patricio,20.971792
48411,TX,San Saba,30.532974
48413,TX,Schleicher,10.531833
48415,TX,Scurry,29.075754
48417,TX,Shackelford,14.384655
48419,TX,Shelby,13.996676
48421,TX,Sherman,24.748617
48423,TX,Smith,16.680571
48425,TX,Somervell,0
48427,TX,Starr,44.953854
48429,TX,Stephens,22.783693
48431,TX,Sterling,100
48433,TX,Stonewall,14.86655
48435,TX,Sutton,10.870392
48437,TX,Swisher,18.359507
48439,TX,Tarrant,25.632622
48441,TX,Taylor,28.000275
48443,TX,Terrell,100
48445,TX,Terry,37.177494
48447,TX,Throckmorton,100
48449,TX,Titus,11.841024
48451,TX,Tom Green,40.589478
48453,TX,Travis,26.18895
48455,TX,Trinity,3.0405626
48457,TX,Tyler,53.58062
48459,TX,Upshur,11.847589
48461,TX,Upton,33.412823
48463,TX,Uvalde,43.434254
48465,TX,Val Verde,40.12413
48467,TX,Van Zandt,9.6574554
48469,TX,Victoria,28.076698
48471,TX,Walker,33.648506
48473,TX,Waller,15.028908
48475,TX,Ward,10.735164
48477,TX,Washington,9.516921
48479,TX,Webb,22.474794
48481,TX,Wharton,15.582463
48483,TX,Wheeler,11.466695
48485,TX,Wichita,36.98983
48487,TX,Wilbarger,27.296209
48489,TX,Willacy,13.787293
48491,TX,Williamson,33.696625
48493,TX,Wilson,4.3730645
48495,TX,Winkler,.88211918
48497,TX,Wise,5.951673
48499,TX,Wood,7.6784596
48501,TX,Yoakum,19.82933
48503,TX,Young,33.110519
48505,TX,Zapata,43.27066
48507,TX,Zavala,31.703581
49001,UT,Beaver,14.352573
49003,UT,Box Elder,20.199833
49005,UT,Cache,33.516075
49007,UT,Carbon,28.229404
49009,UT,Daggett,100
49011,UT,Davis,30.836229
49013,UT,Duchesne,27.664255
49015,UT,Emery,4.0472007
49017,UT,Garfield,59.866547
49019,UT,Grand,21.913177
49021,UT,Iron,29.910563
49023,UT,Juab,43.004044
49025,UT,Kane,43.760368
49027,UT,Millard,40.183544
49029,UT,Morgan,.40980926
49031,UT,Piute,100
49033,UT,Rich,100
49035,UT,Salt Lake,8.8524971
49037,UT,San Juan,57.065521
49039,UT,Sanpete,9.0498657
49041,UT,Sevier,2.998642
49043,UT,Summit,26.977419
49045,UT,Tooele,33.652451
49047,UT,Uintah,24.624638
49049,UT,Utah,23.593325
49051,UT,Wasatch,4.7103066
49053,UT,Washington,26.573435
49055,UT,Wayne,36.321281
49057,UT,Weber,25.207563
50001,VT,Addison,2.3569412
50003,VT,Bennington,11.824164
50005,VT,Caledonia,6.4099078
50007,VT,Chittenden,17.657061
50009,VT,Essex,29.978634
50011,VT,Franklin,4.4517083
50013,VT,Grand Isle,.50996506
50015,VT,Lamoille,2.362206
50017,VT,Orange,10.528555
50019,VT,Orleans,14.003688
50021,VT,Rutland,14.847582
50023,VT,Washington,12.300255
50025,VT,Windham,9.3669748
50027,VT,Windsor,8.4394283
51001,VA,Accomack,5.1270537
51003,VA,Albemarle,15.437668
51005,VA,Alleghany,13.277351
51007,VA,Amelia,16.46386
51009,VA,Amherst,16.792347
51011,VA,Appomattox,2.2200263
51013,VA,Arlington,2.160176
51015,VA,Augusta,13.129771
51017,VA,Bath,22.244137
51019,VA,Bedford,9.8014517
51021,VA,Bland,19.158186
51023,VA,Botetourt,34.993927
51025,VA,Brunswick,20.107449
51029,VA,Buckingham,8.4196844
51031,VA,Campbell,14.691429
51033,VA,Caroline,4.7958465
51035,VA,Carroll,4.7971792
51036,VA,Charles City,2.2983856
51037,VA,Charlotte,33.694084
51041,VA,Chesterfield,36.500061
51043,VA,Clarke,1.2667017
51045,VA,Craig,11.237889
51047,VA,Culpeper,5.6390991
51049,VA,Cumberland,55.181774
51053,VA,Dinwiddie,27.421219
51057,VA,Essex,23.48793
51059,VA,Fairfax,19.002443
51061,VA,Fauquier,12.589947
51063,VA,Floyd,27.541805
51065,VA,Fluvanna,24.836781
51067,VA,Franklin,14.868478
51069,VA,Frederick,20.749048
51071,VA,Giles,.88459933
51073,VA,Gloucester,10.21492
51075,VA,Goochland,15.247437
51077,VA,Grayson,18.197992
51079,VA,Greene,0
51081,VA,Greensville,8.2357531
51083,VA,Halifax,23.443163
51085,VA,Hanover,21.792782
51087,VA,Henrico,20.880245
51089,VA,Henry,16.979347
51091,VA,Highland,100
51093,VA,Isle of Wight,16.446386
51095,VA,James City,35.03957
51097,VA,King and Queen,7.7389026
51101,VA,King William,10.929737
51103,VA,Lancaster,3.2272952
51105,VA,Lee,.072698817
51107,VA,Loudoun,12.965645
51109,VA,Louisa,2.3492615
51111,VA,Lunenburg,.057365011
51113,VA,Madison,2.82336
51115,VA,Mathews,0
51117,VA,Mecklenburg,9.2255983
51119,VA,Middlesex,1.0674161
51121,VA,Montgomery,14.604365
51125,VA,Nelson,7.2273512
51127,VA,New Kent,0
51131,VA,Northampton,1.6704273
51133,VA,Northumberland,9.3273563
51135,VA,Nottoway,56.312721
51137,VA,Orange,25.167751
51139,VA,Page,4.0233145
51141,VA,Patrick,9.4226046
51143,VA,Pittsylvania,15.664724
51145,VA,Powhatan,9.632205
51147,VA,Prince Edward,21.139328
51149,VA,Prince George,31.082441
51153,VA,Prince William,21.691069
51155,VA,Pulaski,15.033484
51157,VA,Rappahannock,74.782455
51159,VA,Richmond,5.1126294
51161,VA,Roanoke,20.189709
51163,VA,Rockbridge,20.187218
51165,VA,Rockingham,21.772409
51167,VA,Russell,5.3075933
51169,VA,Scott,10.597149
51171,VA,Shenandoah,6.9222403
51173,VA,Smyth,12.151832
51175,VA,Southampton,22.459412
51177,VA,Spotsylvania,23.42874
51179,VA,Stafford,25.762379
51181,VA,Surry,29.911594
51183,VA,Sussex,53.472565
51185,VA,Tazewell,19.058512
51187,VA,Warren,11.868272
51191,VA,Washington,11.432893
51193,VA,Westmoreland,5.8036022
51195,VA,Wise,8.3376827
51197,VA,Wythe,3.9880357
51199,VA,York,31.741051
51515,VA,Bedford,8.6733961
51520,VA,Bristol,27.158686
51530,VA,Buena Vista,91.773544
51540,VA,Charlottesville,7.3430228
51550,VA,Chesapeake,20.301588
51570,VA,Colonial Heights,18.371771
51580,VA,Covington,20.806841
51590,VA,Danville,12.999083
51595,VA,Emporia,.94462699
51600,VA,Fairfax,2.6764851
51620,VA,Franklin,58.554291
51630,VA,Fredericksburg,8.7092972
51640,VA,Galax,2.925988
51650,VA,Hampton,29.98905
51660,VA,Harrisonburg,2.6463315
51670,VA,Hopewell,36.442127
51678,VA,Lexington,6.1651525
51680,VA,Lynchburg,16.580687
51683,VA,Manassas,5.5904942
51685,VA,Manassas Park,37.2785
51690,VA,Martinsville,22.803101
51700,VA,Newport News,22.553574
51710,VA,Norfolk,19.84906
51720,VA,Norton,6.3719878
51730,VA,Petersburg,36.993324
51735,VA,Poquoson,42.894783
51740,VA,Portsmouth,17.120424
51750,VA,Radford,15.845597
51760,VA,Richmond,21.476612
51770,VA,Roanoke,18.398481
51775,VA,Salem,42.057003
51790,VA,Staunton,5.6961966
51800,VA,Suffolk,21.586739
51810,VA,Virginia Beach,16.399567
51820,VA,Waynesboro,12.212768
51830,VA,Williamsburg,15.73319
51840,VA,Winchester,16.46353
53001,WA,Adams,15.955921
53003,WA,Asotin,18.864706
53005,WA,Benton,18.554285
53007,WA,Chelan,20.556444
53009,WA,Clallam,24.038847
53011,WA,Clark,20.500294
53013,WA,Columbia,26.495384
53015,WA,Cowlitz,22.535566
53017,WA,Douglas,42.620487
53019,WA,Ferry,48.593437
53021,WA,Franklin,24.105951
53023,WA,Garfield,99.585693
53025,WA,Grant,21.745005
53027,WA,Grays Harbor,32.514603
53029,WA,Island,24.570208
53031,WA,Jefferson,22.865974
53033,WA,King,16.454868
53035,WA,Kitsap,32.802807
53037,WA,Kittitas,21.814636
53039,WA,Klickitat,35.731731
53041,WA,Lewis,23.381109
53043,WA,Lincoln,56.729534
53045,WA,Mason,8.6952715
53047,WA,Okanogan,17.659651
53049,WA,Pacific,33.941696
53051,WA,Pend Oreille,33.875801
53053,WA,Pierce,32.731213
53055,WA,San Juan,.24097914
53057,WA,Skagit,25.802065
53059,WA,Skamania,4.2938743
53061,WA,Snohomish,23.102938
53063,WA,Spokane,15.786905
53065,WA,Stevens,29.732212
53067,WA,Thurston,31.263157
53069,WA,Wahkiakum,80.384315
53071,WA,Walla Walla,20.731615
53073,WA,Whatcom,28.37816
53075,WA,Whitman,20.741566
53077,WA,Yakima,13.327819
54001,WV,Barbour,6.4443779
54003,WV,Berkeley,21.253736
54005,WV,Boone,6.5626254
54007,WV,Braxton,19.071209
54009,WV,Brooke,22.447083
54011,WV,Cabell,13.41407
54013,WV,Calhoun,15.33738
54015,WV,Clay,18.43926
54017,WV,Doddridge,4.4458971
54019,WV,Fayette,15.066643
54021,WV,Gilmer,5.5855012
54023,WV,Grant,21.372885
54025,WV,Greenbrier,18.302668
54027,WV,Hampshire,34.511173
54029,WV,Hancock,28.287056
54031,WV,Hardy,33.797787
54033,WV,Harrison,12.239365
54035,WV,Jackson,11.178278
54037,WV,Jefferson,4.38866
54039,WV,Kanawha,24.279587
54041,WV,Lewis,5.3835649
54043,WV,Lincoln,.044457912
54045,WV,Logan,5.5177598
54047,WV,McDowell,1.1370486
54049,WV,Marion,15.55716
54051,WV,Marshall,23.847025
54053,WV,Mason,18.40093
54055,WV,Mercer,20.09263
54057,WV,Mineral,11.85044
54059,WV,Mingo,5.1769271
54061,WV,Monongalia,21.425154
54063,WV,Monroe,12.209013
54065,WV,Morgan,19.349373
54067,WV,Nicholas,6.5423541
54069,WV,Ohio,25.351503
54071,WV,Pendleton,38.797241
54073,WV,Pleasants,7.1303678
54075,WV,Pocahontas,45.05751
54077,WV,Preston,22.35813
54079,WV,Putnam,21.359102
54081,WV,Raleigh,32.763607
54083,WV,Randolph,8.8741407
54085,WV,Ritchie,11.507204
54087,WV,Roane,15.95935
54089,WV,Summers,11.350518
54091,WV,Taylor,2.5156572
54093,WV,Tucker,3.4653616
54095,WV,Tyler,10.501987
54097,WV,Upshur,6.4709334
54099,WV,Wayne,12.811167
54101,WV,Webster,1.3077942
54103,WV,Wetzel,43.271938
54105,WV,Wirt,.33017346
54107,WV,Wood,21.299053
54109,WV,Wyoming,8.3245754
55001,WI,Adams,9.3248644
55003,WI,Ashland,28.328026
55005,WI,Barron,7.8872242
55007,WI,Bayfield,30.72517
55009,WI,Brown,22.967539
55011,WI,Buffalo,23.377438
55013,WI,Burnett,8.1518517
55015,WI,Calumet,25.072838
55017,WI,Chippewa,14.817318
55019,WI,Clark,4.3017654
55021,WI,Columbia,6.2084093
55023,WI,Crawford,12.755129
55025,WI,Dane,20.207205
55027,WI,Dodge,12.896996
55029,WI,Door,9.402463
55031,WI,Douglas,31.669447
55033,WI,Dunn,14.780076
55035,WI,Eau Claire,22.862059
55037,WI,Florence,11.921271
55039,WI,Fond du Lac,21.040678
55041,WI,Forest,37.573673
55043,WI,Grant,11.291749
55045,WI,Green,14.389601
55047,WI,Green Lake,19.888962
55049,WI,Iowa,20.301329
55051,WI,Iron,19.215248
55053,WI,Jackson,33.007084
55055,WI,Jefferson,7.6207948
55057,WI,Juneau,21.216911
55059,WI,Kenosha,24.243261
55061,WI,Kewaunee,.57911438
55063,WI,La Crosse,21.774935
55065,WI,Lafayette,15.379699
55067,WI,Langlade,30.150194
55069,WI,Lincoln,12.992307
55071,WI,Manitowoc,16.898989
55073,WI,Marathon,22.504984
55075,WI,Marinette,26.262094
55077,WI,Marquette,1.7396871
55078,WI,Menominee,21.935602
55079,WI,Milwaukee,8.8901482
55081,WI,Monroe,17.409132
55083,WI,Oconto,11.32983
55085,WI,Oneida,9.5583162
55087,WI,Outagamie,11.636979
55089,WI,Ozaukee,29.520412
55093,WI,Pierce,19.130714
55095,WI,Polk,2.0528734
55097,WI,Portage,18.80167
55099,WI,Price,11.530274
55101,WI,Racine,30.514957
55103,WI,Richland,20.40637
55105,WI,Rock,28.909445
55107,WI,Rusk,33.494415
55109,WI,St. Croix,12.778496
55111,WI,Sauk,5.7349458
55113,WI,Sawyer,19.782024
55115,WI,Shawano,9.7858772
55117,WI,Sheboygan,9.3059101
55119,WI,Taylor,20.420778
55121,WI,Trempealeau,1.1582859
55123,WI,Vernon,15.118699
55125,WI,Vilas,6.4528308
55127,WI,Walworth,27.851034
55129,WI,Washburn,17.736866
55131,WI,Washington,18.983541
55133,WI,Waukesha,35.764088
55135,WI,Waupaca,11.858914
55137,WI,Waushara,1.6358334
55139,WI,Winnebago,20.64469
55141,WI,Wood,23.992752
56001,WY,Albany,37.052666
56003,WY,Big Horn,18.652922
56005,WY,Campbell,23.328547
56007,WY,Carbon,54.069805
56009,WY,Converse,12.580764
56011,WY,Crook,25.350513
56013,WY,Fremont,13.133615
56015,WY,Goshen,26.097748
56017,WY,Hot Springs,8.1909771
56019,WY,Johnson,19.997431
56021,WY,Laramie,34.799595
56023,WY,Lincoln,13.689542
56025,WY,Natrona,42.766205
56027,WY,Niobrara,21.929718
56029,WY,Park,20.628298
56031,WY,Platte,20.755037
56033,WY,Sheridan,44.568832
56035,WY,Sublette,18.96426
56037,WY,Sweetwater,43.224075
56039,WY,Teton,29.17437
56041,WY,Uinta,22.189686
56043,WY,Washakie,10.915406
56045,WY,Weston,17.165192
