CountyFIPS,state,county,laccess_pop15
01001,AL,Autauga,17496.693
01003,AL,Baldwin,30561.264
01005,AL,Barbour,6069.5234
01007,AL,Bibb,969.37885
01009,AL,Blount,3724.4282
01011,AL,Bullock,4141.9004
01013,AL,Butler,1304.3287
01015,AL,Calhoun,27785.986
01017,AL,Chambers,7131.5059
01019,AL,Cherokee,103.5225
01021,AL,Chilton,1469.8992
01023,AL,Choctaw,2702.8953
01025,AL,Clarke,5712.9263
01027,AL,Clay,642.74091
01029,AL,Cleburne,789.53516
01031,AL,Coffee,10486.086
01033,AL,Colbert,11095.666
01035,AL,Conecuh,3558.3594
01037,AL,Coosa,2828.9304
01039,AL,Covington,3769.1223
01041,AL,Crenshaw,5278.9663
01043,AL,Cullman,5900.27
01045,AL,Dale,14036.97
01047,AL,Dallas,7640.0566
01049,AL,DeKalb,2679.8528
01051,AL,Elmore,15064.366
01053,AL,Escambia,5058.7754
01055,AL,Etowah,23289.826
01057,AL,Fayette,407.38675
01059,AL,Franklin,3663.4417
01061,AL,Geneva,605.19342
01063,AL,Greene,2962.991
01065,AL,Hale,1864.5414
01067,AL,Henry,805.47241
01069,AL,Houston,18340.75
01071,AL,Jackson,4218.9668
01073,AL,Jefferson,205657.88
01075,AL,Lamar,229.95261
01077,AL,Lauderdale,12476.097
01079,AL,Lawrence,1648.2444
01081,AL,Lee,36835.887
01083,AL,Limestone,9339.4219
01085,AL,Lowndes,2539.8645
01087,AL,Macon,8050.7793
01089,AL,Madison,88544.031
01091,AL,Marengo,5125.0059
01093,AL,Marion,1929.4318
01095,AL,Marshall,10484.799
01097,AL,Mobile,103768.64
01099,AL,Monroe,5711.6406
01101,AL,Montgomery,66180.656
01103,AL,Morgan,15514.279
01105,AL,Perry,881.5495
01107,AL,Pickens,529.13861
01109,AL,Pike,4535.4971
01111,AL,Randolph,3374.6294
01113,AL,Russell,6225.8555
01115,AL,St. Clair,4561.8403
01117,AL,Shelby,47122.32
01119,AL,Sumter,2304.5254
01121,AL,Talladega,11038.388
01123,AL,Tallapoosa,3484.731
01125,AL,Tuscaloosa,34859.582
01127,AL,Walker,7858.6597
01129,AL,Washington,1478.897
01131,AL,Wilcox,4997.1284
01133,AL,Winston,1459.0327
02013,AK,Aleutians East,2203
02016,AK,Aleutians West,1243.229
02020,AK,Anchorage,80039.727
02050,AK,Bethel,11504.863
02060,AK,Bristol Bay,997
02068,AK,Denali,1826
02070,AK,Dillingham,2461.5098
02090,AK,Fairbanks North Star,33612.383
02100,AK,Haines,518.89417
02105,AK,Hoonah-Angoon,2136.9048
02110,AK,Juneau,10062.673
02122,AK,Kenai Peninsula,10888.785
02130,AK,Ketchikan Gateway,1062.5989
02150,AK,Kodiak Island,1948.6592
02164,AK,Lake and Peninsula,1628.6857
02170,AK,Matanuska-Susitna,23011.256
02180,AK,Nome,5276.0078
02185,AK,North Slope,5522.1821
02188,AK,Northwest Arctic,4322.063
02195,AK,Petersburg,180.23055
02198,AK,Prince of Wales-Hyder,1758.7926
02220,AK,Sitka,1632.2498
02230,AK,Skagway,2.9999537
02240,AK,Southeast Fairbanks,3323.0845
02261,AK,Valdez-Cordova,5010.7109
02270,AK,Wade Hampton,4615
02275,AK,Wrangell,510.62442
02282,AK,Yakutat,662
02290,AK,Yukon-Koyukuk,5588
04001,AZ,Apache,50446.813
04003,AZ,Cochise,55218.539
04005,AZ,Coconino,41435.555
04007,AZ,Gila,17451.066
04009,AZ,Graham,13894.463
04011,AZ,Greenlee,5895.5591
04012,AZ,La Paz,8846.8613
04013,AZ,Maricopa,511215.56
04015,AZ,Mohave,88341.578
04017,AZ,Navajo,41411.324
04019,AZ,Pima,218481.73
04021,AZ,Pinal,80761.852
04023,AZ,Santa Cruz,12583.423
04025,AZ,Yavapai,68596.938
04027,AZ,Yuma,39776.527
05001,AR,Arkansas,7183.7129
05003,AR,Ashley,4633.9102
05005,AR,Baxter,4618.0303
05007,AR,Benton,34546.621
05009,AR,Boone,8411.7842
05011,AR,Bradley,1240.0083
05013,AR,Calhoun,3493.5281
05015,AR,Carroll,1943.2711
05017,AR,Chicot,7115.7207
05019,AR,Clark,9423.2393
05021,AR,Clay,1645.7283
05023,AR,Cleburne,2341.7925
05025,AR,Cleveland,1838.8868
05027,AR,Columbia,4236.8711
05029,AR,Conway,3553.4351
05031,AR,Craighead,15955.202
05033,AR,Crawford,10484.376
05035,AR,Crittenden,6476.8809
05037,AR,Cross,2383.0928
05039,AR,Dallas,3353.8545
05041,AR,Desha,4559.4731
05043,AR,Drew,3989.4543
05045,AR,Faulkner,18908.547
05047,AR,Franklin,1180.1639
05049,AR,Fulton,2343.4209
05051,AR,Garland,27118.393
05053,AR,Grant,2119.1282
05055,AR,Greene,9620.6611
05057,AR,Hempstead,6581.4312
05059,AR,Hot Spring,5165.9326
05061,AR,Howard,5676.6855
05063,AR,Independence,5563.2759
05065,AR,Izard,150.82306
05067,AR,Jackson,3107.865
05069,AR,Jefferson,14581.381
05071,AR,Johnson,1502.7455
05073,AR,Lafayette,1615.9385
05075,AR,Lawrence,5222.8057
05077,AR,Lee,4722.3276
05079,AR,Lincoln,4694.2876
05081,AR,Little River,1914.8881
05083,AR,Logan,2069.9446
05085,AR,Lonoke,12276.489
05087,AR,Madison,3813.4985
05089,AR,Marion,2255.3767
05091,AR,Miller,14528.875
05093,AR,Mississippi,5862.959
05095,AR,Monroe,1020.2476
05097,AR,Montgomery,2108.833
05099,AR,Nevada,2631.8923
05101,AR,Newton,3653.075
05103,AR,Ouachita,6756.8716
05105,AR,Perry,1490.7466
05107,AR,Phillips,10960.597
05109,AR,Pike,2603.4019
05111,AR,Poinsett,8364.1279
05113,AR,Polk,7939.5879
05115,AR,Pope,8394.6748
05117,AR,Prairie,3227.0635
05119,AR,Pulaski,101839.27
05121,AR,Randolph,5762.6748
05123,AR,St. Francis,7660.2363
05125,AR,Saline,23913.299
05127,AR,Scott,1942.8575
05129,AR,Searcy,2757.1125
05131,AR,Sebastian,12919.247
05133,AR,Sevier,4001.6648
05135,AR,Sharp,3878.3965
05137,AR,Stone,3115.9136
05139,AR,Union,10943.842
05141,AR,Van Buren,1774.9313
05143,AR,Washington,29544.074
05145,AR,White,9451.9404
05147,AR,Woodruff,381.78021
05149,AR,Yell,2856.0029
06001,CA,Alameda,107964.4
06003,CA,Alpine,575.1626
06005,CA,Amador,5337.8545
06007,CA,Butte,46598.344
06009,CA,Calaveras,4578.2617
06011,CA,Colusa,1770.9833
06013,CA,Contra Costa,200374.38
06015,CA,Del Norte,9166.1396
06017,CA,El Dorado,52705.457
06019,CA,Fresno,85484.375
06021,CA,Glenn,2537.7795
06023,CA,Humboldt,21098.881
06025,CA,Imperial,30616.02
06027,CA,Inyo,7627.6509
06029,CA,Kern,122097.2
06031,CA,Kings,29477.346
06033,CA,Lake,12117.229
06035,CA,Lassen,17122.006
06037,CA,Los Angeles,622625.44
06039,CA,Madera,31476.852
06041,CA,Marin,30188.574
06043,CA,Mariposa,3193.8169
06045,CA,Mendocino,15254.599
06047,CA,Merced,40077.48
06049,CA,Modoc,2570.6897
06051,CA,Mono,7067.9038
06053,CA,Monterey,51148.133
06055,CA,Napa,13839.775
06057,CA,Nevada,26699.836
06059,CA,Orange,195971.14
06061,CA,Placer,54218.691
06063,CA,Plumas,1622.4796
06065,CA,Riverside,437849.25
06067,CA,Sacramento,193704.69
06069,CA,San Benito,9765.6729
06071,CA,San Bernardino,433153.41
06073,CA,San Diego,424210.88
06075,CA,San Francisco,4473.7021
06077,CA,San Joaquin,86687.305
06079,CA,San Luis Obispo,42276.102
06081,CA,San Mateo,69488.547
06083,CA,Santa Barbara,57597.566
06085,CA,Santa Clara,132928.16
06087,CA,Santa Cruz,36861.59
06089,CA,Shasta,41275.137
06091,CA,Sierra,2863.0767
06093,CA,Siskiyou,8889.7168
06095,CA,Solano,72338.648
06097,CA,Sonoma,74693.734
06099,CA,Stanislaus,60419.586
06101,CA,Sutter,31556.859
06103,CA,Tehama,12744.267
06105,CA,Trinity,2390.249
06107,CA,Tulare,59680.27
06109,CA,Tuolumne,16108.13
06111,CA,Ventura,130817.23
06113,CA,Yolo,12376.451
06115,CA,Yuba,14994.419
08001,CO,Adams,66895.711
08003,CO,Alamosa,915.18622
08005,CO,Arapahoe,69481.672
08007,CO,Archuleta,3600.9016
08009,CO,Baca,955.22449
08011,CO,Bent,1680.811
08013,CO,Boulder,43147.281
08014,CO,Broomfield,16646.541
08015,CO,Chaffee,1782.8221
08017,CO,Cheyenne,621.65228
08019,CO,Clear Creek,1262.6084
08021,CO,Conejos,463.77618
08023,CO,Costilla,3522.0073
08025,CO,Crowley,459.48495
08027,CO,Custer,1101.4374
08029,CO,Delta,2612.3743
08031,CO,Denver,55276.469
08033,CO,Dolores,2064
08035,CO,Douglas,54681.352
08037,CO,Eagle,8057.9463
08039,CO,Elbert,5986.126
08041,CO,El Paso,168373.59
08043,CO,Fremont,16167.841
08045,CO,Garfield,8633.2471
08047,CO,Gilpin,0
08049,CO,Grand,421.92899
08051,CO,Gunnison,1838.8921
08053,CO,Hinsdale,99.271469
08055,CO,Huerfano,2459.8176
08057,CO,Jackson,382.23508
08059,CO,Jefferson,121653.33
08061,CO,Kiowa,1398
08063,CO,Kit Carson,921.04645
08065,CO,Lake,1455.8064
08067,CO,La Plata,7347.2188
08069,CO,Larimer,56628.066
08071,CO,Las Animas,6181.7773
08073,CO,Lincoln,1246.5516
08075,CO,Logan,4437.7236
08077,CO,Mesa,46154.344
08079,CO,Mineral,91.112206
08081,CO,Moffat,3230.2393
08083,CO,Montezuma,4196.1426
08085,CO,Montrose,8466.3965
08087,CO,Morgan,3374.0994
08089,CO,Otero,5577.8555
08091,CO,Ouray,273.47903
08093,CO,Park,8729.0703
08095,CO,Phillips,209.37071
08097,CO,Pitkin,1568.4833
08099,CO,Prowers,2997.4214
08101,CO,Pueblo,58655.742
08103,CO,Rio Blanco,572.22723
08105,CO,Rio Grande,1460.3007
08107,CO,Routt,5254.126
08109,CO,Saguache,1235.4607
08111,CO,San Juan,693.70721
08113,CO,San Miguel,718.69342
08115,CO,Sedgwick,441.69989
08117,CO,Summit,5174.8052
08119,CO,Teller,3003.7024
08121,CO,Washington,2485.0286
08123,CO,Weld,37098.742
08125,CO,Yuma,2300.5481
09001,CT,Fairfield,268768.06
09003,CT,Hartford,259189
09005,CT,Litchfield,34657.164
09007,CT,Middlesex,52122.227
09009,CT,New Haven,247957.11
09011,CT,New London,99027.531
09013,CT,Tolland,53336.727
09015,CT,Windham,18808.422
10001,DE,Kent,25573.434
10003,DE,New Castle,122163.69
10005,DE,Sussex,27649.129
11001,DC,District of Columbia,12688.28
12001,FL,Alachua,37664.172
12003,FL,Baker,8982.4131
12005,FL,Bay,56308.48
12007,FL,Bradford,1579.6829
12009,FL,Brevard,218701.81
12011,FL,Broward,158491.73
12013,FL,Calhoun,2635.8772
12015,FL,Charlotte,66893.469
12017,FL,Citrus,43886.242
12019,FL,Clay,46476.34
12021,FL,Collier,90596.75
12023,FL,Columbia,11077.717
12027,FL,DeSoto,3454.7751
12029,FL,Dixie,1484.286
12031,FL,Duval,213634.25
12033,FL,Escambia,108622.13
12035,FL,Flagler,33041.246
12037,FL,Franklin,287.43497
12039,FL,Gadsden,3970.9138
12041,FL,Gilchrist,75.040894
12043,FL,Glades,7331.5073
12045,FL,Gulf,2972.3206
12047,FL,Hamilton,3266.3665
12049,FL,Hardee,9787.8438
12051,FL,Hendry,9640.8662
12053,FL,Hernando,62289.23
12055,FL,Highlands,32757.045
12057,FL,Hillsborough,300321.06
12059,FL,Holmes,3133.3013
12061,FL,Indian River,51308.992
12063,FL,Jackson,2725.3687
12065,FL,Jefferson,2399.8169
12067,FL,Lafayette,564.09729
12069,FL,Lake,81690.313
12071,FL,Lee,158942.75
12073,FL,Leon,79833.75
12075,FL,Levy,3258.2737
12077,FL,Liberty,2163.1721
12079,FL,Madison,4052.8916
12081,FL,Manatee,70204.898
12083,FL,Marion,90423.93
12085,FL,Martin,44382.152
12086,FL,Miami-Dade,133181.23
12087,FL,Monroe,20457.414
12089,FL,Nassau,17763.143
12091,FL,Okaloosa,62772.688
12093,FL,Okeechobee,19130.164
12095,FL,Orange,213587.08
12097,FL,Osceola,57551.941
12099,FL,Palm Beach,226700.78
12101,FL,Pasco,109782.03
12103,FL,Pinellas,131275.31
12105,FL,Polk,197904.42
12107,FL,Putnam,17893.988
12109,FL,St. Johns,48249.211
12111,FL,St. Lucie,102411.28
12113,FL,Santa Rosa,62096.098
12115,FL,Sarasota,100808.42
12117,FL,Seminole,116001.43
12119,FL,Sumter,11721.741
12121,FL,Suwannee,7073.2842
12123,FL,Taylor,6513.7646
12125,FL,Union,3599.3352
12127,FL,Volusia,171050.98
12129,FL,Wakulla,387.6951
12131,FL,Walton,6982.2212
12133,FL,Washington,10289.814
13001,GA,Appling,3671.2798
13003,GA,Atkinson,1919.599
13005,GA,Bacon,1369.7294
13007,GA,Baker,2616.9172
13009,GA,Baldwin,7587.251
13011,GA,Banks,674.31824
13013,GA,Barrow,8995.2773
13015,GA,Bartow,32530.301
13017,GA,Ben Hill,4050.3633
13019,GA,Berrien,3723.0295
13021,GA,Bibb,38423.195
13023,GA,Bleckley,907.60132
13025,GA,Brantley,798.91498
13027,GA,Brooks,1355.0365
13029,GA,Bryan,7790.8584
13031,GA,Bulloch,4473.9536
13033,GA,Burke,1759.3253
13035,GA,Butts,1120.3986
13037,GA,Calhoun,920.79541
13039,GA,Camden,22128.555
13043,GA,Candler,387.78491
13045,GA,Carroll,24209.045
13047,GA,Catoosa,22293.559
13049,GA,Charlton,2206.8831
13051,GA,Chatham,58615.012
13053,GA,Chattahoochee,10904.016
13055,GA,Chattooga,1319.8943
13057,GA,Cherokee,63651.957
13059,GA,Clarke,40504.555
13061,GA,Clay,2355.4541
13063,GA,Clayton,99211.82
13065,GA,Clinch,684.67328
13067,GA,Cobb,268612
13069,GA,Coffee,6630.0083
13071,GA,Colquitt,7939.4702
13073,GA,Columbia,21997.977
13075,GA,Cook,2218.6133
13077,GA,Coweta,32150.414
13079,GA,Crawford,82.752228
13081,GA,Crisp,1970.3561
13083,GA,Dade,909.00989
13085,GA,Dawson,121.02283
13087,GA,Decatur,3707.0535
13089,GA,DeKalb,168085.22
13091,GA,Dodge,595.88538
13093,GA,Dooly,249.84554
13095,GA,Dougherty,36949.566
13097,GA,Douglas,42655.098
13099,GA,Early,1113.6382
13101,GA,Echols,194.30376
13103,GA,Effingham,6971.9116
13105,GA,Elbert,4666.5342
13107,GA,Emanuel,5925.4224
13109,GA,Evans,868.18719
13111,GA,Fannin,262.39771
13113,GA,Fayette,35537.301
13115,GA,Floyd,19666.053
13117,GA,Forsyth,46512.363
13119,GA,Franklin,197.74983
13121,GA,Fulton,215972.95
13123,GA,Gilmer,1758.3491
13125,GA,Glascock,2147.1099
13127,GA,Glynn,21075.658
13129,GA,Gordon,8191.9507
13131,GA,Grady,2708.2148
13133,GA,Greene,600.76392
13135,GA,Gwinnett,238353.75
13137,GA,Habersham,7764.3145
13139,GA,Hall,48466.852
13141,GA,Hancock,2161.8076
13143,GA,Haralson,1492.0317
13145,GA,Harris,198.0547
13147,GA,Hart,3072.1423
13149,GA,Heard,757.3302
13151,GA,Henry,67872.695
13153,GA,Houston,51794.906
13155,GA,Irwin,710.05664
13157,GA,Jackson,2606.8901
13159,GA,Jasper,3165.3997
13161,GA,Jeff Davis,1843.8414
13163,GA,Jefferson,616.66327
13165,GA,Jenkins,340.97073
13167,GA,Johnson,885.74982
13169,GA,Jones,2131.3533
13171,GA,Lamar,1163.9554
13173,GA,Lanier,399.31454
13175,GA,Laurens,4789.9058
13177,GA,Lee,4297.9614
13179,GA,Liberty,27023.633
13181,GA,Lincoln,358.53091
13183,GA,Long,1522.4731
13185,GA,Lowndes,26897.6
13187,GA,Lumpkin,352.53104
13189,GA,McDuffie,1924.4102
13191,GA,McIntosh,1211.6544
13193,GA,Macon,2530.8037
13195,GA,Madison,814.25525
13197,GA,Marion,4.8874311
13199,GA,Meriwether,980.75513
13201,GA,Miller,191.03102
13205,GA,Mitchell,2991.6604
13207,GA,Monroe,2302.0159
13209,GA,Montgomery,1222.6663
13211,GA,Morgan,3025.5747
13213,GA,Murray,5366.6035
13215,GA,Muscogee,54150.992
13217,GA,Newton,25321.756
13219,GA,Oconee,9964.4375
13221,GA,Oglethorpe,645.21082
13223,GA,Paulding,35114.418
13225,GA,Peach,5366.0596
13227,GA,Pickens,1654.3
13229,GA,Pierce,2206.0991
13231,GA,Pike,5.0783067
13233,GA,Polk,4894.5024
13235,GA,Pulaski,1212.1296
13237,GA,Putnam,637.47791
13239,GA,Quitman,878.52295
13241,GA,Rabun,96.015717
13243,GA,Randolph,1856.1991
13245,GA,Richmond,78927.438
13247,GA,Rockdale,35030.293
13249,GA,Schley,27.755693
13251,GA,Screven,3023.7971
13253,GA,Seminole,489.74808
13255,GA,Spalding,10011.498
13257,GA,Stephens,3479.1704
13259,GA,Stewart,595.12036
13261,GA,Sumter,7063.7515
13263,GA,Talbot,1512.3014
13265,GA,Taliaferro,1172.4192
13267,GA,Tattnall,998.34363
13269,GA,Taylor,410.31854
13271,GA,Telfair,379.46957
13273,GA,Terrell,629.59711
13275,GA,Thomas,12238.457
13277,GA,Tift,3447.2856
13279,GA,Toombs,4932.8145
13281,GA,Towns,1.4162008
13283,GA,Treutlen,394.3858
13285,GA,Troup,10880.995
13287,GA,Turner,527.84912
13289,GA,Twiggs,14.941584
13291,GA,Union,296.71124
13293,GA,Upson,6800.6582
13295,GA,Walker,17529.762
13297,GA,Walton,14141.255
13299,GA,Ware,14253.192
13301,GA,Warren,121.80912
13303,GA,Washington,5328.8237
13305,GA,Wayne,8632.8164
13307,GA,Webster,49.947544
13309,GA,Wheeler,366.36258
13313,GA,Whitfield,23220.297
13315,GA,Wilcox,72.807533
13317,GA,Wilkes,1963.7983
13319,GA,Wilkinson,2076.7771
13321,GA,Worth,1699.9175
15001,HI,Hawaii,72139.18
15003,HI,Honolulu,220465.17
15005,HI,Kalawao,0
15007,HI,Kauai,26305.434
15009,HI,Maui,46070.191
16001,ID,Ada,67383.063
16003,ID,Adams,424.20911
16005,ID,Bannock,23876.324
16007,ID,Bear Lake,1549.1737
16009,ID,Benewah,2392.6531
16011,ID,Bingham,9323.0498
16013,ID,Blaine,6075.2266
16015,ID,Boise,4478.6431
16017,ID,Bonner,8193.5078
16019,ID,Bonneville,24101.145
16021,ID,Boundary,1598.5858
16023,ID,Butte,618.47321
16025,ID,Camas,1117
16027,ID,Canyon,36485.051
16029,ID,Caribou,2190.1274
16031,ID,Cassia,6549.2505
16033,ID,Clark,982
16035,ID,Clearwater,1545.4703
16037,ID,Custer,1877.6469
16039,ID,Elmore,8712.5225
16041,ID,Franklin,915.67328
16043,ID,Fremont,1633.9083
16045,ID,Gem,5059.3286
16047,ID,Gooding,164.47632
16049,ID,Idaho,5583.9917
16051,ID,Jefferson,3058.1499
16053,ID,Jerome,4902.9453
16055,ID,Kootenai,34068.676
16057,ID,Latah,4402.3135
16059,ID,Lemhi,2925.6057
16061,ID,Lewis,1852.6736
16063,ID,Lincoln,5074.0308
16065,ID,Madison,7096.5557
16067,ID,Minidoka,3532.9934
16069,ID,Nez Perce,7090.9805
16071,ID,Oneida,491.03235
16073,ID,Owyhee,2160.6135
16075,ID,Payette,5406.7876
16077,ID,Power,1085.1313
16079,ID,Shoshone,1143.6199
16081,ID,Teton,905.8927
16083,ID,Twin Falls,4792.8496
16085,ID,Valley,1835.7743
16087,ID,Washington,2132.7512
17001,IL,Adams,10346.465
17003,IL,Alexander,1748.0491
17005,IL,Bond,1281.4336
17007,IL,Boone,11409.518
17009,IL,Brown,1662.6598
17011,IL,Bureau,12511.088
17013,IL,Calhoun,577.50336
17015,IL,Carroll,2881.3772
17017,IL,Cass,1528.0941
17019,IL,Champaign,31716.383
17021,IL,Christian,3836.8906
17023,IL,Clark,1430.7711
17025,IL,Clay,2153.7563
17027,IL,Clinton,5729.0786
17029,IL,Coles,8283.2178
17031,IL,Cook,373742.41
17033,IL,Crawford,2948.4531
17037,IL,DeKalb,29776.119
17039,IL,De Witt,653.13922
17041,IL,Douglas,1971.22
17043,IL,DuPage,216272.3
17045,IL,Edgar,6684.2842
17047,IL,Edwards,1243.3582
17049,IL,Effingham,5870.1641
17051,IL,Fayette,7659.7783
17053,IL,Ford,2589.9006
17055,IL,Franklin,4242.0454
17057,IL,Fulton,6302.332
17059,IL,Gallatin,4204.6323
17061,IL,Greene,1656.1761
17063,IL,Grundy,9307.0752
17065,IL,Hamilton,1193.6212
17067,IL,Hancock,7343.9263
17069,IL,Hardin,714.71637
17071,IL,Henderson,99.590736
17073,IL,Henry,9344.0264
17075,IL,Iroquois,6495.5088
17077,IL,Jackson,13247
17079,IL,Jasper,1449.1393
17081,IL,Jefferson,8547.834
17083,IL,Jersey,3597.6885
17085,IL,Jo Daviess,4522.1191
17087,IL,Johnson,2657.23
17089,IL,Kane,95265.828
17091,IL,Kankakee,14468.161
17093,IL,Kendall,17970.904
17095,IL,Knox,9509.9658
17097,IL,Lake,248067.69
17099,IL,LaSalle,23592.127
17101,IL,Lawrence,2393.5027
17103,IL,Lee,3915.6665
17105,IL,Livingston,3290.4968
17107,IL,Logan,11044.531
17109,IL,McDonough,4131.3223
17111,IL,McHenry,133295.44
17113,IL,McLean,46496.129
17115,IL,Macon,29815.59
17117,IL,Macoupin,7698.457
17119,IL,Madison,96436.758
17121,IL,Marion,10749.337
17123,IL,Marshall,2340.8262
17125,IL,Mason,4562.9351
17127,IL,Massac,1525.0356
17129,IL,Menard,350.86905
17131,IL,Mercer,2967.6401
17133,IL,Monroe,9635.4951
17135,IL,Montgomery,7125.7969
17137,IL,Morgan,11483.367
17139,IL,Moultrie,448.60233
17141,IL,Ogle,9409.0371
17143,IL,Peoria,47562.348
17145,IL,Perry,4795.0146
17147,IL,Piatt,507.19205
17149,IL,Pike,3030.0225
17151,IL,Pope,1081.8949
17153,IL,Pulaski,1284.1333
17155,IL,Putnam,655.86072
17157,IL,Randolph,3835.8462
17159,IL,Richland,939.4483
17161,IL,Rock Island,26107.867
17163,IL,St. Clair,90848.945
17165,IL,Saline,9727.9756
17167,IL,Sangamon,47888.051
17169,IL,Schuyler,1067.1675
17171,IL,Scott,222.81403
17173,IL,Shelby,5434.019
17175,IL,Stark,1799.4146
17177,IL,Stephenson,3553.0669
17179,IL,Tazewell,58387.715
17181,IL,Union,2362.2363
17183,IL,Vermilion,11870.962
17185,IL,Wabash,1022.7672
17187,IL,Warren,1177.3857
17189,IL,Washington,1627.928
17191,IL,Wayne,3358.7803
17193,IL,White,4287.5518
17195,IL,Whiteside,13051.789
17197,IL,Will,217703.44
17199,IL,Williamson,9594.1455
17201,IL,Winnebago,76322.414
17203,IL,Woodford,4535.3174
18001,IN,Adams,2972.7729
18003,IN,Allen,107884.13
18005,IN,Bartholomew,20967.668
18007,IN,Benton,140.43747
18009,IN,Blackford,270.90015
18011,IN,Boone,6750.1768
18013,IN,Brown,469.00903
18015,IN,Carroll,913.62457
18017,IN,Cass,1565.4393
18019,IN,Clark,24179.455
18021,IN,Clay,1069.4646
18023,IN,Clinton,620.62274
18025,IN,Crawford,1560.8005
18027,IN,Daviess,3039.0073
18029,IN,Dearborn,13205.372
18031,IN,Decatur,3931.4668
18033,IN,DeKalb,9058.0098
18035,IN,Delaware,30038.447
18037,IN,Dubois,2411.3313
18039,IN,Elkhart,40314.605
18041,IN,Fayette,5202.2402
18043,IN,Floyd,21970.623
18045,IN,Fountain,3224.4246
18047,IN,Franklin,2094.7012
18049,IN,Fulton,2688.9316
18051,IN,Gibson,1293.4241
18053,IN,Grant,12579.017
18055,IN,Greene,3960.4639
18057,IN,Hamilton,87492.242
18059,IN,Hancock,20497.434
18061,IN,Harrison,1864.7545
18063,IN,Hendricks,39540.934
18065,IN,Henry,1826.3284
18067,IN,Howard,22218.605
18069,IN,Huntington,8245.4355
18071,IN,Jackson,6621.6514
18073,IN,Jasper,3056.5698
18075,IN,Jay,4122.4199
18077,IN,Jefferson,5379.9272
18079,IN,Jennings,7999.894
18081,IN,Johnson,40026.75
18083,IN,Knox,10536.559
18085,IN,Kosciusko,14141.131
18087,IN,LaGrange,59.037575
18089,IN,Lake,147709.02
18091,IN,LaPorte,28376.922
18093,IN,Lawrence,4370.6689
18095,IN,Madison,34367.465
18097,IN,Marion,219009.7
18099,IN,Marshall,7139.5322
18101,IN,Martin,275.75131
18103,IN,Miami,7288.4971
18105,IN,Monroe,20102.662
18107,IN,Montgomery,5511.103
18109,IN,Morgan,10034.569
18111,IN,Newton,2267.0339
18113,IN,Noble,2720.938
18117,IN,Orange,2066.7485
18119,IN,Owen,171.99733
18121,IN,Parke,2149.8494
18123,IN,Perry,5976.1333
18125,IN,Pike,990.51752
18127,IN,Porter,52406.914
18129,IN,Posey,5706.2217
18131,IN,Pulaski,354.73349
18133,IN,Putnam,1799.8176
18135,IN,Randolph,3755.0886
18137,IN,Ripley,733.82068
18139,IN,Rush,570.53943
18141,IN,St. Joseph,83408.969
18143,IN,Scott,830.98309
18145,IN,Shelby,5949.0825
18147,IN,Spencer,2.0955162
18149,IN,Starke,1304.2311
18151,IN,Steuben,6418.3228
18153,IN,Sullivan,1042.4171
18155,IN,Switzerland,487.62445
18157,IN,Tippecanoe,32253.641
18159,IN,Tipton,1878.9409
18163,IN,Vanderburgh,35885.102
18165,IN,Vermillion,2072.0049
18167,IN,Vigo,36598.098
18169,IN,Wabash,3443.8977
18171,IN,Warren,403.05026
18173,IN,Warrick,17692.844
18175,IN,Washington,2713.3918
18177,IN,Wayne,9994.709
18179,IN,Wells,2543.7471
18181,IN,White,3863.9736
18183,IN,Whitley,1687.9484
19001,IA,Adair,489.78784
19003,IA,Adams,258.77484
19005,IA,Allamakee,1164.8308
19007,IA,Appanoose,1609.2152
19009,IA,Audubon,462.27036
19011,IA,Benton,3565.6611
19013,IA,Black Hawk,38072.094
19015,IA,Boone,3083.2217
19017,IA,Bremer,2217.6719
19019,IA,Buchanan,4140.5967
19021,IA,Buena Vista,1931.801
19023,IA,Butler,6659.793
19025,IA,Calhoun,264.522
19027,IA,Carroll,1039.6003
19029,IA,Cass,3557.6938
19031,IA,Cedar,3724.5972
19033,IA,Cerro Gordo,7309.1689
19035,IA,Cherokee,935.68854
19037,IA,Chickasaw,1875.6196
19039,IA,Clarke,735.24963
19041,IA,Clay,1748.364
19043,IA,Clayton,629.40002
19045,IA,Clinton,10260.38
19047,IA,Crawford,4536.4585
19049,IA,Dallas,3511.2783
19051,IA,Davis,955.7337
19053,IA,Decatur,833.25055
19055,IA,Delaware,1556.4932
19057,IA,Des Moines,11346.952
19059,IA,Dickinson,3316.5168
19061,IA,Dubuque,18351.666
19063,IA,Emmet,2855.7822
19065,IA,Fayette,1137.3173
19067,IA,Floyd,3026.6172
19069,IA,Franklin,1827.5817
19071,IA,Fremont,5615.5361
19073,IA,Greene,1224.594
19075,IA,Grundy,1383.8566
19077,IA,Guthrie,1234.5815
19079,IA,Hamilton,2824.3394
19081,IA,Hancock,1424.809
19083,IA,Hardin,2542.4136
19085,IA,Harrison,2657.9958
19087,IA,Henry,6159.7988
19089,IA,Howard,3524.8718
19091,IA,Humboldt,1458.0259
19093,IA,Ida,75.25016
19095,IA,Iowa,2590.7263
19097,IA,Jackson,4549.3525
19099,IA,Jasper,6166.543
19101,IA,Jefferson,2066.083
19103,IA,Johnson,20182.369
19105,IA,Jones,3326.8413
19107,IA,Keokuk,2671.3684
19109,IA,Kossuth,8277.3926
19111,IA,Lee,7087.7222
19113,IA,Linn,52422.68
19115,IA,Louisa,129.70653
19117,IA,Lucas,1927.6218
19119,IA,Lyon,1299.031
19121,IA,Madison,2579.2756
19123,IA,Mahaska,5136.1035
19125,IA,Marion,4309.8452
19127,IA,Marshall,8684.0918
19129,IA,Mills,1564.6273
19131,IA,Mitchell,2222.4253
19133,IA,Monona,1399.2987
19135,IA,Monroe,1987.9069
19137,IA,Montgomery,2148.1885
19139,IA,Muscatine,8657.2881
19141,IA,O'Brien,4080.0022
19143,IA,Osceola,1194.5459
19145,IA,Page,3799.9365
19147,IA,Palo Alto,2054.7747
19149,IA,Plymouth,747.55707
19151,IA,Pocahontas,1326.016
19153,IA,Polk,64531.055
19155,IA,Pottawattamie,32133.119
19157,IA,Poweshiek,3582.3398
19159,IA,Ringgold,560.25208
19161,IA,Sac,3735.6753
19163,IA,Scott,18170.158
19165,IA,Shelby,3181.9265
19167,IA,Sioux,1430.5392
19169,IA,Story,17893.217
19171,IA,Tama,3032.7551
19173,IA,Taylor,267.96399
19175,IA,Union,2448.1538
19177,IA,Van Buren,3945.2122
19179,IA,Wapello,15751.467
19181,IA,Warren,6544.853
19183,IA,Washington,1492.376
19185,IA,Wayne,2560.3535
19187,IA,Webster,8850.0781
19189,IA,Winnebago,1917.6846
19191,IA,Winneshiek,2590.8076
19193,IA,Woodbury,26350.533
19195,IA,Worth,619.17316
19197,IA,Wright,889.51855
20001,KS,Allen,5343.1196
20003,KS,Anderson,1808.2241
20005,KS,Atchison,2710.6479
20007,KS,Barber,544.51898
20009,KS,Barton,6371.8989
20011,KS,Bourbon,3155.4526
20013,KS,Brown,805.44751
20015,KS,Butler,17365.99
20017,KS,Chase,2615.4465
20019,KS,Chautauqua,1344.2976
20021,KS,Cherokee,2679.6704
20023,KS,Cheyenne,260.51395
20025,KS,Clark,2215
20027,KS,Clay,2260.6414
20029,KS,Cloud,3220.2029
20031,KS,Coffey,3341.3469
20033,KS,Comanche,336.98871
20035,KS,Cowley,11420.673
20037,KS,Crawford,11594.792
20039,KS,Decatur,825.2204
20041,KS,Dickinson,1591.4215
20043,KS,Doniphan,4886.729
20045,KS,Douglas,15121.956
20047,KS,Edwards,485.90015
20049,KS,Elk,2863.469
20051,KS,Ellis,4106.4971
20053,KS,Ellsworth,1981.7723
20055,KS,Finney,7140.3296
20057,KS,Ford,7088.0547
20059,KS,Franklin,12227.687
20061,KS,Geary,12619.689
20063,KS,Gove,1118.7081
20065,KS,Graham,561.5799
20067,KS,Grant,742.54163
20069,KS,Gray,2727.8035
20071,KS,Greeley,1247
20073,KS,Greenwood,3106.6951
20075,KS,Hamilton,2690
20077,KS,Harper,1565.8958
20079,KS,Harvey,5077.7397
20081,KS,Haskell,4256
20083,KS,Hodgeman,611.67389
20085,KS,Jackson,1799.4984
20087,KS,Jefferson,163.78571
20089,KS,Jewell,826.01611
20091,KS,Johnson,94138.797
20093,KS,Kearny,3977
20095,KS,Kingman,2668.3206
20097,KS,Kiowa,2544.1753
20099,KS,Labette,4220.4609
20101,KS,Lane,389.98883
20103,KS,Leavenworth,23532.133
20105,KS,Lincoln,1021.2109
20107,KS,Linn,1351.293
20109,KS,Logan,502.55939
20111,KS,Lyon,5776.6748
20113,KS,McPherson,7489.5854
20115,KS,Marion,2891.978
20117,KS,Marshall,1405.6479
20119,KS,Meade,2320.2708
20121,KS,Miami,2505.6885
20123,KS,Mitchell,1288.7465
20125,KS,Montgomery,8478.6367
20127,KS,Morris,1952.1888
20129,KS,Morton,844.9549
20131,KS,Nemaha,1415.4131
20133,KS,Neosho,1061.2164
20135,KS,Ness,833.41846
20137,KS,Norton,2008.8683
20139,KS,Osage,2040.3093
20141,KS,Osborne,891.75781
20143,KS,Ottawa,1735.6816
20145,KS,Pawnee,1180.2313
20147,KS,Phillips,1994.5566
20149,KS,Pottawatomie,577.42755
20151,KS,Pratt,2235.9871
20153,KS,Rawlins,715.06757
20155,KS,Reno,15361.541
20157,KS,Republic,1274.5044
20159,KS,Rice,1890.3599
20161,KS,Riley,30210.77
20163,KS,Rooks,750.21112
20165,KS,Rush,699.46124
20167,KS,Russell,1732.6184
20169,KS,Saline,10421.374
20171,KS,Scott,569.79663
20173,KS,Sedgwick,135646.48
20175,KS,Seward,1229.812
20177,KS,Shawnee,43336.695
20179,KS,Sheridan,820.14209
20181,KS,Sherman,4302.2314
20183,KS,Smith,1439.8735
20185,KS,Stafford,1354.1904
20187,KS,Stanton,235.61847
20189,KS,Stevens,945.8537
20191,KS,Sumner,7002.4775
20193,KS,Thomas,3715.4355
20195,KS,Trego,214.85158
20197,KS,Wabaunsee,2946.9194
20199,KS,Wallace,1485
20201,KS,Washington,2909.2295
20203,KS,Wichita,2234
20205,KS,Wilson,1146.5782
20207,KS,Woodson,613.50037
20209,KS,Wyandotte,41854.211
21001,KY,Adair,1727.4379
21003,KY,Allen,194.27286
21005,KY,Anderson,4575.0361
21007,KY,Ballard,416.48087
21009,KY,Barren,3041.1042
21011,KY,Bath,13.90552
21013,KY,Bell,4990.4233
21015,KY,Boone,41574.27
21017,KY,Bourbon,3142.2949
21019,KY,Boyd,10683.984
21021,KY,Boyle,7764.6489
21023,KY,Bracken,47.87093
21025,KY,Breathitt,2068.2139
21027,KY,Breckinridge,1809.962
21029,KY,Bullitt,24247.129
21031,KY,Butler,1031.1144
21033,KY,Caldwell,1429.1233
21035,KY,Calloway,5493.2466
21037,KY,Campbell,27457.746
21039,KY,Carlisle,115.47076
21041,KY,Carroll,4090.0991
21043,KY,Carter,1528.8047
21045,KY,Casey,703.50128
21047,KY,Christian,18938.234
21049,KY,Clark,3670.5117
21051,KY,Clay,1989.5962
21053,KY,Clinton,10.697047
21055,KY,Crittenden,269.66061
21057,KY,Cumberland,110.58378
21059,KY,Daviess,15930.512
21061,KY,Edmonson,306.78494
21063,KY,Elliott,4.531888
21065,KY,Estill,1341.4908
21067,KY,Fayette,46941.734
21069,KY,Fleming,838.48175
21071,KY,Floyd,1950.8258
21073,KY,Franklin,7305.1094
21075,KY,Fulton,7.1889706
21079,KY,Garrard,122.19315
21081,KY,Grant,4503.7515
21083,KY,Graves,3573.3291
21085,KY,Grayson,5837.2085
21087,KY,Green,1254.5391
21089,KY,Greenup,8653.3223
21091,KY,Hancock,271.34909
21093,KY,Hardin,28939.41
21095,KY,Harlan,5719.8101
21097,KY,Harrison,948.83136
21099,KY,Hart,1704.0464
21101,KY,Henderson,4483.6396
21103,KY,Henry,320.95956
21105,KY,Hickman,0
21107,KY,Hopkins,10899.99
21109,KY,Jackson,23.848143
21111,KY,Jefferson,119488.48
21113,KY,Jessamine,7707.3945
21115,KY,Johnson,3913.6951
21117,KY,Kenton,49639.875
21119,KY,Knott,138.57698
21121,KY,Knox,2739.4319
21123,KY,Larue,191.15268
21125,KY,Laurel,5505.6836
21127,KY,Lawrence,2504.3872
21129,KY,Lee,1.8259913
21131,KY,Leslie,350.82809
21135,KY,Lewis,160.60753
21137,KY,Lincoln,4359.7261
21139,KY,Livingston,1424.8917
21141,KY,Logan,4080.239
21143,KY,Lyon,260.15927
21145,KY,McCracken,15861.019
21147,KY,McCreary,359.65671
21149,KY,McLean,49.884392
21151,KY,Madison,18254.73
21153,KY,Magoffin,231.72884
21155,KY,Marion,309.12146
21157,KY,Marshall,1059.3905
21159,KY,Martin,5.0527663
21161,KY,Mason,2901.2512
21163,KY,Meade,4046.1863
21165,KY,Menifee,94.335396
21167,KY,Mercer,4717.2236
21169,KY,Metcalfe,78.77932
21171,KY,Monroe,381.30368
21173,KY,Montgomery,3017.9373
21175,KY,Morgan,2143.8745
21177,KY,Muhlenberg,1594.0515
21179,KY,Nelson,5565.9956
21181,KY,Nicholas,37.23019
21183,KY,Ohio,4152.1519
21185,KY,Oldham,24249.084
21187,KY,Owen,1101.0747
21189,KY,Owsley,33.374905
21191,KY,Pendleton,116.24471
21193,KY,Perry,701.31824
21195,KY,Pike,982.72437
21197,KY,Powell,386.65842
21199,KY,Pulaski,11036.691
21201,KY,Robertson,1612.8683
21203,KY,Rockcastle,274.36044
21205,KY,Rowan,2000.2343
21207,KY,Russell,179.10748
21209,KY,Scott,13103.792
21211,KY,Shelby,4468.1777
21213,KY,Simpson,2266.6775
21217,KY,Taylor,4103.6694
21219,KY,Todd,59.250313
21221,KY,Trigg,1851.6871
21223,KY,Trimble,515.20905
21225,KY,Union,970.58606
21227,KY,Warren,14250.304
21229,KY,Washington,2021.024
21231,KY,Wayne,2592.9492
21233,KY,Webster,433.27222
21235,KY,Whitley,4495.5562
21237,KY,Wolfe,124.69176
21239,KY,Woodford,8495.4443
22001,LA,Acadia,1087.1581
22003,LA,Allen,7198.2749
22005,LA,Ascension,33734.738
22007,LA,Assumption,9104.4775
22009,LA,Avoyelles,7985.4756
22011,LA,Beauregard,12563.07
22013,LA,Bienville,4133.4561
22015,LA,Bossier,26314.621
22017,LA,Caddo,82925.398
22019,LA,Calcasieu,42022.207
22021,LA,Caldwell,961.42603
22023,LA,Cameron,1747.2695
22025,LA,Catahoula,2487.8718
22027,LA,Claiborne,2036.682
22029,LA,Concordia,5686.3906
22031,LA,De Soto,6392.3862
22033,LA,East Baton Rouge,115502.77
22035,LA,East Carroll,1562.1285
22037,LA,East Feliciana,2097.3066
22039,LA,Evangeline,8944.9785
22041,LA,Franklin,2090.8809
22043,LA,Grant,4348.2681
22045,LA,Iberia,14131.877
22047,LA,Iberville,5331.7349
22049,LA,Jackson,3734.1777
22051,LA,Jefferson,51623.707
22053,LA,Jefferson Davis,2236.042
22055,LA,Lafayette,50786.633
22057,LA,Lafourche,25027.447
22059,LA,La Salle,2208.9333
22061,LA,Lincoln,14853.371
22063,LA,Livingston,19726.104
22065,LA,Madison,1181.4474
22067,LA,Morehouse,6826.5186
22069,LA,Natchitoches,10995.97
22071,LA,Orleans,57760.488
22073,LA,Ouachita,46348.078
22075,LA,Plaquemines,6459.5869
22077,LA,Pointe Coupee,2803.4333
22079,LA,Rapides,45454.684
22081,LA,Red River,2041.1221
22083,LA,Richland,2326.3262
22085,LA,Sabine,6349.3408
22087,LA,St. Bernard,16588.775
22089,LA,St. Charles,30492.432
22091,LA,St. Helena,662.77051
22093,LA,St. James,5604.4702
22095,LA,St. John the Baptist,18462.549
22097,LA,St. Landry,13575.166
22099,LA,St. Martin,2135.7607
22101,LA,St. Mary,18240.488
22103,LA,St. Tammany,62438.832
22105,LA,Tangipahoa,31687.686
22107,LA,Tensas,1283.9893
22109,LA,Terrebonne,33431.164
22111,LA,Union,3905.093
22113,LA,Vermilion,3644.2241
22115,LA,Vernon,27251.629
22117,LA,Washington,5013.2671
22119,LA,Webster,11029.049
22121,LA,West Baton Rouge,4535.1689
22123,LA,West Carroll,564.76147
22125,LA,West Feliciana,6576.2471
22127,LA,Winn,4130.0039
23001,ME,Androscoggin,12978.324
23003,ME,Aroostook,7943.7202
23005,ME,Cumberland,59726.43
23007,ME,Franklin,779.48291
23009,ME,Hancock,2217.6628
23011,ME,Kennebec,8675.3975
23013,ME,Knox,6350.0708
23015,ME,Lincoln,1378.146
23017,ME,Oxford,3821.3164
23019,ME,Penobscot,19151.906
23021,ME,Piscataquis,777.31439
23023,ME,Sagadahoc,3119.5303
23025,ME,Somerset,7965.4277
23027,ME,Waldo,2729.3896
23029,ME,Washington,3783.0745
23031,ME,York,29869.293
24001,MD,Allegany,25628.828
24003,MD,Anne Arundel,190277.61
24005,MD,Baltimore,141213.63
24009,MD,Calvert,32025.625
24011,MD,Caroline,1739.8323
24013,MD,Carroll,40184.371
24015,MD,Cecil,22751.072
24017,MD,Charles,43217.563
24019,MD,Dorchester,5295.4106
24021,MD,Frederick,55823.203
24023,MD,Garrett,980.73413
24025,MD,Harford,53243.098
24027,MD,Howard,53712.793
24029,MD,Kent,3.0248237
24031,MD,Montgomery,181385.28
24033,MD,Prince George's,200531.83
24035,MD,Queen Anne's,11148.83
24037,MD,St. Mary's,19594.92
24039,MD,Somerset,6019.3892
24041,MD,Talbot,4181.2822
24043,MD,Washington,36575.93
24045,MD,Wicomico,26408.113
24047,MD,Worcester,10662.434
24510,MD,Baltimore,13717.339
25001,MA,Barnstable,104445.41
25003,MA,Berkshire,31915.064
25005,MA,Bristol,158761.38
25007,MA,Dukes,1177.3912
25009,MA,Essex,222643.78
25011,MA,Franklin,11057.255
25013,MA,Hampden,103309.2
25015,MA,Hampshire,61107.359
25017,MA,Middlesex,373153.16
25019,MA,Nantucket,1060.2054
25021,MA,Norfolk,212622.84
25023,MA,Plymouth,202026.56
25025,MA,Suffolk,5420.4614
25027,MA,Worcester,226510.94
26001,MI,Alcona,1202.4861
26003,MI,Alger,3341.0166
26005,MI,Allegan,4526.6362
26007,MI,Alpena,1829.3782
26009,MI,Antrim,32.760181
26011,MI,Arenac,4582.2339
26013,MI,Baraga,1452.2993
26015,MI,Barry,1655.5536
26017,MI,Bay,23684.24
26021,MI,Berrien,40255.688
26023,MI,Branch,1587.2618
26025,MI,Calhoun,31513.012
26027,MI,Cass,4271.9399
26029,MI,Charlevoix,1420.0964
26031,MI,Cheboygan,2824.583
26033,MI,Chippewa,7809.6909
26035,MI,Clare,822.92511
26037,MI,Clinton,16808.232
26039,MI,Crawford,2633.7297
26041,MI,Delta,9548.9502
26043,MI,Dickinson,8524.1377
26045,MI,Eaton,28954.363
26047,MI,Emmet,3800.323
26049,MI,Genesee,134363.94
26051,MI,Gladwin,284.96344
26053,MI,Gogebic,2058.968
26055,MI,Grand Traverse,16136.931
26057,MI,Gratiot,11838.028
26059,MI,Hillsdale,3197.6624
26061,MI,Houghton,3952.7092
26063,MI,Huron,8604.6309
26065,MI,Ingham,82007.797
26067,MI,Ionia,5560.5347
26069,MI,Iosco,5656.5308
26071,MI,Iron,1308.0643
26073,MI,Isabella,4943.6094
26075,MI,Jackson,39303.703
26077,MI,Kalamazoo,66912.695
26079,MI,Kalkaska,1048.4021
26081,MI,Kent,127045.98
26083,MI,Keweenaw,625.5304
26085,MI,Lake,1849.6715
26087,MI,Lapeer,8180.2285
26089,MI,Leelanau,506.42993
26091,MI,Lenawee,19771.939
26093,MI,Livingston,56632.02
26095,MI,Luce,795.34265
26097,MI,Mackinac,3361.3601
26099,MI,Macomb,190310.45
26101,MI,Manistee,2479.1985
26103,MI,Marquette,10319.563
26105,MI,Mason,1818.0531
26107,MI,Mecosta,7600.1528
26109,MI,Menominee,9806.252
26111,MI,Midland,16799.727
26113,MI,Missaukee,663.75061
26115,MI,Monroe,28361.264
26117,MI,Montcalm,4771.418
26119,MI,Montmorency,376.78259
26121,MI,Muskegon,62080.27
26123,MI,Newaygo,2776.3313
26125,MI,Oakland,360094.41
26127,MI,Oceana,974.77417
26129,MI,Ogemaw,11.179096
26131,MI,Ontonagon,2210.6086
26133,MI,Osceola,3691.6599
26135,MI,Oscoda,138.39357
26137,MI,Otsego,3237.9658
26139,MI,Ottawa,85882.148
26141,MI,Presque Isle,3669.344
26143,MI,Roscommon,5380.3823
26145,MI,Saginaw,50401.523
26147,MI,St. Clair,55597.648
26149,MI,St. Joseph,7134.9932
26151,MI,Sanilac,2776.8635
26153,MI,Schoolcraft,2165.0852
26155,MI,Shiawassee,11649.466
26157,MI,Tuscola,1905.7705
26159,MI,Van Buren,4049.3193
26161,MI,Washtenaw,80354.586
26163,MI,Wayne,252050.91
26165,MI,Wexford,3276.8013
27001,MN,Aitkin,5241.5259
27003,MN,Anoka,113444.6
27005,MN,Becker,10854.723
27007,MN,Beltrami,7618.0576
27009,MN,Benton,6097.9175
27011,MN,Big Stone,2275.2175
27013,MN,Blue Earth,21683.18
27015,MN,Brown,6866.0381
27017,MN,Carlton,9377.9521
27019,MN,Carver,25146.777
27021,MN,Cass,3393.1401
27023,MN,Chippewa,944.64258
27025,MN,Chisago,5362.1152
27027,MN,Clay,5606.0952
27029,MN,Clearwater,3297.384
27031,MN,Cook,1486.9205
27033,MN,Cottonwood,4254.9731
27035,MN,Crow Wing,4208.7607
27037,MN,Dakota,131295.8
27039,MN,Dodge,1800.0304
27041,MN,Douglas,9290.123
27043,MN,Faribault,1898.3921
27045,MN,Fillmore,455.50195
27047,MN,Freeborn,8893.3916
27049,MN,Goodhue,8134.5396
27051,MN,Grant,2653.968
27053,MN,Hennepin,306811.97
27055,MN,Houston,2021.2465
27057,MN,Hubbard,4381.7319
27059,MN,Isanti,3449.6287
27061,MN,Itasca,7274.2178
27063,MN,Jackson,1380.1802
27065,MN,Kanabec,1184.2699
27067,MN,Kandiyohi,11792.011
27069,MN,Kittson,3308.7168
27071,MN,Koochiching,6010.7012
27073,MN,Lac qui Parle,820.61011
27075,MN,Lake,902.25256
27077,MN,Lake of the Woods,1665.9747
27079,MN,Le Sueur,1977.2535
27081,MN,Lincoln,720.18768
27083,MN,Lyon,6716.5366
27085,MN,McLeod,9134.9141
27087,MN,Mahnomen,1904.7161
27089,MN,Marshall,5982.4824
27091,MN,Martin,9218.7314
27093,MN,Meeker,5008.2197
27095,MN,Mille Lacs,438.86786
27097,MN,Morrison,9757.3711
27099,MN,Mower,5740.5972
27101,MN,Murray,1263.3091
27103,MN,Nicollet,10421.516
27105,MN,Nobles,6356.3159
27107,MN,Norman,2172.2151
27109,MN,Olmsted,28175.727
27111,MN,Otter Tail,11231.817
27113,MN,Pennington,2524.668
27115,MN,Pine,2678.8469
27117,MN,Pipestone,2711.0083
27119,MN,Polk,11067.586
27121,MN,Pope,1413.7289
27123,MN,Ramsey,111304.29
27125,MN,Red Lake,4055.9756
27127,MN,Redwood,6928.9497
27129,MN,Renville,5201.2944
27131,MN,Rice,14453.776
27133,MN,Rock,1394.0834
27135,MN,Roseau,4603.105
27137,MN,St. Louis,51285.523
27139,MN,Scott,23765.326
27141,MN,Sherburne,15106.263
27143,MN,Sibley,242.3206
27145,MN,Stearns,26241.514
27147,MN,Steele,7901.8916
27149,MN,Stevens,1320.7913
27151,MN,Swift,2480.8787
27153,MN,Todd,8324.1641
27155,MN,Traverse,1386.2991
27157,MN,Wabasha,2227.0544
27159,MN,Wadena,3420.1353
27161,MN,Waseca,5704.3374
27163,MN,Washington,94726.43
27165,MN,Watonwan,523.09076
27167,MN,Wilkin,1886.4535
27169,MN,Winona,7298.7041
27171,MN,Wright,14968.917
27173,MN,Yellow Medicine,3380.2417
28001,MS,Adams,7183.9336
28003,MS,Alcorn,3767.0266
28005,MS,Amite,2342.6797
28007,MS,Attala,3955.1953
28009,MS,Benton,3215.395
28011,MS,Bolivar,14106.532
28013,MS,Calhoun,1215.8428
28015,MS,Carroll,4336.7588
28017,MS,Chickasaw,685.35223
28019,MS,Choctaw,270.33832
28021,MS,Claiborne,1452.2448
28023,MS,Clarke,2332.2771
28025,MS,Clay,5606.6997
28027,MS,Coahoma,6739.2412
28029,MS,Copiah,7175.6318
28033,MS,DeSoto,43333.844
28035,MS,Forrest,9216.5029
28037,MS,Franklin,2486.2534
28039,MS,George,2243.3284
28041,MS,Greene,636.9765
28043,MS,Grenada,3443.7405
28045,MS,Hancock,14852.175
28047,MS,Harrison,67157.977
28049,MS,Hinds,64739.625
28051,MS,Holmes,8271.7793
28053,MS,Humphreys,2102.6899
28055,MS,Issaquena,597.16528
28057,MS,Itawamba,2770.5217
28059,MS,Jackson,41289.961
28061,MS,Jasper,1999.2523
28063,MS,Jefferson,874.51941
28065,MS,Jefferson Davis,2066.6243
28067,MS,Jones,6582.1802
28069,MS,Kemper,5149.959
28071,MS,Lafayette,15699.798
28073,MS,Lamar,7978.7109
28075,MS,Lauderdale,16825.686
28077,MS,Lawrence,1979.5269
28079,MS,Leake,4180.8462
28081,MS,Lee,18139.566
28083,MS,Leflore,14706.296
28085,MS,Lincoln,7112.98
28087,MS,Lowndes,9910.9082
28089,MS,Madison,19394.766
28091,MS,Marion,7950.2095
28093,MS,Marshall,6866.8306
28095,MS,Monroe,2432.5339
28097,MS,Montgomery,1767.4402
28099,MS,Neshoba,2434.2217
28101,MS,Newton,2533.9009
28103,MS,Noxubee,1834.5306
28105,MS,Oktibbeha,13546.251
28107,MS,Panola,7049.9595
28109,MS,Pearl River,7276.7544
28111,MS,Perry,1123.0038
28113,MS,Pike,5542.0728
28115,MS,Pontotoc,3229.2615
28117,MS,Prentiss,1710.1293
28119,MS,Quitman,2632.804
28121,MS,Rankin,37922.77
28123,MS,Scott,3627.3406
28125,MS,Sharkey,1370.1765
28127,MS,Simpson,2853.5964
28129,MS,Smith,2695.5559
28131,MS,Stone,3843.2117
28133,MS,Sunflower,10698.801
28135,MS,Tallahatchie,7870.7944
28137,MS,Tate,8191.9385
28139,MS,Tippah,2490.7363
28141,MS,Tishomingo,0
28143,MS,Tunica,1893.426
28145,MS,Union,3326.6523
28147,MS,Walthall,1640.9584
28149,MS,Warren,11490.445
28151,MS,Washington,15226.647
28153,MS,Wayne,332.94669
28155,MS,Webster,1179.1173
28157,MS,Wilkinson,1585.0859
28159,MS,Winston,2535.9001
28161,MS,Yalobusha,1061.2631
28163,MS,Yazoo,9645.7451
29001,MO,Adair,4613.8149
29003,MO,Andrew,1830.1102
29005,MO,Atchison,706.57886
29007,MO,Audrain,4094.8091
29009,MO,Barry,3960.0325
29011,MO,Barton,2757.8713
29013,MO,Bates,765.94714
29015,MO,Benton,1899.0133
29017,MO,Bollinger,3511.582
29019,MO,Boone,41552.98
29021,MO,Buchanan,20492.801
29023,MO,Butler,7066.1177
29025,MO,Caldwell,1759.108
29027,MO,Callaway,8154.7222
29029,MO,Camden,5747.856
29031,MO,Cape Girardeau,19098.262
29033,MO,Carroll,1719.7542
29035,MO,Carter,3116.3806
29037,MO,Cass,30127.971
29039,MO,Cedar,1642.5221
29041,MO,Chariton,803.65533
29043,MO,Christian,15629.049
29045,MO,Clark,958.17035
29047,MO,Clay,61801.313
29049,MO,Clinton,1551.5363
29051,MO,Cole,19669.504
29053,MO,Cooper,4306.8633
29055,MO,Crawford,1277.6464
29057,MO,Dade,761.40326
29059,MO,Dallas,2162.1079
29061,MO,Daviess,1839.9301
29063,MO,DeKalb,4817.4873
29065,MO,Dent,3178.4302
29067,MO,Douglas,3681.6077
29069,MO,Dunklin,6691.2783
29071,MO,Franklin,11148.53
29073,MO,Gasconade,342.2226
29075,MO,Gentry,204.95659
29077,MO,Greene,49774.633
29079,MO,Grundy,3112.8516
29081,MO,Harrison,2545.8298
29083,MO,Henry,6910.645
29085,MO,Hickory,1312.7607
29087,MO,Holt,4888.103
29089,MO,Howard,1813.5582
29091,MO,Howell,7732.2939
29093,MO,Iron,2385.6448
29095,MO,Jackson,150013.95
29097,MO,Jasper,32149.654
29099,MO,Jefferson,66388.234
29101,MO,Johnson,8804.3467
29103,MO,Knox,797.64056
29105,MO,Laclede,7367.9692
29107,MO,Lafayette,5601.9482
29109,MO,Lawrence,4429.4697
29111,MO,Lewis,4239.8975
29113,MO,Lincoln,4073.436
29115,MO,Linn,3386.7622
29117,MO,Livingston,1748.0132
29119,MO,McDonald,1714.9591
29121,MO,Macon,2658.8018
29123,MO,Madison,1738.1398
29125,MO,Maries,527.68665
29127,MO,Marion,4470.5273
29129,MO,Mercer,3776.2227
29131,MO,Miller,1930.2435
29133,MO,Mississippi,46.388496
29135,MO,Moniteau,788.08801
29137,MO,Monroe,1221.2101
29139,MO,Montgomery,1256.9717
29141,MO,Morgan,649.18463
29143,MO,New Madrid,574.40057
29145,MO,Newton,8573.2891
29147,MO,Nodaway,10540.947
29149,MO,Oregon,2022.8732
29151,MO,Osage,1417.5081
29153,MO,Ozark,5364.6802
29155,MO,Pemiscot,1181.4308
29157,MO,Perry,2993.428
29159,MO,Pettis,7064.4297
29161,MO,Phelps,6322.7754
29163,MO,Pike,4537.6152
29165,MO,Platte,31202.074
29167,MO,Polk,1767.3575
29169,MO,Pulaski,17876.826
29171,MO,Putnam,1327.594
29173,MO,Ralls,908.1123
29175,MO,Randolph,3141.6492
29177,MO,Ray,4505.4932
29179,MO,Reynolds,3001.1924
29181,MO,Ripley,2923.8752
29183,MO,St. Charles,136448.08
29185,MO,St. Clair,915.88165
29186,MO,Ste. Genevieve,3667.9705
29187,MO,St. Francois,9875.6592
29189,MO,St. Louis,267303.22
29195,MO,Saline,6424.667
29197,MO,Schuyler,3644.4766
29199,MO,Scotland,465.99072
29201,MO,Scott,9048.4971
29203,MO,Shannon,1399.9548
29205,MO,Shelby,2455.0935
29207,MO,Stoddard,1864.5328
29209,MO,Stone,509.73364
29211,MO,Sullivan,1829.4613
29213,MO,Taney,15577.634
29215,MO,Texas,4700.8955
29217,MO,Vernon,6776.8228
29219,MO,Warren,1594.8848
29221,MO,Washington,4577.9321
29223,MO,Wayne,4681.6738
29225,MO,Webster,2836.8928
29227,MO,Worth,302.1329
29229,MO,Wright,2296.4648
29510,MO,St. Louis,19195.873
30001,MT,Beaverhead,2422.0386
30003,MT,Big Horn,6045.3486
30005,MT,Blaine,2207.7671
30007,MT,Broadwater,1432.0714
30009,MT,Carbon,3626.7661
30011,MT,Carter,1160
30013,MT,Cascade,20699.709
30015,MT,Chouteau,4150.5732
30017,MT,Custer,5809.3506
30019,MT,Daniels,469.28152
30021,MT,Dawson,2950.1248
30023,MT,Deer Lodge,530.93335
30025,MT,Fallon,648.41193
30027,MT,Fergus,3412.0662
30029,MT,Flathead,9467.1328
30031,MT,Gallatin,11379.388
30033,MT,Garfield,666.93036
30035,MT,Glacier,3099.2646
30037,MT,Golden Valley,884
30039,MT,Granite,675.43243
30041,MT,Hill,7506.7969
30043,MT,Jefferson,1338.8691
30045,MT,Judith Basin,1251.1033
30047,MT,Lake,1973.4404
30049,MT,Lewis and Clark,15019.254
30051,MT,Liberty,1312.5736
30053,MT,Lincoln,3085.4905
30055,MT,McCone,714.39453
30057,MT,Madison,2322.0713
30059,MT,Meagher,1891
30061,MT,Mineral,1970.5869
30063,MT,Missoula,24202.842
30065,MT,Musselshell,1447.1832
30067,MT,Park,4661.8662
30069,MT,Petroleum,494
30071,MT,Phillips,1134.1857
30073,MT,Pondera,2790.2676
30075,MT,Powder River,912.93402
30077,MT,Powell,1373.7911
30079,MT,Prairie,1179
30081,MT,Ravalli,1829.6918
30083,MT,Richland,2901.2026
30085,MT,Roosevelt,6021.3198
30087,MT,Rosebud,2227.5442
30089,MT,Sanders,4809.27
30091,MT,Sheridan,1192.4915
30093,MT,Silver Bow,4056.9883
30095,MT,Stillwater,1457.7079
30097,MT,Sweet Grass,825.65869
30099,MT,Teton,1925.5406
30101,MT,Toole,2002.3588
30103,MT,Treasure,718
30105,MT,Valley,2883.5598
30107,MT,Wheatland,2168
30109,MT,Wibaux,1017
30111,MT,Yellowstone,37946.914
31001,NE,Adams,9156.125
31003,NE,Antelope,1349.9333
31005,NE,Arthur,460
31007,NE,Banner,679.92584
31009,NE,Blaine,478
31011,NE,Boone,1021.4813
31013,NE,Box Butte,3741.7603
31015,NE,Boyd,2099
31017,NE,Brown,317.12753
31019,NE,Buffalo,9059.4033
31021,NE,Burt,46.082954
31023,NE,Butler,1338.2598
31025,NE,Cass,6190.4365
31027,NE,Cedar,1411.9871
31029,NE,Chase,1166.8312
31031,NE,Cherry,2361.3816
31033,NE,Cheyenne,1889.7218
31035,NE,Clay,3047.3706
31037,NE,Colfax,2824.3779
31039,NE,Cuming,411.50601
31041,NE,Custer,5627.3618
31043,NE,Dakota,5230.9126
31045,NE,Dawes,2125.2434
31047,NE,Dawson,7959.4453
31049,NE,Deuel,520.52063
31051,NE,Dixon,2036.4128
31053,NE,Dodge,11353.302
31055,NE,Douglas,57723.578
31057,NE,Dundy,667.91388
31059,NE,Fillmore,1156.8214
31061,NE,Franklin,1530.6132
31063,NE,Frontier,2674.0857
31065,NE,Furnas,1080.936
31067,NE,Gage,6734.1636
31069,NE,Garden,2054.1421
31071,NE,Garfield,204.60228
31073,NE,Gosper,1313.3712
31075,NE,Grant,614
31077,NE,Greeley,2537.0657
31079,NE,Hall,18742.463
31081,NE,Hamilton,998.28571
31083,NE,Harlan,207.88852
31085,NE,Hayes,967
31087,NE,Hitchcock,2762.5298
31089,NE,Holt,2653.4382
31091,NE,Hooker,117.13901
31093,NE,Howard,1132.1761
31095,NE,Jefferson,1781.4359
31097,NE,Johnson,1354.4099
31099,NE,Kearney,735.41937
31101,NE,Keith,1837.3356
31103,NE,Keya Paha,823.04504
31105,NE,Kimball,287.08203
31107,NE,Knox,675.5719
31109,NE,Lancaster,29062.504
31111,NE,Lincoln,7626.6626
31113,NE,Logan,107.06608
31115,NE,Loup,506.37836
31117,NE,McPherson,539
31119,NE,Madison,8634.8066
31121,NE,Merrick,2947.6772
31123,NE,Morrill,2557.6501
31125,NE,Nance,1398.474
31127,NE,Nemaha,180.26932
31129,NE,Nuckolls,1621.3134
31131,NE,Otoe,2143.1736
31133,NE,Pawnee,503.21631
31135,NE,Perkins,877.43097
31137,NE,Phelps,1444.3871
31139,NE,Pierce,4813.2119
31141,NE,Platte,8839.2607
31143,NE,Polk,311.5835
31145,NE,Red Willow,5321.8643
31147,NE,Richardson,2268.0735
31149,NE,Rock,427.58984
31151,NE,Saline,2562.8237
31153,NE,Sarpy,32988.359
31155,NE,Saunders,3681.3601
31157,NE,Scotts Bluff,2966.8467
31159,NE,Seward,1597.8932
31161,NE,Sheridan,1927.3792
31163,NE,Sherman,2629.7361
31165,NE,Sioux,857.84229
31167,NE,Stanton,3538.1277
31169,NE,Thayer,907.92755
31171,NE,Thomas,646.61682
31173,NE,Thurston,1751.8086
31175,NE,Valley,1015.4628
31177,NE,Washington,653.31445
31179,NE,Wayne,642.6131
31181,NE,Webster,1997.9517
31183,NE,Wheeler,818
31185,NE,York,2755.4409
32001,NV,Churchill,6484.1108
32003,NV,Clark,206181.5
32005,NV,Douglas,21568.17
32007,NV,Elko,13576.251
32009,NV,Esmeralda,761
32011,NV,Eureka,1987
32013,NV,Humboldt,5028.8975
32015,NV,Lander,891.34216
32017,NV,Lincoln,4173.9395
32019,NV,Lyon,12608.203
32021,NV,Mineral,4028.8015
32023,NV,Nye,18585.891
32027,NV,Pershing,1035.6774
32029,NV,Storey,219.51851
32031,NV,Washoe,99884.063
32033,NV,White Pine,4467.5103
32510,NV,Carson City,11099.444
33001,NH,Belknap,9915.2559
33003,NH,Carroll,872.17139
33005,NH,Cheshire,10890.733
33007,NH,Coos,4769.2505
33009,NH,Grafton,11521.757
33011,NH,Hillsborough,135073.56
33013,NH,Merrimack,29077.516
33015,NH,Rockingham,111158.04
33017,NH,Strafford,23348.68
33019,NH,Sullivan,6107.2046
34001,NJ,Atlantic,80171.523
34003,NJ,Bergen,95801.734
34005,NJ,Burlington,167031.98
34007,NJ,Camden,110011.52
34009,NJ,Cape May,36766.887
34011,NJ,Cumberland,43495.145
34013,NJ,Essex,60746.242
34015,NJ,Gloucester,126082.69
34017,NJ,Hudson,3518.5227
34019,NJ,Hunterdon,26419.324
34021,NJ,Mercer,98077.25
34023,NJ,Middlesex,195555.64
34025,NJ,Monmouth,203678.69
34027,NJ,Morris,169587.94
34029,NJ,Ocean,248325.58
34031,NJ,Passaic,66349.547
34033,NJ,Salem,9644.4883
34035,NJ,Somerset,113036.41
34037,NJ,Sussex,56289.754
34039,NJ,Union,50012.219
34041,NJ,Warren,29846.148
35001,NM,Bernalillo,129353.81
35003,NM,Catron,3725
35005,NM,Chaves,16396.311
35006,NM,Cibola,9981.4756
35007,NM,Colfax,7836.8037
35009,NM,Curry,18651.258
35011,NM,De Baca,346.10065
35013,NM,DoÃ±a Ana,82862.82
35015,NM,Eddy,19559.486
35017,NM,Grant,10179.445
35019,NM,Guadalupe,1792.0428
35021,NM,Harding,660.78461
35023,NM,Hidalgo,1781.0592
35025,NM,Lea,10436.472
35027,NM,Lincoln,7113.1045
35028,NM,Los Alamos,7644.7397
35029,NM,Luna,6419.3965
35031,NM,McKinley,43211.25
35033,NM,Mora,1200.1356
35035,NM,Otero,21183.932
35037,NM,Quay,1568.9058
35039,NM,Rio Arriba,20049.445
35041,NM,Roosevelt,5909.2915
35043,NM,Sandoval,47091.066
35045,NM,San Juan,46633.102
35047,NM,San Miguel,14598.934
35049,NM,Santa Fe,42392.906
35051,NM,Sierra,5360.0908
35053,NM,Socorro,6777.21
35055,NM,Taos,12894.298
35057,NM,Torrance,6509.936
35059,NM,Union,1219.7428
35061,NM,Valencia,40236.41
36001,NY,Albany,82347.203
36003,NY,Allegany,3774.1958
36005,NY,Bronx,7135.3325
36007,NY,Broome,25725.787
36009,NY,Cattaraugus,5913.0566
36011,NY,Cayuga,5281.4883
36013,NY,Chautauqua,23905.652
36015,NY,Chemung,20269.916
36017,NY,Chenango,2091.219
36019,NY,Clinton,22135.814
36021,NY,Columbia,9257.4463
36023,NY,Cortland,5288.5757
36025,NY,Delaware,1158.0477
36027,NY,Dutchess,101583.2
36029,NY,Erie,192723.89
36031,NY,Essex,3663.8394
36033,NY,Franklin,11850.94
36035,NY,Fulton,5405.6167
36037,NY,Genesee,2345.5261
36039,NY,Greene,10461.263
36041,NY,Hamilton,2591.5837
36043,NY,Herkimer,12105.777
36045,NY,Jefferson,19598.473
36047,NY,Kings,393.24469
36049,NY,Lewis,4491.4297
36051,NY,Livingston,11527.186
36053,NY,Madison,14169.444
36055,NY,Monroe,221677.78
36057,NY,Montgomery,10531.056
36059,NY,Nassau,70134.523
36061,NY,New York,2
36063,NY,Niagara,37906.406
36065,NY,Oneida,38017.738
36067,NY,Onondaga,94832.352
36069,NY,Ontario,18408.813
36071,NY,Orange,98797.188
36073,NY,Orleans,5258.3682
36075,NY,Oswego,13036.622
36077,NY,Otsego,17994.891
36079,NY,Putnam,36524.801
36081,NY,Queens,7788.8066
36083,NY,Rensselaer,33259.48
36085,NY,Richmond,4248.6787
36087,NY,Rockland,62648.344
36089,NY,St. Lawrence,19449.941
36091,NY,Saratoga,59804.59
36093,NY,Schenectady,36038.227
36095,NY,Schoharie,7231.7368
36097,NY,Schuyler,1349.9747
36099,NY,Seneca,5344.3511
36101,NY,Steuben,8214.4336
36103,NY,Suffolk,380951.59
36105,NY,Sullivan,7201.668
36107,NY,Tioga,7463.6748
36109,NY,Tompkins,14996.176
36111,NY,Ulster,48039.531
36113,NY,Warren,12857.917
36115,NY,Washington,6988.8027
36117,NY,Wayne,13063.066
36119,NY,Westchester,140483.7
36121,NY,Wyoming,9630.6406
36123,NY,Yates,521.93439
37001,NC,Alamance,34641.539
37003,NC,Alexander,2429.1982
37005,NC,Alleghany,430.70264
37007,NC,Anson,1766.9594
37009,NC,Ashe,1431.6152
37011,NC,Avery,116.27071
37013,NC,Beaufort,4947.3027
37015,NC,Bertie,1172.9443
37017,NC,Bladen,2280.8577
37019,NC,Brunswick,16700.725
37021,NC,Buncombe,51501.109
37023,NC,Burke,26885.781
37025,NC,Cabarrus,40937.32
37027,NC,Caldwell,29875.264
37029,NC,Camden,438.90762
37031,NC,Carteret,16740.053
37033,NC,Caswell,1855.4716
37035,NC,Catawba,33136.809
37037,NC,Chatham,3077.0334
37039,NC,Cherokee,2070.5803
37041,NC,Chowan,3422.3809
37043,NC,Clay,342.64423
37045,NC,Cleveland,16368.966
37047,NC,Columbus,2547.699
37049,NC,Craven,29016.213
37051,NC,Cumberland,96359.813
37053,NC,Currituck,3092.9485
37055,NC,Dare,10375.225
37057,NC,Davidson,26967.967
37059,NC,Davie,4486.5112
37061,NC,Duplin,1137.4343
37063,NC,Durham,69240.242
37065,NC,Edgecombe,7339.2671
37067,NC,Forsyth,128304.3
37069,NC,Franklin,2714.4399
37071,NC,Gaston,58303.508
37073,NC,Gates,4.7640514
37075,NC,Graham,251.48108
37077,NC,Granville,9758.0352
37081,NC,Guilford,98823.133
37083,NC,Halifax,9039.6914
37085,NC,Harnett,10042.413
37087,NC,Haywood,12745.391
37089,NC,Henderson,23181.488
37091,NC,Hertford,2499.1814
37093,NC,Hoke,9915.7959
37095,NC,Hyde,5226.8232
37097,NC,Iredell,24361.449
37099,NC,Jackson,7266.5342
37101,NC,Johnston,8700.333
37103,NC,Jones,.31278759
37105,NC,Lee,8545.1279
37107,NC,Lenoir,7585.1499
37109,NC,Lincoln,11163.73
37111,NC,McDowell,1925.704
37113,NC,Macon,2213.8857
37115,NC,Madison,2534.3521
37117,NC,Martin,909.63202
37119,NC,Mecklenburg,167999
37123,NC,Montgomery,468.88797
37125,NC,Moore,17935.518
37127,NC,Nash,13818.246
37129,NC,New Hanover,61146.035
37131,NC,Northampton,2575.2175
37133,NC,Onslow,53953.277
37135,NC,Orange,25496.234
37137,NC,Pamlico,722.01917
37139,NC,Pasquotank,10194.719
37141,NC,Pender,3483.3826
37143,NC,Perquimans,457.5563
37145,NC,Person,4048.9053
37147,NC,Pitt,15522.876
37149,NC,Polk,72.435112
37151,NC,Randolph,27287.848
37153,NC,Richmond,6128.0918
37155,NC,Robeson,12545.129
37157,NC,Rockingham,19545.85
37159,NC,Rowan,34164.082
37161,NC,Rutherford,14561.838
37163,NC,Sampson,2715.092
37165,NC,Scotland,5867.7119
37167,NC,Stanly,3375.7317
37169,NC,Stokes,8299.1318
37171,NC,Surry,5700.167
37173,NC,Swain,214.21663
37175,NC,Transylvania,2367.332
37177,NC,Tyrrell,489.66656
37179,NC,Union,31579.006
37181,NC,Vance,4473.9307
37183,NC,Wake,170431.09
37185,NC,Warren,1528.4974
37187,NC,Washington,3548.9382
37189,NC,Watauga,3418.3362
37191,NC,Wayne,22450.854
37193,NC,Wilkes,7781.5977
37195,NC,Wilson,2978.041
37197,NC,Yadkin,729.63257
37199,NC,Yancey,189.76445
38001,ND,Adams,522.15161
38003,ND,Barnes,3101.9819
38005,ND,Benson,2844.4036
38007,ND,Billings,783
38009,ND,Bottineau,2939.4084
38011,ND,Bowman,939.77429
38013,ND,Burke,1968
38015,ND,Burleigh,17840.826
38017,ND,Cass,20905.047
38019,ND,Cavalier,1454.5242
38021,ND,Dickey,673.49622
38023,ND,Divide,688.70502
38025,ND,Dunn,1874.3258
38027,ND,Eddy,688.50391
38029,ND,Emmons,1582.3303
38031,ND,Foster,602.83191
38033,ND,Golden Valley,1680
38035,ND,Grand Forks,13769.613
38037,ND,Grant,1252.663
38039,ND,Griggs,794.31873
38041,ND,Hettinger,2476.4927
38043,ND,Kidder,2424.2881
38045,ND,LaMoure,1539.8256
38047,ND,Logan,834.76855
38049,ND,McHenry,3724.7209
38051,ND,McIntosh,558.93097
38053,ND,McKenzie,2346.426
38055,ND,McLean,4944.0068
38057,ND,Mercer,1567.8984
38059,ND,Morton,8212.6787
38061,ND,Mountrail,1006.6265
38063,ND,Nelson,3126
38065,ND,Oliver,1556.0007
38067,ND,Pembina,3425.0732
38069,ND,Pierce,840.86371
38071,ND,Ramsey,1901.8955
38073,ND,Ransom,888.71606
38075,ND,Renville,1456.9404
38077,ND,Richland,6564.5591
38079,ND,Rolette,1302.2241
38081,ND,Sargent,838.75824
38083,ND,Sheridan,1077.5779
38085,ND,Sioux,1701.1991
38087,ND,Slope,692.37885
38089,ND,Stark,4111.5869
38091,ND,Steele,1733.1805
38093,ND,Stutsman,6953.2085
38095,ND,Towner,781.60498
38097,ND,Traill,1475.5021
38099,ND,Walsh,2050.0386
38101,ND,Ward,20557.414
38103,ND,Wells,1592.6262
38105,ND,Williams,4762.9355
39001,OH,Adams,2025.7156
39003,OH,Allen,19335.275
39005,OH,Ashland,1795.1372
39007,OH,Ashtabula,20657.031
39009,OH,Athens,14901.095
39011,OH,Auglaize,2299.6458
39013,OH,Belmont,10006.201
39015,OH,Brown,3237.4988
39017,OH,Butler,125412.07
39019,OH,Carroll,1704.2797
39021,OH,Champaign,627.12836
39023,OH,Clark,33638.012
39025,OH,Clermont,78008.047
39027,OH,Clinton,7472.7236
39029,OH,Columbiana,21395.041
39031,OH,Coshocton,6861.1445
39033,OH,Crawford,10125.732
39035,OH,Cuyahoga,250036.42
39037,OH,Darke,3130.7842
39039,OH,Defiance,5001.0361
39041,OH,Delaware,46411.863
39043,OH,Erie,21523.299
39045,OH,Fairfield,30776.271
39047,OH,Fayette,896.91327
39049,OH,Franklin,274663.13
39051,OH,Fulton,6459.1855
39053,OH,Gallia,3690.4382
39055,OH,Geauga,18310.275
39057,OH,Greene,47231.781
39059,OH,Guernsey,6254.8555
39061,OH,Hamilton,236682.58
39063,OH,Hancock,12032.674
39065,OH,Hardin,3035.0256
39067,OH,Harrison,381.45645
39069,OH,Henry,3638.572
39071,OH,Highland,2456.4758
39073,OH,Hocking,5072.3027
39075,OH,Holmes,875.83075
39077,OH,Huron,7389.8809
39079,OH,Jackson,1427.9709
39081,OH,Jefferson,15086.31
39083,OH,Knox,8644.8066
39085,OH,Lake,78510.813
39087,OH,Lawrence,9196.4502
39089,OH,Licking,34313.656
39091,OH,Logan,3675.8547
39093,OH,Lorain,81349.398
39095,OH,Lucas,72292.055
39097,OH,Madison,12460.475
39099,OH,Mahoning,63368.719
39101,OH,Marion,22122.514
39103,OH,Medina,42335.473
39105,OH,Meigs,3888.998
39107,OH,Mercer,1408.2678
39109,OH,Miami,14209.86
39111,OH,Monroe,837.79218
39113,OH,Montgomery,142425.89
39115,OH,Morgan,945.82495
39117,OH,Morrow,166.31631
39119,OH,Muskingum,16744.934
39121,OH,Noble,3788.4385
39123,OH,Ottawa,11156.644
39125,OH,Paulding,2557.604
39127,OH,Perry,1410.5316
39129,OH,Pickaway,7596.6162
39131,OH,Pike,4088.4641
39133,OH,Portage,42909.867
39135,OH,Preble,314.00488
39137,OH,Putnam,5727.0986
39139,OH,Richland,31594.109
39141,OH,Ross,10703.821
39143,OH,Sandusky,6092.0557
39145,OH,Scioto,14240.657
39147,OH,Seneca,7975.8374
39149,OH,Shelby,8219.9648
39151,OH,Stark,108254.36
39153,OH,Summit,165394.72
39155,OH,Trumbull,45541.457
39157,OH,Tuscarawas,17960.77
39159,OH,Union,11122.956
39161,OH,Van Wert,4648.77
39163,OH,Vinton,6470.9478
39165,OH,Warren,75605.211
39167,OH,Washington,5778.6401
39169,OH,Wayne,18588.254
39171,OH,Williams,5340.3672
39173,OH,Wood,41776.059
39175,OH,Wyandot,1018.684
40001,OK,Adair,1651.0563
40003,OK,Alfalfa,3316.1953
40005,OK,Atoka,5732.8193
40007,OK,Beaver,2157.1973
40009,OK,Beckham,2642.9812
40011,OK,Blaine,6728.6685
40013,OK,Bryan,8293.3311
40015,OK,Caddo,8867.0811
40017,OK,Canadian,26958.395
40019,OK,Carter,4759.1777
40021,OK,Cherokee,10474.581
40023,OK,Choctaw,7356.5952
40025,OK,Cimarron,998.5401
40027,OK,Cleveland,48390.844
40029,OK,Coal,1618.1589
40031,OK,Comanche,40133.5
40033,OK,Cotton,5173.7847
40035,OK,Craig,2597.3037
40037,OK,Creek,14638.017
40039,OK,Custer,8840.4473
40041,OK,Delaware,7749.0439
40043,OK,Dewey,4810
40045,OK,Ellis,4132.1533
40047,OK,Garfield,10121.624
40049,OK,Garvin,4717.7681
40051,OK,Grady,6855.355
40053,OK,Grant,2957.9526
40055,OK,Greer,550.8833
40057,OK,Harmon,242.16443
40059,OK,Harper,1903.1808
40061,OK,Haskell,4845.3096
40063,OK,Hughes,3764.9463
40065,OK,Jackson,6368.2769
40067,OK,Jefferson,1507.9077
40069,OK,Johnston,3965.197
40071,OK,Kay,14104.333
40073,OK,Kingfisher,1812.5875
40075,OK,Kiowa,4663.1294
40077,OK,Latimer,2849.9827
40079,OK,Le Flore,7757.0327
40081,OK,Lincoln,2533.0579
40083,OK,Logan,9026.6934
40085,OK,Love,1911.0453
40087,OK,McClain,3325.7827
40089,OK,McCurtain,5508.4844
40091,OK,McIntosh,2402.8066
40093,OK,Major,1359.1335
40095,OK,Marshall,3885.386
40097,OK,Mayes,4346.8677
40099,OK,Murray,551.1261
40101,OK,Muskogee,10087.527
40103,OK,Noble,3302.8005
40105,OK,Nowata,2221.7974
40107,OK,Okfuskee,2436.2656
40109,OK,Oklahoma,150328.17
40111,OK,Okmulgee,9046.5908
40113,OK,Osage,14890.982
40115,OK,Ottawa,4918.0078
40117,OK,Pawnee,240.49779
40119,OK,Payne,16690.068
40121,OK,Pittsburg,19056.914
40123,OK,Pontotoc,8227.2666
40125,OK,Pottawatomie,9451.21
40127,OK,Pushmataha,5048.1685
40129,OK,Roger Mills,2001.0244
40131,OK,Rogers,17566.426
40133,OK,Seminole,1914.045
40135,OK,Sequoyah,4751.5088
40137,OK,Stephens,6775.0054
40139,OK,Texas,7447.3022
40141,OK,Tillman,2761.7783
40143,OK,Tulsa,145919.17
40145,OK,Wagoner,20762.943
40147,OK,Washington,16508.842
40149,OK,Washita,4515.6763
40151,OK,Woods,2871.6863
40153,OK,Woodward,5308.9399
41001,OR,Baker,7253.4546
41003,OR,Benton,22296.299
41005,OR,Clackamas,52465.891
41007,OR,Clatsop,6399.4624
41009,OR,Columbia,7244.5962
41011,OR,Coos,7125.6567
41013,OR,Crook,3539.2124
41015,OR,Curry,2747.2673
41017,OR,Deschutes,24606.484
41019,OR,Douglas,27253.654
41021,OR,Gilliam,1022.1118
41023,OR,Grant,2963.7285
41025,OR,Harney,2747.2051
41027,OR,Hood River,1437.5601
41029,OR,Jackson,38777.254
41031,OR,Jefferson,4096.1406
41033,OR,Josephine,16477.701
41035,OR,Klamath,24263.318
41037,OR,Lake,3444.1587
41039,OR,Lane,63271.582
41041,OR,Lincoln,7837.1113
41043,OR,Linn,25681.148
41045,OR,Malheur,3529.1201
41047,OR,Marion,45615.723
41049,OR,Morrow,3973.4194
41051,OR,Multnomah,67238.867
41053,OR,Polk,22526.266
41055,OR,Sherman,1439.7679
41057,OR,Tillamook,2211.5034
41059,OR,Umatilla,23442.084
41061,OR,Union,5001.269
41063,OR,Wallowa,1895.8619
41065,OR,Wasco,10369.726
41067,OR,Washington,59768.699
41069,OR,Wheeler,1441
41071,OR,Yamhill,17001.729
42001,PA,Adams,11147.068
42003,PA,Allegheny,312479.19
42005,PA,Armstrong,5493.6445
42007,PA,Beaver,62536.297
42009,PA,Bedford,3410.1025
42011,PA,Berks,66148.039
42013,PA,Blair,30041.746
42015,PA,Bradford,6257.8408
42017,PA,Bucks,188961.86
42019,PA,Butler,35420.664
42021,PA,Cambria,36952.977
42023,PA,Cameron,466.56436
42025,PA,Carbon,7212.7866
42027,PA,Centre,24825.635
42029,PA,Chester,198074.31
42031,PA,Clarion,2152.6824
42033,PA,Clearfield,11298.534
42035,PA,Clinton,6905.3296
42037,PA,Columbia,6681.2183
42039,PA,Crawford,10527.281
42041,PA,Cumberland,52825.625
42043,PA,Dauphin,85827.773
42045,PA,Delaware,88622.5
42047,PA,Elk,3612.3855
42049,PA,Erie,75116.938
42051,PA,Fayette,27001.234
42053,PA,Forest,105.4152
42055,PA,Franklin,26304.568
42057,PA,Fulton,1650.6902
42059,PA,Greene,6321.8555
42061,PA,Huntingdon,931.02478
42063,PA,Indiana,17518.98
42065,PA,Jefferson,2008.4728
42067,PA,Juniata,4489.0283
42069,PA,Lackawanna,27068.57
42071,PA,Lancaster,121279.27
42073,PA,Lawrence,24199.273
42075,PA,Lebanon,19710.992
42077,PA,Lehigh,87227.609
42079,PA,Luzerne,50063.359
42081,PA,Lycoming,21592.6
42083,PA,McKean,1676.2885
42085,PA,Mercer,16912.59
42087,PA,Mifflin,2397.6523
42089,PA,Monroe,49943.441
42091,PA,Montgomery,227360.92
42093,PA,Montour,2082.6082
42095,PA,Northampton,68026.984
42097,PA,Northumberland,10264.868
42099,PA,Perry,5820.9702
42101,PA,Philadelphia,18434.254
42103,PA,Pike,3588.7297
42105,PA,Potter,3109.5378
42107,PA,Schuylkill,11845.567
42109,PA,Snyder,2743.6877
42111,PA,Somerset,12451.478
42113,PA,Sullivan,1986.8724
42115,PA,Susquehanna,2173.2251
42117,PA,Tioga,4409.0801
42119,PA,Union,14497.987
42121,PA,Venango,5015.1807
42123,PA,Warren,6099.2886
42125,PA,Washington,58314.879
42127,PA,Wayne,1982.4039
42129,PA,Westmoreland,118356.65
42131,PA,Wyoming,863.62189
42133,PA,York,105961.19
44001,RI,Bristol,25479.006
44003,RI,Kent,46714.551
44005,RI,Newport,25293.057
44007,RI,Providence,96381.117
44009,RI,Washington,40965.566
45001,SC,Abbeville,281.12268
45003,SC,Aiken,35442.66
45005,SC,Allendale,1740.6602
45007,SC,Anderson,51914.461
45009,SC,Bamberg,4629.0068
45011,SC,Barnwell,513.83478
45013,SC,Beaufort,52289.043
45015,SC,Berkeley,42839.043
45017,SC,Calhoun,129.14999
45019,SC,Charleston,67780.234
45021,SC,Cherokee,7921.0796
45023,SC,Chester,5545.2871
45025,SC,Chesterfield,6209.583
45027,SC,Clarendon,1767.3037
45029,SC,Colleton,9368.3115
45031,SC,Darlington,11248.728
45033,SC,Dillon,3865.6838
45035,SC,Dorchester,26155.291
45037,SC,Edgefield,2309.6941
45039,SC,Fairfield,5167.2988
45041,SC,Florence,30265.738
45043,SC,Georgetown,12374.969
45045,SC,Greenville,163541.72
45047,SC,Greenwood,12231.203
45049,SC,Hampton,3679.6111
45051,SC,Horry,38348.332
45053,SC,Jasper,2839.332
45055,SC,Kershaw,10634.391
45057,SC,Lancaster,15583.211
45059,SC,Laurens,14406.234
45061,SC,Lee,1107.9159
45063,SC,Lexington,63721.68
45065,SC,McCormick,330.09329
45067,SC,Marion,2914.2014
45069,SC,Marlboro,4578.4746
45071,SC,Newberry,8905.7227
45073,SC,Oconee,10585.863
45075,SC,Orangeburg,11272.764
45077,SC,Pickens,33387.563
45079,SC,Richland,102671.19
45081,SC,Saluda,1970.1456
45083,SC,Spartanburg,89659.008
45085,SC,Sumter,27187.693
45087,SC,Union,2640.8523
45089,SC,Williamsburg,2455.9067
45091,SC,York,49945.449
46003,SD,Aurora,2016.2461
46005,SD,Beadle,3935.3606
46007,SD,Bennett,3319.8032
46009,SD,Bon Homme,998.05029
46011,SD,Brookings,12665.294
46013,SD,Brown,11371.572
46015,SD,Brule,1648.8665
46017,SD,Buffalo,1906.6787
46019,SD,Butte,2434.6584
46021,SD,Campbell,1368.5864
46023,SD,Charles Mix,916.21106
46025,SD,Clark,1708.1694
46027,SD,Clay,4110.2588
46029,SD,Codington,9913.9541
46031,SD,Corson,3636.3689
46033,SD,Custer,2903.6812
46035,SD,Davison,4636.2544
46037,SD,Day,2790.8213
46039,SD,Deuel,3939.6726
46041,SD,Dewey,2035.0719
46043,SD,Douglas,2675.1829
46045,SD,Edmunds,2591.6157
46047,SD,Fall River,2639.446
46049,SD,Faulk,1139.9172
46051,SD,Grant,1310.5084
46053,SD,Gregory,1213.416
46055,SD,Haakon,800.50098
46057,SD,Hamlin,5671.2837
46059,SD,Hand,1177.0887
46061,SD,Hanson,595.45227
46063,SD,Harding,1255
46065,SD,Hughes,3984.2334
46067,SD,Hutchinson,649.21118
46069,SD,Hyde,1420
46071,SD,Jackson,1909.61
46073,SD,Jerauld,2071
46075,SD,Jones,1006
46077,SD,Kingsbury,2689.4717
46079,SD,Lake,1116.5443
46081,SD,Lawrence,3860.6001
46083,SD,Lincoln,4049.3672
46085,SD,Lyman,3138.7937
46087,SD,McCook,1820.204
46089,SD,McPherson,1370.0122
46091,SD,Marshall,2346.7192
46093,SD,Meade,8631.6914
46095,SD,Mellette,2035.7583
46097,SD,Miner,910.86615
46099,SD,Minnehaha,31296.914
46101,SD,Moody,4976.2822
46103,SD,Pennington,28974.574
46105,SD,Perkins,1470.7628
46107,SD,Potter,2329
46109,SD,Roberts,2750.0127
46111,SD,Sanborn,2328.4299
46113,SD,Shannon,10779.637
46115,SD,Spink,2796.7622
46117,SD,Stanley,570.8194
46119,SD,Sully,1373
46121,SD,Todd,1990.2885
46123,SD,Tripp,1510.3815
46125,SD,Turner,190.95137
46127,SD,Union,2887.0466
46129,SD,Walworth,1560.2283
46135,SD,Yankton,6096.6821
46137,SD,Ziebach,1047.0913
47001,TN,Anderson,22423.205
47003,TN,Bedford,6177.8584
47005,TN,Benton,2221.3298
47007,TN,Bledsoe,395.61194
47009,TN,Blount,42345.438
47011,TN,Bradley,29457.104
47013,TN,Campbell,7790.5718
47015,TN,Cannon,319.83392
47017,TN,Carroll,2483.6018
47019,TN,Carter,23715.896
47021,TN,Cheatham,436.38373
47023,TN,Chester,2223.7219
47025,TN,Claiborne,6856.1831
47027,TN,Clay,10.776358
47029,TN,Cocke,7579.6675
47031,TN,Coffee,9075.9189
47033,TN,Crockett,108.97917
47035,TN,Cumberland,10757.681
47037,TN,Davidson,137325.67
47039,TN,Decatur,895.57623
47041,TN,DeKalb,395.90097
47043,TN,Dickson,6387.4082
47045,TN,Dyer,12712.054
47047,TN,Fayette,2233.3779
47049,TN,Fentress,37.126728
47051,TN,Franklin,8150.8267
47053,TN,Gibson,6040.6484
47055,TN,Giles,3490.0583
47057,TN,Grainger,0
47059,TN,Greene,6489.6465
47061,TN,Grundy,135.42418
47063,TN,Hamblen,27609.293
47065,TN,Hamilton,138476.94
47067,TN,Hancock,66.539574
47069,TN,Hardeman,7469.0601
47071,TN,Hardin,3650.0408
47073,TN,Hawkins,11433.533
47075,TN,Haywood,2992.9775
47077,TN,Henderson,3523.6282
47079,TN,Henry,6159.8159
47081,TN,Hickman,2775.9487
47083,TN,Houston,214.24992
47085,TN,Humphreys,1206.507
47087,TN,Jackson,1.6037316
47089,TN,Jefferson,2646.3455
47091,TN,Johnson,2275.5593
47093,TN,Knox,157839.17
47095,TN,Lake,14.701101
47097,TN,Lauderdale,2397.0835
47099,TN,Lawrence,3120.2046
47101,TN,Lewis,422.69806
47103,TN,Lincoln,4923.3071
47105,TN,Loudon,14631.918
47107,TN,McMinn,6823.7485
47109,TN,McNairy,2567.8232
47111,TN,Macon,749.88025
47113,TN,Madison,23242.559
47115,TN,Marion,2879.1006
47117,TN,Marshall,3733.4097
47119,TN,Maury,15063.196
47121,TN,Meigs,177.29767
47123,TN,Monroe,1918.8411
47125,TN,Montgomery,57591.484
47127,TN,Moore,2145.4963
47129,TN,Morgan,4002.3459
47131,TN,Obion,3472.4121
47133,TN,Overton,294.68842
47135,TN,Perry,1978.7806
47137,TN,Pickett,38.900249
47139,TN,Polk,49.354847
47141,TN,Putnam,14568.359
47143,TN,Rhea,3162.271
47145,TN,Roane,13942.304
47147,TN,Robertson,4540.5259
47149,TN,Rutherford,65080.484
47151,TN,Scott,789.34711
47153,TN,Sequatchie,9.0236778
47155,TN,Sevier,11385.479
47157,TN,Shelby,273256.13
47159,TN,Smith,273.75085
47161,TN,Stewart,247.32919
47163,TN,Sullivan,52031.891
47165,TN,Sumner,47994.895
47167,TN,Tipton,11339.191
47171,TN,Unicoi,2401.8647
47173,TN,Union,387.11078
47175,TN,Van Buren,39.322189
47177,TN,Warren,3313.4116
47179,TN,Washington,26994.105
47181,TN,Wayne,3784.2615
47183,TN,Weakley,4131.0264
47185,TN,White,2475.137
47187,TN,Williamson,45309.223
47189,TN,Wilson,25367.262
48001,TX,Anderson,23111.242
48003,TX,Andrews,5015.9756
48005,TX,Angelina,20927.332
48007,TX,Aransas,8865.5117
48009,TX,Archer,2147.6724
48011,TX,Armstrong,1896.208
48013,TX,Atascosa,9400.1133
48015,TX,Austin,3256.0732
48017,TX,Bailey,667.90137
48019,TX,Bandera,7158.4561
48021,TX,Bastrop,21416.783
48023,TX,Baylor,455.64722
48025,TX,Bee,10775.396
48027,TX,Bell,103120.54
48029,TX,Bexar,451601.66
48031,TX,Blanco,485.06287
48033,TX,Borden,641
48035,TX,Bosque,1762.382
48037,TX,Bowie,20113.871
48039,TX,Brazoria,69647.359
48041,TX,Brazos,52558.41
48043,TX,Brewster,2642.144
48045,TX,Briscoe,1637
48047,TX,Brooks,1179.3098
48049,TX,Brown,13832.297
48051,TX,Burleson,2215.5933
48053,TX,Burnet,14182.999
48055,TX,Caldwell,5776.4819
48057,TX,Calhoun,7732.0142
48059,TX,Callahan,4001.9734
48061,TX,Cameron,100015.2
48063,TX,Camp,1247.0221
48065,TX,Carson,1235.9219
48067,TX,Cass,2118.905
48069,TX,Castro,960.30963
48071,TX,Chambers,6741.7554
48073,TX,Cherokee,8279.8291
48075,TX,Childress,3108.75
48077,TX,Clay,5527.8364
48079,TX,Cochran,662.16364
48081,TX,Coke,3319.2129
48083,TX,Coleman,1745.7469
48085,TX,Collin,99230.766
48087,TX,Collingsworth,224.94409
48089,TX,Colorado,4316.8174
48091,TX,Comal,23139.176
48093,TX,Comanche,2143.4575
48095,TX,Concho,1092.2646
48097,TX,Cooke,2805.0046
48099,TX,Coryell,32863.203
48101,TX,Cottle,1504.1173
48103,TX,Crane,388.95709
48105,TX,Crockett,284.17215
48107,TX,Crosby,291.17139
48109,TX,Culberson,186.14334
48111,TX,Dallam,2687.2595
48113,TX,Dallas,393661.06
48115,TX,Dawson,4087.0608
48117,TX,Deaf Smith,3610.2754
48119,TX,Delta,377.20279
48121,TX,Denton,123079.91
48123,TX,DeWitt,3085.7466
48125,TX,Dickens,484.95892
48127,TX,Dimmit,3897.2427
48129,TX,Donley,573.71448
48131,TX,Duval,4063.2859
48133,TX,Eastland,4032.1133
48135,TX,Ector,28118.395
48137,TX,Edwards,638.00842
48139,TX,Ellis,35501.746
48141,TX,El Paso,143526.55
48143,TX,Erath,13696.724
48145,TX,Falls,2472.7876
48147,TX,Fannin,11194.098
48149,TX,Fayette,5540.0493
48151,TX,Fisher,676.49719
48153,TX,Floyd,412.83871
48155,TX,Foard,1336
48157,TX,Fort Bend,148759.52
48159,TX,Franklin,743.87122
48161,TX,Freestone,2952.8154
48163,TX,Frio,1681.6826
48165,TX,Gaines,563.21564
48167,TX,Galveston,90963.758
48169,TX,Garza,388.54553
48171,TX,Gillespie,4771.0347
48173,TX,Glasscock,1204.1481
48175,TX,Goliad,2653.521
48177,TX,Gonzales,5061.6152
48179,TX,Gray,4517.5322
48181,TX,Grayson,23579.404
48183,TX,Gregg,27060.156
48185,TX,Grimes,10651.11
48187,TX,Guadalupe,44881.215
48189,TX,Hale,7568.002
48191,TX,Hall,819.9668
48193,TX,Hamilton,2134.104
48195,TX,Hansford,4983.125
48197,TX,Hardeman,1231.3594
48199,TX,Hardin,15879.691
48201,TX,Harris,740267.44
48203,TX,Harrison,8988.7646
48205,TX,Hartley,1450.0759
48207,TX,Haskell,1490.8293
48209,TX,Hays,25933.494
48211,TX,Hemphill,403.44516
48213,TX,Henderson,21411.174
48215,TX,Hidalgo,269110.47
48217,TX,Hill,1991.5663
48219,TX,Hockley,10499.661
48221,TX,Hood,16796.486
48223,TX,Hopkins,5897.3477
48225,TX,Houston,9341.0215
48227,TX,Howard,17219.639
48229,TX,Hudspeth,3462.9209
48231,TX,Hunt,9084.6504
48233,TX,Hutchinson,6465.4263
48235,TX,Irion,1598.5874
48237,TX,Jack,4294.1484
48239,TX,Jackson,3000.3455
48241,TX,Jasper,6386.2676
48243,TX,Jeff Davis,689.23303
48245,TX,Jefferson,58383.129
48247,TX,Jim Hogg,1415.957
48249,TX,Jim Wells,7621.5771
48251,TX,Johnson,33504.949
48253,TX,Jones,4324.2231
48255,TX,Karnes,3631.2859
48257,TX,Kaufman,8665.5703
48259,TX,Kendall,4315.1509
48261,TX,Kenedy,404.20914
48263,TX,Kent,785.33771
48265,TX,Kerr,14845.102
48267,TX,Kimble,1152.8541
48269,TX,King,286
48271,TX,Kinney,154.87424
48273,TX,Kleberg,9787.1709
48275,TX,Knox,1752.9943
48277,TX,Lamar,14616.199
48279,TX,Lamb,498.07111
48281,TX,Lampasas,4014.5596
48283,TX,La Salle,3980.7275
48285,TX,Lavaca,2747.0422
48287,TX,Lee,1053.8188
48289,TX,Leon,2199.1843
48291,TX,Liberty,16888.223
48293,TX,Limestone,4455.2378
48295,TX,Lipscomb,3301.9854
48297,TX,Live Oak,1181.2354
48299,TX,Llano,5991.2817
48301,TX,Loving,82
48303,TX,Lubbock,43815.168
48305,TX,Lynn,2003.365
48307,TX,McCulloch,2707.3401
48309,TX,McLennan,91765.195
48311,TX,McMullen,692.86157
48313,TX,Madison,3811.5227
48315,TX,Marion,825.22693
48317,TX,Martin,1028.1372
48319,TX,Mason,849.91705
48321,TX,Matagorda,13868.938
48323,TX,Maverick,17497.68
48325,TX,Medina,10912.828
48327,TX,Menard,452.46262
48329,TX,Midland,37531.887
48331,TX,Milam,5418.1108
48333,TX,Mills,1218.0886
48335,TX,Mitchell,2800.8237
48337,TX,Montague,3260.0034
48339,TX,Montgomery,94269.398
48341,TX,Moore,6300.1426
48343,TX,Morris,216.2773
48345,TX,Motley,223.29036
48347,TX,Nacogdoches,18795.57
48349,TX,Navarro,11808.946
48351,TX,Newton,3836.0574
48353,TX,Nolan,3624.7524
48355,TX,Nueces,110861.88
48357,TX,Ochiltree,974.28491
48359,TX,Oldham,2052
48361,TX,Orange,20792.42
48363,TX,Palo Pinto,10630.913
48365,TX,Panola,5269.7231
48367,TX,Parker,20534.715
48369,TX,Parmer,4963.6772
48371,TX,Pecos,2972.5017
48373,TX,Polk,9162.1191
48375,TX,Potter,25358.133
48377,TX,Presidio,5429.9058
48381,TX,Randall,14799.875
48383,TX,Reagan,214.35628
48385,TX,Real,3309
48387,TX,Red River,5964.7217
48389,TX,Reeves,3039.2085
48391,TX,Refugio,1462.6007
48393,TX,Roberts,843.18915
48395,TX,Robertson,5362.6904
48397,TX,Rockwall,15839.003
48399,TX,Runnels,2878.9167
48401,TX,Rusk,13708.505
48403,TX,Sabine,1721.4467
48405,TX,San Augustine,399.14618
48407,TX,San Jacinto,2148.835
48409,TX,San Patricio,13590.561
48411,TX,San Saba,1871.9766
48413,TX,Schleicher,364.50671
48415,TX,Scurry,4919.9082
48417,TX,Shackelford,485.91364
48419,TX,Shelby,3561.8743
48421,TX,Sherman,750.87305
48423,TX,Smith,34981.492
48425,TX,Somervell,0
48427,TX,Starr,27407.467
48429,TX,Stephens,2194.0696
48431,TX,Sterling,1143
48433,TX,Stonewall,221.5116
48435,TX,Sutton,448.72977
48437,TX,Swisher,1441.9556
48439,TX,Tarrant,463702.84
48441,TX,Taylor,36822.043
48443,TX,Terrell,984
48445,TX,Terry,4703.3247
48447,TX,Throckmorton,1641
48449,TX,Titus,3828.6768
48451,TX,Tom Green,44739.348
48453,TX,Travis,268244.5
48455,TX,Trinity,443.46606
48457,TX,Tyler,11662.357
48459,TX,Upshur,4657.1689
48461,TX,Upton,1121.0001
48463,TX,Uvalde,11468.814
48465,TX,Val Verde,19612.273
48467,TX,Van Zandt,5077.7935
48469,TX,Victoria,24368.609
48471,TX,Walker,22834.213
48473,TX,Waller,6493.2397
48475,TX,Ward,1144.1538
48477,TX,Washington,3208.9155
48479,TX,Webb,56255.313
48481,TX,Wharton,6432.4409
48483,TX,Wheeler,620.34814
48485,TX,Wichita,48641.625
48487,TX,Wilbarger,3694.542
48489,TX,Willacy,3051.6794
48491,TX,Williamson,142428.56
48493,TX,Wilson,1876.8319
48495,TX,Winkler,62.718674
48497,TX,Wise,3519.0457
48499,TX,Wood,3222.189
48501,TX,Yoakum,1562.3529
48503,TX,Young,6142.0015
48505,TX,Zapata,6065.6812
48507,TX,Zavala,3702.0271
49001,UT,Beaver,951.43207
49003,UT,Box Elder,10094.866
49005,UT,Cache,37757.867
49007,UT,Carbon,6041.9395
49009,UT,Daggett,1059
49011,UT,Davis,94506.57
49013,UT,Duchesne,5147.4878
49015,UT,Emery,444.22073
49017,UT,Garfield,3096.2979
49019,UT,Grand,2021.4906
49021,UT,Iron,13807.612
49023,UT,Juab,4406.1943
49025,UT,Kane,3117.926
49027,UT,Millard,5024.1484
49029,UT,Morgan,38.80484
49031,UT,Piute,1556
49033,UT,Rich,2264
49035,UT,Salt Lake,91150.18
49037,UT,San Juan,8414.8818
49039,UT,Sanpete,2517.8535
49041,UT,Sevier,623.77753
49043,UT,Summit,9799.2773
49045,UT,Tooele,19591.783
49047,UT,Uintah,8024.6768
49049,UT,Utah,121874.63
49051,UT,Wasatch,1108.3352
49053,UT,Washington,36701.898
49055,UT,Wayne,1009.0052
49057,UT,Weber,58288.961
50001,VT,Addison,867.8493
50003,VT,Bennington,4389.7212
50005,VT,Caledonia,2001.6218
50007,VT,Chittenden,27641.244
50009,VT,Essex,1890.4526
50011,VT,Franklin,2125.5127
50013,VT,Grand Isle,35.544563
50015,VT,Lamoille,578.1499
50017,VT,Orange,3046.5427
50019,VT,Orleans,3813.3442
50021,VT,Rutland,9152.3467
50023,VT,Washington,7322.8335
50025,VT,Windham,4169.5215
50027,VT,Windsor,4782.624
51001,VA,Accomack,1700.3361
51003,VA,Albemarle,15278.66
51005,VA,Alleghany,2157.5696
51007,VA,Amelia,2089.2639
51009,VA,Amherst,5432.8281
51011,VA,Appomattox,332.40454
51013,VA,Arlington,4485.1089
51015,VA,Augusta,9683.2061
51017,VA,Bath,1052.3701
51019,VA,Bedford,6731.2446
51021,VA,Bland,1307.3546
51023,VA,Botetourt,11599.787
51025,VA,Brunswick,3505.5327
51029,VA,Buckingham,1443.6392
51031,VA,Campbell,8057.0737
51033,VA,Caroline,1368.9744
51035,VA,Carroll,1441.1686
51036,VA,Charles City,166.77086
51037,VA,Charlotte,4240.7373
51041,VA,Chesterfield,115426.34
51043,VA,Clarke,177.76892
51045,VA,Craig,583.24646
51047,VA,Culpeper,2632.8389
51049,VA,Cumberland,5546.8721
51053,VA,Dinwiddie,7678.2158
51057,VA,Essex,2619.1389
51059,VA,Fairfax,205554.38
51061,VA,Fauquier,8209.0225
51063,VA,Floyd,4208.1123
51065,VA,Fluvanna,6380.8174
51067,VA,Franklin,8349.9883
51069,VA,Frederick,16247.542
51071,VA,Giles,152.91185
51073,VA,Gloucester,3765.0151
51075,VA,Goochland,3311.2856
51077,VA,Grayson,2826.6941
51079,VA,Greene,0
51081,VA,Greensville,1008.3033
51083,VA,Halifax,8496.0371
51085,VA,Hanover,21762.926
51087,VA,Henrico,64088.781
51089,VA,Henry,9194.4863
51091,VA,Highland,2321
51093,VA,Isle of Wight,5800.6406
51095,VA,James City,23479.666
51097,VA,King and Queen,537.4668
51101,VA,King William,1741.6536
51103,VA,Lancaster,367.62119
51105,VA,Lee,18.601446
51107,VA,Loudoun,40493.137
51109,VA,Louisa,778.85071
51111,VA,Lunenburg,7.4081173
51113,VA,Madison,375.73273
51115,VA,Mathews,0
51117,VA,Mecklenburg,3019.2615
51119,VA,Middlesex,116.97812
51121,VA,Montgomery,13785.353
51125,VA,Nelson,1085.5481
51127,VA,New Kent,0
51131,VA,Northampton,206.94923
51133,VA,Northumberland,1150.063
51135,VA,Nottoway,8927.2559
51137,VA,Orange,8426.415
51139,VA,Page,967.28522
51141,VA,Patrick,1742.2396
51143,VA,Pittsylvania,9948.04
51145,VA,Powhatan,2701.4482
51147,VA,Prince Edward,4939.8379
51149,VA,Prince George,11104.202
51153,VA,Prince William,87198.531
51155,VA,Pulaski,5242.4766
51157,VA,Rappahannock,5513.71
51159,VA,Richmond,473.12271
51161,VA,Roanoke,18650.445
51163,VA,Rockbridge,4503.1626
51165,VA,Rockingham,16615.396
51167,VA,Russell,1533.7352
51169,VA,Scott,2456.1011
51171,VA,Shenandoah,2906.8564
51173,VA,Smyth,3913.8618
51175,VA,Southampton,4170.7129
51177,VA,Spotsylvania,28676.072
51179,VA,Stafford,33223.422
51181,VA,Surry,2111.1604
51183,VA,Sussex,6463.229
51185,VA,Tazewell,8591.1963
51187,VA,Warren,4459.5034
51191,VA,Washington,6273.9141
51193,VA,Westmoreland,1012.9608
51195,VA,Wise,3456.136
51197,VA,Wythe,1165.9022
51199,VA,York,20778.961
51515,VA,Bedford,539.65869
51520,VA,Bristol,4843.752
51530,VA,Buena Vista,6102.9409
51540,VA,Charlottesville,3192.3792
51550,VA,Chesapeake,45111.953
51570,VA,Colonial Heights,3198.709
51580,VA,Covington,1240.2958
51590,VA,Danville,5596.7549
51595,VA,Emporia,55.988041
51600,VA,Fairfax,603.94885
51620,VA,Franklin,5025.1294
51630,VA,Fredericksburg,2115.1399
51640,VA,Galax,206.04807
51650,VA,Hampton,41215.75
51660,VA,Harrisonburg,1294.4266
51670,VA,Hopewell,8232.6406
51678,VA,Lexington,434.15002
51680,VA,Lynchburg,12529.693
51683,VA,Manassas,2114.3809
51685,VA,Manassas Park,5320.7603
51690,VA,Martinsville,3151.6165
51700,VA,Newport News,40758.594
51710,VA,Norfolk,48194.113
51720,VA,Norton,252.20328
51730,VA,Petersburg,11993.236
51735,VA,Poquoson,5211.7163
51740,VA,Portsmouth,16355.997
51750,VA,Radford,2599.9456
51760,VA,Richmond,43858.25
51770,VA,Roanoke,17852.414
51775,VA,Salem,10430.978
51790,VA,Staunton,1352.6189
51800,VA,Suffolk,18259.143
51810,VA,Virginia Beach,71829.117
51820,VA,Waynesboro,2565.4141
51830,VA,Williamsburg,2213.345
51840,VA,Winchester,4313.939
53001,WA,Adams,2988.2249
53003,WA,Asotin,4079.1155
53005,WA,Benton,32502.84
53007,WA,Chelan,14893.76
53009,WA,Clallam,17164.697
53011,WA,Clark,87200.664
53013,WA,Columbia,1080.4818
53015,WA,Cowlitz,23078.674
53017,WA,Douglas,16379.479
53019,WA,Ferry,3669.2905
53021,WA,Franklin,18841.936
53023,WA,Garfield,2256.6118
53025,WA,Grant,19379.148
53027,WA,Grays Harbor,23669.656
53029,WA,Island,19289.088
53031,WA,Jefferson,6830.5239
53033,WA,King,317784.5
53035,WA,Kitsap,82378.672
53037,WA,Kittitas,8925.458
53039,WA,Klickitat,7259.9731
53041,WA,Lewis,17642.217
53043,WA,Lincoln,5996.3115
53045,WA,Mason,5277.9429
53047,WA,Okanogan,7261.6484
53049,WA,Pacific,7100.603
53051,WA,Pend Oreille,4404.1929
53053,WA,Pierce,260286.78
53055,WA,San Juan,38
53057,WA,Skagit,30162.873
53059,WA,Skamania,475.16016
53061,WA,Snohomish,164801.34
53063,WA,Spokane,74391.219
53065,WA,Stevens,12942.729
53067,WA,Thurston,78865.688
53069,WA,Wahkiakum,3197.688
53071,WA,Walla Walla,12186.251
53073,WA,Whatcom,57079.832
53075,WA,Whitman,9287.2432
53077,WA,Yakima,32417.387
54001,WV,Barbour,1069.0579
54003,WV,Berkeley,22139.805
54005,WV,Boone,1616.3091
54007,WV,Braxton,2769.7117
54009,WV,Brooke,5402.7886
54011,WV,Cabell,12920.298
54013,WV,Calhoun,1169.782
54015,WV,Clay,1730.709
54017,WV,Doddridge,364.65247
54019,WV,Fayette,6936.5317
54021,WV,Gilmer,485.54764
54023,WV,Grant,2551.2813
54025,WV,Greenbrier,6493.7866
54027,WV,Hampshire,8270.2568
54029,WV,Hancock,8677.3369
54031,WV,Hardy,4740.1396
54033,WV,Harrison,8457.2783
54035,WV,Jackson,3265.2869
54037,WV,Jefferson,2347.8452
54039,WV,Kanawha,46874.898
54041,WV,Lewis,881.39722
54043,WV,Lincoln,9.6562586
54045,WV,Logan,2027.3905
54047,WV,McDowell,251.43556
54049,WV,Marion,8777.0391
54051,WV,Marshall,7895.0347
54053,WV,Mason,5027.8701
54055,WV,Mercer,12510.476
54057,WV,Mineral,3343.2461
54059,WV,Mingo,1389.4355
54061,WV,Monongalia,20608.641
54063,WV,Monroe,1648.4609
54065,WV,Morgan,3394.0737
54067,WV,Nicholas,1716.2557
54069,WV,Ohio,11266.969
54071,WV,Pendleton,2985.4475
54073,WV,Pleasants,542.26447
54075,WV,Pocahontas,3928.5642
54077,WV,Preston,7494.4448
54079,WV,Putnam,11851.312
54081,WV,Raleigh,25837.053
54083,WV,Randolph,2609.4412
54085,WV,Ritchie,1202.3877
54087,WV,Roane,2382.0925
54089,WV,Summers,1580.7866
54091,WV,Taylor,425.02026
54093,WV,Tucker,247.46147
54095,WV,Tyler,967.02295
54097,WV,Upshur,1569.4602
54099,WV,Wayne,5442.312
54101,WV,Webster,119.71548
54103,WV,Wetzel,7175.7856
54105,WV,Wirt,18.876017
54107,WV,Wood,18520.805
54109,WV,Wyoming,1980.916
55001,WI,Adams,1946.5656
55003,WI,Ashland,4576.959
55005,WI,Barron,3617.8699
55007,WI,Bayfield,4613.0771
55009,WI,Brown,56961.105
55011,WI,Buffalo,3176.2922
55013,WI,Burnett,1260.0317
55015,WI,Calumet,12278.42
55017,WI,Chippewa,9248.2285
55019,WI,Clark,1492.2825
55021,WI,Columbia,3528.425
55023,WI,Crawford,2122.9636
55025,WI,Dane,98625.906
55027,WI,Dodge,11447.245
55029,WI,Door,2612.4741
55031,WI,Douglas,13984.911
55033,WI,Dunn,6482.0981
55035,WI,Eau Claire,22573.082
55037,WI,Florence,527.27783
55039,WI,Fond du Lac,21384.271
55041,WI,Forest,3495.8545
55043,WI,Grant,5782.2788
55045,WI,Green,5301.4165
55047,WI,Green Lake,3789.0461
55049,WI,Iowa,4808.7759
55051,WI,Iron,1136.7742
55053,WI,Jackson,6749.6182
55055,WI,Jefferson,6377.5381
55057,WI,Juneau,5657.2769
55059,WI,Kenosha,40347.09
55061,WI,Kewaunee,119.147
55063,WI,La Crosse,24962.352
55065,WI,Lafayette,2589.3262
55067,WI,Langlade,6023.104
55069,WI,Lincoln,3734.3789
55071,WI,Manitowoc,13762.875
55073,WI,Marathon,30170.855
55075,WI,Marinette,10964.161
55077,WI,Marquette,267.98138
55078,WI,Menominee,928.3147
55079,WI,Milwaukee,84255.047
55081,WI,Monroe,7777.1812
55083,WI,Oconto,4266.814
55085,WI,Oneida,3440.8025
55087,WI,Outagamie,20561.959
55089,WI,Ozaukee,25504.16
55093,WI,Pierce,7847.228
55095,WI,Polk,907.47272
55097,WI,Portage,13164.741
55099,WI,Price,1632.5717
55101,WI,Racine,59628.668
55103,WI,Richland,3677.4321
55105,WI,Rock,46350.801
55107,WI,Rusk,4942.1011
55109,WI,St. Croix,10778.022
55111,WI,Sauk,3554.29
55113,WI,Sawyer,3275.3098
55115,WI,Shawano,4105.0776
55117,WI,Sheboygan,10748.978
55119,WI,Taylor,4224.855
55121,WI,Trempealeau,333.77167
55123,WI,Vernon,4501.2905
55125,WI,Vilas,1382.8417
55127,WI,Walworth,28471.557
55129,WI,Washburn,2822.1125
55131,WI,Washington,25036.824
55133,WI,Waukesha,139440.97
55135,WI,Waupaca,6215.2568
55137,WI,Waushara,400.71375
55139,WI,Winnebago,34475.395
55141,WI,Wood,17934.344
56001,WY,Albany,13449.747
56003,WY,Big Horn,2176.4231
56005,WY,Campbell,10762.158
56007,WY,Carbon,8588.9883
56009,WY,Converse,1740.297
56011,WY,Crook,1795.5769
56013,WY,Fremont,5269.6006
56015,WY,Goshen,3457.6907
56017,WY,Hot Springs,394.14984
56019,WY,Johnson,1713.58
56021,WY,Laramie,31924.453
56023,WY,Lincoln,2478.6284
56025,WY,Natrona,32267.1
56027,WY,Niobrara,544.73419
56029,WY,Park,5818.2109
56031,WY,Platte,1798.8391
56033,WY,Sheridan,12976.661
56035,WY,Sublette,1943.2678
56037,WY,Sweetwater,18934.738
56039,WY,Teton,6212.3906
56041,WY,Uinta,4686.0176
56043,WY,Washakie,931.41162
56045,WY,Weston,1237.2671
