CountyFIPS,state,county,snapspth17
01001,AL,Autauga,.80474681
01003,AL,Baldwin,.89083594
01005,AL,Barbour,1.4246142
01007,AL,Bibb,.80142343
01009,AL,Blount,.69237357
01011,AL,Bullock,.9861933
01013,AL,Butler,1.2568306
01015,AL,Calhoun,1.1854124
01017,AL,Chambers,1.0579499
01019,AL,Cherokee,1.0603189
01021,AL,Chilton,.96444052
01023,AL,Choctaw,1.1136861
01025,AL,Clarke,1.5017509
01027,AL,Clay,.83539063
01029,AL,Cleburne,.81655478
01031,AL,Coffee,.82250583
01033,AL,Colbert,1.1559633
01035,AL,Conecuh,1.2698158
01037,AL,Coosa,.65092057
01039,AL,Covington,1.4580863
01041,AL,Crenshaw,1.4298416
01043,AL,Cullman,.89521277
01045,AL,Dale,1.0428094
01047,AL,Dallas,1.1135194
01049,AL,DeKalb,1.143816
01051,AL,Elmore,.81826383
01053,AL,Escambia,1.1238105
01055,AL,Etowah,1.0559096
01057,AL,Fayette,.8501336
01059,AL,Franklin,1.0504313
01061,AL,Geneva,1.1953875
01063,AL,Greene,1.7807122
01065,AL,Hale,.96205777
01067,AL,Henry,.73385042
01069,AL,Houston,1.3097452
01071,AL,Jackson,.94877577
01073,AL,Jefferson,.86380351
01075,AL,Lamar,.95606863
01077,AL,Lauderdale,1.0058931
01079,AL,Lawrence,.82453328
01081,AL,Lee,.62189054
01083,AL,Limestone,.71855825
01085,AL,Lowndes,1.3150059
01087,AL,Macon,.9597441
01089,AL,Madison,.72890067
01091,AL,Marengo,1.1784946
01093,AL,Marion,.759785
01095,AL,Marshall,1.0535717
01097,AL,Mobile,1.1698132
01099,AL,Monroe,1.2503712
01101,AL,Montgomery,.94236535
01103,AL,Morgan,.99311554
01105,AL,Perry,1.1867795
01107,AL,Pickens,1.2225747
01109,AL,Pike,1.1297482
01111,AL,Randolph,.90795469
01113,AL,Russell,1.088322
01115,AL,St. Clair,.83995664
01117,AL,Shelby,.58402193
01119,AL,Sumter,1.5698484
01121,AL,Talladega,1.1938217
01123,AL,Tallapoosa,1.0262777
01125,AL,Tuscaloosa,.78597057
01127,AL,Walker,1.1369904
01129,AL,Washington,1.0082068
01131,AL,Wilcox,1.7803278
01133,AL,Winston,1.053874
02013,AK,Aleutians East,1.4836795
02016,AK,Aleutians West,.6651628
02020,AK,Anchorage,.39889342
02050,AK,Bethel,2.8536918
02060,AK,Bristol Bay,2.3068051
02068,AK,Denali,.040180005
02070,AK,Dillingham,1.6220601
02090,AK,Fairbanks North Star,.25910288
02100,AK,Haines,1.1876484
02110,AK,Juneau,.37390167
02122,AK,Kenai Peninsula,.6241079
02130,AK,Ketchikan Gateway,.79387993
02150,AK,Kodiak Island,.63826096
02164,AK,Lake and Peninsula,5.5555553
02170,AK,Matanuska-Susitna,.3660872
02180,AK,Nome,2.5115075
02185,AK,North Slope,1.2182239
02188,AK,Northwest Arctic,2.6678813
02195,AK,Petersburg,.30478513
02198,AK,Prince of Wales-Hyder,.3104144
02220,AK,Sitka,.35485479
02240,AK,Southeast Fairbanks,.85898179
02261,AK,Valdez-Cordova,1.5358914
02282,AK,Yakutat,3.3057852
02290,AK,Yukon-Koyukuk,5.9024544
04001,AZ,Apache,.64240426
04003,AZ,Cochise,.74946296
04005,AZ,Coconino,.6612159
04007,AZ,Gila,.83643299
04009,AZ,Graham,.65170199
04011,AZ,Greenlee,1.0664551
04012,AZ,La Paz,1.7029917
04013,AZ,Maricopa,.48118973
04015,AZ,Mohave,.7275579
04017,AZ,Navajo,.85661489
04019,AZ,Pima,.5901463
04021,AZ,Pinal,.38137895
04023,AZ,Santa Cruz,.5896737
04025,AZ,Yavapai,.64060986
04027,AZ,Yuma,.53364748
05001,AR,Arkansas,1.0574943
05003,AR,Ashley,.96961331
05005,AR,Baxter,.81811953
05007,AR,Benton,.5157091
05009,AR,Boone,.79362959
05011,AR,Bradley,.94348305
05013,AR,Calhoun,.76234037
05015,AR,Carroll,.68887776
05017,AR,Chicot,1.2536041
05019,AR,Clark,.76257122
05021,AR,Clay,.83221626
05023,AR,Cleburne,.89494836
05025,AR,Cleveland,.48768592
05027,AR,Columbia,.81827289
05029,AR,Conway,1.0558106
05031,AR,Craighead,.9094587
05033,AR,Crawford,.69845706
05035,AR,Crittenden,1.3504274
05037,AR,Cross,1.1119018
05039,AR,Dallas,1.6006132
05041,AR,Desha,1.2892441
05043,AR,Drew,1.0244244
05045,AR,Faulkner,.59440053
05047,AR,Franklin,.85708964
05049,AR,Fulton,.62906122
05051,AR,Garland,.80581403
05053,AR,Grant,.6376732
05055,AR,Greene,.85824841
05057,AR,Hempstead,.85387981
05059,AR,Hot Spring,.85383528
05061,AR,Howard,1.2736806
05063,AR,Independence,.74658704
05065,AR,Izard,.92552
05067,AR,Jackson,1.1185682
05069,AR,Jefferson,1.132171
05071,AR,Johnson,.84425527
05073,AR,Lafayette,1.0201107
05075,AR,Lawrence,1.114473
05077,AR,Lee,1.316841
05079,AR,Lincoln,.70838827
05081,AR,Little River,1.051865
05083,AR,Logan,.85934383
05085,AR,Lonoke,.70418024
05087,AR,Madison,.63243365
05089,AR,Marion,.61378944
05091,AR,Miller,1.0685704
05093,AR,Mississippi,1.1108739
05095,AR,Monroe,2.5876265
05097,AR,Montgomery,.67272115
05099,AR,Nevada,.90068454
05101,AR,Newton,.8303526
05103,AR,Ouachita,1.3092844
05105,AR,Perry,.39460123
05107,AR,Phillips,1.5749515
05109,AR,Pike,1.398471
05111,AR,Poinsett,1.1626784
05113,AR,Polk,.82844549
05115,AR,Pope,.6448918
05117,AR,Prairie,.95982867
05119,AR,Pulaski,.80804288
05121,AR,Randolph,.77841699
05123,AR,St. Francis,1.2469469
05125,AR,Saline,.5992139
05127,AR,Scott,1.0052657
05129,AR,Searcy,1.0288066
05131,AR,Sebastian,.91980404
05133,AR,Sevier,1.1393515
05135,AR,Sharp,.94386631
05137,AR,Stone,.6912871
05139,AR,Union,.83018583
05141,AR,Van Buren,.8330304
05143,AR,Washington,.69397748
05145,AR,White,.93440992
05147,AR,Woodruff,1.5218384
05149,AR,Yell,1.1615481
06001,CA,Alameda,.50565481
06005,CA,Amador,.77883637
06007,CA,Butte,.81481999
06009,CA,Calaveras,.93606305
06011,CA,Colusa,1.0395169
06013,CA,Contra Costa,.4442502
06015,CA,Del Norte,.97985679
06017,CA,El Dorado,.5732317
06019,CA,Fresno,.8978979
06021,CA,Glenn,1.1390332
06023,CA,Humboldt,.93964344
06025,CA,Imperial,.63355756
06027,CA,Inyo,.91072154
06029,CA,Kern,.78890198
06031,CA,Kings,.74005723
06033,CA,Lake,.94947547
06035,CA,Lassen,.75142533
06037,CA,Los Angeles,.60144919
06039,CA,Madera,.85250813
06041,CA,Marin,.41609985
06043,CA,Mariposa,.51226592
06045,CA,Mendocino,1.0452408
06047,CA,Merced,.84197313
06049,CA,Modoc,1.2134552
06051,CA,Mono,.63523436
06053,CA,Monterey,.61733049
06055,CA,Napa,.45280537
06057,CA,Nevada,.57440174
06059,CA,Orange,.43646565
06061,CA,Placer,.54510236
06063,CA,Plumas,1.3250098
06065,CA,Riverside,.48529547
06067,CA,Sacramento,.61380553
06069,CA,San Benito,.42834246
06071,CA,San Bernardino,.63065767
06073,CA,San Diego,.49068442
06075,CA,San Francisco,.49338713
06077,CA,San Joaquin,.68954045
06079,CA,San Luis Obispo,.53104216
06081,CA,San Mateo,.3376933
06083,CA,Santa Barbara,.53125811
06085,CA,Santa Clara,.38731033
06087,CA,Santa Cruz,.56754273
06089,CA,Shasta,.92170084
06091,CA,Sierra,1.0003334
06093,CA,Siskiyou,1.1781787
06095,CA,Solano,.51576132
06097,CA,Sonoma,.5987832
06099,CA,Stanislaus,.82405698
06101,CA,Sutter,.89327592
06103,CA,Tehama,.93467444
06105,CA,Trinity,1.6458153
06107,CA,Tulare,.96000731
06109,CA,Tuolumne,.73889053
06111,CA,Ventura,.50728363
06113,CA,Yolo,.67506099
06115,CA,Yuba,.88167965
08001,CO,Adams,.46820107
08003,CO,Alamosa,.9465692
08005,CO,Arapahoe,.43153587
08007,CO,Archuleta,.83865315
08009,CO,Baca,1.1229646
08011,CO,Bent,.6736275
08013,CO,Boulder,.37879494
08014,CO,Broomfield,.31703761
08015,CO,Chaffee,.78079915
08017,CO,Cheyenne,.85817528
08019,CO,Clear Creek,.67021793
08021,CO,Conejos,.95715219
08023,CO,Costilla,2.3834746
08025,CO,Crowley,.5163511
08027,CO,Custer,.76938862
08029,CO,Delta,.40892437
08031,CO,Denver,.48418465
08033,CO,Dolores,.96758586
08035,CO,Douglas,.26618034
08037,CO,Eagle,.32863507
08039,CO,Elbert,.14299457
08041,CO,El Paso,.43082982
08043,CO,Fremont,.32240656
08045,CO,Garfield,.62586689
08047,CO,Gilpin,.16630633
08049,CO,Grand,.52759826
08051,CO,Gunnison,.55099672
08053,CO,Hinsdale,2.4139378
08055,CO,Huerfano,1.4134895
08057,CO,Jackson,1.4440433
08059,CO,Jefferson,.40607041
08061,CO,Kiowa,1.4534883
08063,CO,Kit Carson,1.2573345
08065,CO,Lake,.89997429
08067,CO,La Plata,.43473828
08069,CO,Larimer,.30452707
08071,CO,Las Animas,.81355059
08073,CO,Lincoln,1.3823777
08075,CO,Logan,.32730484
08077,CO,Mesa,.50951087
08079,CO,Mineral,1.4142733
08081,CO,Moffat,.83771229
08083,CO,Montezuma,.79380262
08085,CO,Montrose,.53250051
08087,CO,Morgan,.89268821
08089,CO,Otero,.84124559
08091,CO,Ouray,.62578225
08093,CO,Park,.27925161
08095,CO,Phillips,.56306309
08097,CO,Pitkin,.2235886
08099,CO,Prowers,1.0770506
08101,CO,Pueblo,.68528807
08103,CO,Rio Blanco,1.4018692
08105,CO,Rio Grande,1.6370233
08107,CO,Routt,.51876819
08109,CO,Saguache,.60368246
08111,CO,San Juan,1.3986014
08113,CO,San Miguel,.60666919
08115,CO,Sedgwick,.60437995
08117,CO,Summit,.52313226
08119,CO,Teller,.69991076
08121,CO,Washington,.40502226
08123,CO,Weld,.38516292
08125,CO,Yuma,.99255586
09001,CT,Fairfield,.44266838
09003,CT,Hartford,.71430856
09005,CT,Litchfield,.52833235
09007,CT,Middlesex,.59512883
09009,CT,New Haven,.70807207
09011,CT,New London,.67525792
09013,CT,Tolland,.49242598
09015,CT,Windham,.76559043
10001,DE,Kent,.72765386
10003,DE,New Castle,.71782488
10005,DE,Sussex,.85803133
11001,DC,District of Columbia,.52727872
12001,FL,Alachua,.7748192
12003,FL,Baker,1.1225824
12005,FL,Bay,1.1086112
12007,FL,Bradford,1.1157137
12009,FL,Brevard,.79293412
12011,FL,Broward,.52917421
12013,FL,Calhoun,.69621855
12015,FL,Charlotte,.61161071
12017,FL,Citrus,.88341445
12019,FL,Clay,.61646956
12021,FL,Collier,.57167631
12023,FL,Columbia,1.2629528
12027,FL,DeSoto,.78445733
12029,FL,Dixie,1.0246106
12031,FL,Duval,.9558242
12033,FL,Escambia,.95769858
12035,FL,Flagler,.56782192
12037,FL,Franklin,1.4496461
12039,FL,Gadsden,1.1395454
12041,FL,Gilchrist,.85479718
12043,FL,Glades,.47864863
12045,FL,Gulf,1.1602722
12047,FL,Hamilton,1.5451683
12049,FL,Hardee,1.0610095
12051,FL,Hendry,.92943716
12053,FL,Hernando,.64235544
12055,FL,Highlands,.84724075
12057,FL,Hillsborough,.72739464
12059,FL,Holmes,1.1248595
12061,FL,Indian River,.72762764
12063,FL,Jackson,1.0242085
12065,FL,Jefferson,1.2195984
12067,FL,Lafayette,.82830435
12069,FL,Lake,.72443455
12071,FL,Lee,.66229361
12073,FL,Leon,.7719239
12075,FL,Levy,1.2018337
12077,FL,Liberty,1.1020788
12079,FL,Madison,1.4092904
12081,FL,Manatee,.65941161
12083,FL,Marion,.90493566
12085,FL,Martin,.70085812
12086,FL,Miami-Dade,.5048824
12087,FL,Monroe,.94139951
12089,FL,Nassau,.74749255
12091,FL,Okaloosa,.77679789
12093,FL,Okeechobee,1.119657
12095,FL,Orange,.68131977
12097,FL,Osceola,.66774565
12099,FL,Palm Beach,.51586628
12101,FL,Pasco,.63541228
12103,FL,Pinellas,.78917247
12105,FL,Polk,.79365891
12107,FL,Putnam,1.2806727
12109,FL,St. Johns,.51747519
12111,FL,St. Lucie,.62704808
12113,FL,Santa Rosa,.64458627
12115,FL,Sarasota,.59231389
12117,FL,Seminole,.60717863
12119,FL,Sumter,.53662497
12121,FL,Suwannee,1.2257675
12123,FL,Taylor,1.3740668
12125,FL,Union,.77334535
12127,FL,Volusia,.81911373
12129,FL,Wakulla,.92102534
12131,FL,Walton,.65446943
12133,FL,Washington,.9056865
13001,GA,Appling,1.2373343
13003,GA,Atkinson,1.3386079
13005,GA,Bacon,1.487175
13007,GA,Baker,1.25
13009,GA,Baldwin,1.2396265
13011,GA,Banks,.97939253
13013,GA,Barrow,.66720635
13015,GA,Bartow,1.0423211
13017,GA,Ben Hill,1.5886091
13019,GA,Berrien,1.3508114
13021,GA,Bibb,1.3988652
13023,GA,Bleckley,1.0002598
13025,GA,Brantley,1.2412578
13027,GA,Brooks,1.3686619
13029,GA,Bryan,.88819933
13031,GA,Bulloch,1.123893
13033,GA,Burke,1.2025279
13035,GA,Butts,1.194979
13037,GA,Calhoun,.77459335
13039,GA,Camden,.86249149
13043,GA,Candler,1.8755209
13045,GA,Carroll,1.0617198
13047,GA,Catoosa,1.0255446
13049,GA,Charlton,1.2583562
13051,GA,Chatham,.97475278
13053,GA,Chattahoochee,.38673499
13055,GA,Chattooga,1.2279639
13057,GA,Cherokee,.47494408
13059,GA,Clarke,.88210142
13061,GA,Clay,1.4629755
13063,GA,Clayton,.89834815
13065,GA,Clinch,1.5608741
13067,GA,Cobb,.5421738
13069,GA,Coffee,1.3813332
13071,GA,Colquitt,1.3635868
13073,GA,Columbia,.54646969
13075,GA,Cook,1.3650132
13077,GA,Coweta,.67137623
13079,GA,Crawford,.68456012
13081,GA,Crisp,1.8436254
13083,GA,Dade,1.6886705
13085,GA,Dawson,1.1485295
13087,GA,Decatur,1.6875031
13089,GA,DeKalb,.72374976
13091,GA,Dodge,1.1095031
13093,GA,Dooly,1.3770596
13095,GA,Dougherty,1.4403775
13097,GA,Douglas,.78652412
13099,GA,Early,1.5540016
13101,GA,Echols,.9950881
13103,GA,Effingham,.58211911
13105,GA,Elbert,1.1164024
13107,GA,Emanuel,1.4573162
13109,GA,Evans,1.941222
13111,GA,Fannin,.76020849
13113,GA,Fayette,.58122832
13115,GA,Floyd,1.088482
13117,GA,Forsyth,.41636142
13119,GA,Franklin,1.3803681
13121,GA,Fulton,.61350352
13123,GA,Gilmer,.76068765
13125,GA,Glascock,1.3063357
13127,GA,Glynn,1.2185065
13129,GA,Gordon,1.1911227
13131,GA,Grady,1.0677304
13133,GA,Greene,1.4900758
13135,GA,Gwinnett,.55944335
13137,GA,Habersham,1.2228779
13139,GA,Hall,.87081212
13141,GA,Hancock,1.5769186
13143,GA,Haralson,1.1934874
13145,GA,Harris,.68799448
13147,GA,Hart,.96598691
13149,GA,Heard,.66069907
13151,GA,Henry,.68530154
13153,GA,Houston,.90294653
13155,GA,Irwin,.9121502
13157,GA,Jackson,.84420681
13159,GA,Jasper,.71612716
13161,GA,Jeff Davis,1.264559
13163,GA,Jefferson,1.7094836
13165,GA,Jenkins,1.4448119
13167,GA,Johnson,1.1323389
13169,GA,Jones,.58541155
13171,GA,Lamar,.86026132
13173,GA,Lanier,.96722621
13175,GA,Laurens,1.4965843
13177,GA,Lee,.85680354
13179,GA,Liberty,1.0330803
13181,GA,Lincoln,.97292721
13183,GA,Long,.43389082
13185,GA,Lowndes,1.0967855
13187,GA,Lumpkin,.62614709
13189,GA,McDuffie,1.4613763
13191,GA,McIntosh,1.1933457
13193,GA,Macon,1.48966
13195,GA,Madison,1.0920756
13197,GA,Marion,.94674557
13199,GA,Meriwether,1.235213
13201,GA,Miller,1.7129154
13205,GA,Mitchell,1.4093248
13207,GA,Monroe,.90362555
13209,GA,Montgomery,1.5963533
13211,GA,Morgan,1.2310811
13213,GA,Murray,1.1940074
13215,GA,Muscogee,.99111265
13217,GA,Newton,.7556271
13219,GA,Oconee,.56756425
13221,GA,Oglethorpe,.57695323
13223,GA,Paulding,.45261165
13225,GA,Peach,1.3284624
13227,GA,Pickens,.77033472
13229,GA,Pierce,1.2128589
13231,GA,Pike,.64500195
13233,GA,Polk,1.4197458
13235,GA,Pulaski,1.4061245
13237,GA,Putnam,1.3077159
13239,GA,Quitman,.84817642
13241,GA,Rabun,.91856402
13243,GA,Randolph,1.96702
13245,GA,Richmond,1.0241163
13247,GA,Rockdale,.83229989
13249,GA,Schley,.51154166
13251,GA,Screven,1.6364461
13253,GA,Seminole,1.517527
13255,GA,Spalding,1.0056592
13257,GA,Stephens,1.2070297
13259,GA,Stewart,1.0582011
13261,GA,Sumter,1.468601
13263,GA,Talbot,.78679258
13265,GA,Taliaferro,1.9963145
13267,GA,Tattnall,1.0756296
13269,GA,Taylor,1.4021944
13271,GA,Telfair,1.3967936
13273,GA,Terrell,1.1837934
13275,GA,Thomas,1.5632328
13277,GA,Tift,1.8371184
13279,GA,Toombs,1.5000556
13281,GA,Towns,1.4774899
13283,GA,Treutlen,1.6938674
13285,GA,Troup,1.1965151
13287,GA,Turner,2.1877487
13289,GA,Twiggs,1.2743659
13291,GA,Union,.96622479
13293,GA,Upson,1.304126
13295,GA,Walker,.94890654
13297,GA,Walton,.84697962
13299,GA,Ware,1.5704422
13301,GA,Warren,1.131435
13303,GA,Washington,1.1897143
13305,GA,Wayne,1.1822115
13307,GA,Webster,.67178506
13309,GA,Wheeler,.6497317
13311,GA,White,.74695277
13313,GA,Whitfield,1.1856077
13315,GA,Wilcox,.99431819
13317,GA,Wilkes,1.625893
13319,GA,Wilkinson,1.6556908
13321,GA,Worth,.99433434
15001,HI,Hawaii,.81053925
15003,HI,Honolulu,.5645746
15007,HI,Kauai,.582048
15009,HI,Maui,.6871767
16001,ID,Ada,.50344861
16003,ID,Adams,1.0851218
16005,ID,Bannock,.66651809
16007,ID,Bear Lake,.66356999
16009,ID,Benewah,.47183508
16011,ID,Bingham,.54071313
16013,ID,Blaine,.42378011
16015,ID,Boise,1.0631001
16017,ID,Bonner,.59687787
16019,ID,Bonneville,.60939252
16021,ID,Boundary,.67102838
16023,ID,Butte,1.1529592
16025,ID,Camas,.90744102
16027,ID,Canyon,.5026173
16029,ID,Caribou,.85299969
16031,ID,Cassia,.6761325
16035,ID,Clearwater,.81909662
16037,ID,Custer,1.4381591
16039,ID,Elmore,.62135732
16041,ID,Franklin,.18431142
16043,ID,Fremont,.59187412
16045,ID,Gem,.79118478
16047,ID,Gooding,.66120076
16049,ID,Idaho,.94182092
16051,ID,Jefferson,.27244604
16053,ID,Jerome,.76184028
16055,ID,Kootenai,.59630668
16057,ID,Latah,.57627606
16059,ID,Lemhi,.93121696
16061,ID,Lewis,1.286339
16063,ID,Lincoln,.51711172
16065,ID,Madison,.21290548
16067,ID,Minidoka,.28944957
16069,ID,Nez Perce,.83776981
16071,ID,Oneida,1.0541375
16073,ID,Owyhee,.88865954
16075,ID,Payette,.82202601
16077,ID,Power,.65789473
16079,ID,Shoshone,.86376441
16081,ID,Teton,.35146296
16083,ID,Twin Falls,.68135893
16085,ID,Valley,.87333518
16087,ID,Washington,.81513685
17001,IL,Adams,.77502996
17003,IL,Alexander,1.1084719
17005,IL,Bond,.82605618
17007,IL,Boone,.64314592
17009,IL,Brown,.59559262
17011,IL,Bureau,.66680706
17013,IL,Calhoun,.51727706
17015,IL,Carroll,.84378016
17017,IL,Cass,1.2061841
17019,IL,Champaign,.70559078
17021,IL,Christian,1.0397156
17023,IL,Clark,.75579798
17025,IL,Clay,1.0550908
17027,IL,Clinton,1.0124776
17029,IL,Coles,.7374773
17031,IL,Cook,.61421448
17033,IL,Crawford,.80428249
17035,IL,Cumberland,.87856007
17037,IL,DeKalb,.59914261
17039,IL,De Witt,.96704721
17041,IL,Douglas,1.084498
17043,IL,DuPage,.46077886
17045,IL,Edgar,.6925208
17047,IL,Edwards,1.516086
17049,IL,Effingham,.90091407
17051,IL,Fayette,.76126206
17053,IL,Ford,.85341364
17055,IL,Franklin,1.1078098
17057,IL,Fulton,.82597548
17059,IL,Gallatin,.39370078
17061,IL,Greene,.98679215
17063,IL,Grundy,.58975476
17065,IL,Hamilton,.97632414
17067,IL,Hancock,1.054384
17069,IL,Hardin,.94743782
17071,IL,Henderson,.73583519
17073,IL,Henry,.82441348
17075,IL,Iroquois,.91177595
17077,IL,Jackson,.85500878
17079,IL,Jasper,.73084152
17081,IL,Jefferson,.89272463
17083,IL,Jersey,.59249806
17085,IL,Jo Daviess,.60201907
17087,IL,Johnson,.80103362
17089,IL,Kane,.47506204
17091,IL,Kankakee,.93137479
17093,IL,Kendall,.37237161
17095,IL,Knox,.8409363
17097,IL,Lake,.48600847
17099,IL,LaSalle,.87295312
17101,IL,Lawrence,.68035626
17103,IL,Lee,.85740858
17105,IL,Livingston,1.0474286
17107,IL,Logan,.73801792
17109,IL,McDonough,.90841258
17111,IL,McHenry,.39089206
17113,IL,McLean,.69601643
17115,IL,Macon,.93729424
17117,IL,Macoupin,.8526603
17119,IL,Madison,.81440794
17121,IL,Marion,1.04436
17123,IL,Marshall,1.3640239
17125,IL,Mason,.91748697
17127,IL,Massac,.90630227
17129,IL,Menard,.73499388
17131,IL,Mercer,.97643745
17133,IL,Monroe,.42525735
17135,IL,Montgomery,1.1172861
17137,IL,Morgan,.95912975
17139,IL,Moultrie,.65813363
17141,IL,Ogle,.82088137
17143,IL,Peoria,.82827443
17145,IL,Perry,.71646702
17147,IL,Piatt,.69930071
17149,IL,Pike,1.3273498
17151,IL,Pope,.92485547
17153,IL,Pulaski,1.8152114
17155,IL,Putnam,.88760841
17157,IL,Randolph,.98181331
17159,IL,Richland,.75466955
17161,IL,Rock Island,.8724196
17163,IL,St. Clair,.82165301
17165,IL,Saline,1.2862003
17167,IL,Sangamon,.88825768
17169,IL,Schuyler,.85287845
17171,IL,Scott,.59976012
17173,IL,Shelby,.75202972
17175,IL,Stark,1.104159
17177,IL,Stephenson,1.0154481
17179,IL,Tazewell,.77325767
17181,IL,Union,.9852941
17183,IL,Vermilion,.94982606
17185,IL,Wabash,.91391766
17187,IL,Warren,1.0630862
17189,IL,Washington,.95628417
17191,IL,Wayne,.84874207
17193,IL,White,1.1658775
17195,IL,Whiteside,.79742688
17197,IL,Will,.49218401
17199,IL,Williamson,.87259388
17201,IL,Winnebago,.88636297
17203,IL,Woodford,.75530648
18001,IN,Adams,.48838672
18003,IN,Allen,.71538335
18005,IN,Bartholomew,.70595646
18007,IN,Benton,.80304968
18009,IN,Blackford,.80021155
18011,IN,Boone,.47058824
18013,IN,Brown,.40461147
18015,IN,Carroll,.55724669
18017,IN,Cass,.85101157
18019,IN,Clark,.81357807
18021,IN,Clay,.94790953
18023,IN,Clinton,.87157428
18025,IN,Crawford,1.056849
18027,IN,Daviess,.81538975
18029,IN,Dearborn,.58302003
18031,IN,Decatur,.91944993
18033,IN,DeKalb,.73147196
18035,IN,Delaware,.85804743
18037,IN,Dubois,.80282593
18039,IN,Elkhart,.71411616
18041,IN,Fayette,.77915174
18043,IN,Floyd,.68335259
18045,IN,Fountain,.97950119
18047,IN,Franklin,.78105426
18049,IN,Fulton,1.0344484
18051,IN,Gibson,1.052339
18053,IN,Grant,1.0327212
18055,IN,Greene,.75105405
18057,IN,Hamilton,.39537045
18059,IN,Hancock,.55011004
18061,IN,Harrison,.74565142
18063,IN,Hendricks,.45463338
18065,IN,Henry,.90250844
18067,IN,Howard,1.0127929
18069,IN,Huntington,.73387092
18071,IN,Jackson,.84882873
18073,IN,Jasper,1.2681755
18075,IN,Jay,.61669451
18077,IN,Jefferson,.93489981
18079,IN,Jennings,.71188974
18081,IN,Johnson,.56964505
18083,IN,Knox,.72428995
18085,IN,Kosciusko,.65230751
18087,IN,LaGrange,.51946843
18089,IN,Lake,.76925981
18091,IN,LaPorte,.81039244
18093,IN,Lawrence,.81205565
18095,IN,Madison,.79023099
18097,IN,Marion,.78212547
18099,IN,Marshall,.79752535
18101,IN,Martin,.75053024
18103,IN,Miami,.85553539
18105,IN,Monroe,.48757479
18107,IN,Montgomery,.86740214
18109,IN,Morgan,.70646793
18111,IN,Newton,.96131164
18113,IN,Noble,.7569052
18115,IN,Ohio,.68634182
18117,IN,Orange,.89656472
18119,IN,Owen,.85576725
18121,IN,Parke,.71064788
18123,IN,Perry,.59395909
18125,IN,Pike,.72112143
18127,IN,Porter,.56956285
18129,IN,Posey,.57302856
18131,IN,Pulaski,1.0371789
18133,IN,Putnam,.78466219
18135,IN,Randolph,.89947301
18137,IN,Ripley,.77643389
18139,IN,Rush,.74596977
18141,IN,St. Joseph,.73739493
18143,IN,Scott,.91118556
18145,IN,Shelby,.56500357
18147,IN,Spencer,.36775523
18149,IN,Starke,.85178876
18151,IN,Steuben,.84096974
18153,IN,Sullivan,.81943506
18155,IN,Switzerland,1.0284219
18157,IN,Tippecanoe,.54218459
18159,IN,Tipton,.56738055
18161,IN,Union,.97222221
18163,IN,Vanderburgh,.77452797
18165,IN,Vermillion,1.0802966
18167,IN,Vigo,.84483552
18169,IN,Wabash,.87724876
18171,IN,Warren,.36580905
18173,IN,Warrick,.43179274
18175,IN,Washington,.6468538
18177,IN,Wayne,.96698648
18179,IN,Wells,.53602058
18181,IN,White,.81327707
18183,IN,Whitley,.63198644
19001,IA,Adair,.9923448
19003,IA,Adams,.90432268
19005,IA,Allamakee,1.1704119
19007,IA,Appanoose,1.1738989
19009,IA,Audubon,1.0905941
19011,IA,Benton,.69547355
19013,IA,Black Hawk,.94862592
19015,IA,Boone,.75517291
19017,IA,Bremer,.83296537
19019,IA,Buchanan,.80181116
19021,IA,Buena Vista,.90336484
19023,IA,Butler,1.0555023
19025,IA,Calhoun,1.026062
19027,IA,Carroll,.80790681
19029,IA,Cass,.89387602
19031,IA,Cedar,.97970486
19033,IA,Cerro Gordo,.93010277
19035,IA,Cherokee,.90579712
19037,IA,Chickasaw,.93016797
19039,IA,Clarke,1.3512553
19041,IA,Clay,.74211502
19043,IA,Clayton,1.0583811
19045,IA,Clinton,.81897467
19047,IA,Crawford,.65959191
19049,IA,Dallas,.56743282
19051,IA,Davis,.81790465
19053,IA,Decatur,1.1111112
19055,IA,Delaware,.40809187
19057,IA,Des Moines,.97885007
19059,IA,Dickinson,.8430723
19061,IA,Dubuque,.71705085
19063,IA,Emmet,.95419848
19065,IA,Fayette,.89664578
19067,IA,Floyd,.94745088
19069,IA,Franklin,1.2216319
19071,IA,Fremont,.95950872
19073,IA,Greene,.89076942
19075,IA,Grundy,.88515908
19077,IA,Guthrie,.89034677
19079,IA,Hamilton,.97033852
19081,IA,Hancock,.74273515
19083,IA,Hardin,1.261145
19085,IA,Harrison,.89016223
19087,IA,Henry,.76356375
19089,IA,Howard,1.1829938
19091,IA,Humboldt,1.097867
19093,IA,Ida,1.383831
19095,IA,Iowa,.92632842
19097,IA,Jackson,.75734103
19099,IA,Jasper,.73265523
19101,IA,Jefferson,.71472514
19103,IA,Johnson,.52945513
19105,IA,Jones,.73042464
19107,IA,Keokuk,1.0177616
19109,IA,Kossuth,.93339556
19111,IA,Lee,.87719297
19113,IA,Linn,.71540654
19115,IA,Louisa,1.110217
19117,IA,Lucas,1.1717834
19119,IA,Lyon,.5936228
19121,IA,Madison,.68694186
19123,IA,Mahaska,.89948279
19125,IA,Marion,.85082817
19127,IA,Marshall,.94734579
19129,IA,Mills,.67471904
19131,IA,Mitchell,1.1522905
19133,IA,Monona,.91533178
19135,IA,Monroe,.89228809
19137,IA,Montgomery,1.1015751
19139,IA,Muscatine,.80068409
19141,IA,O'Brien,1.1291453
19143,IA,Osceola,.59277642
19145,IA,Page,.91960061
19147,IA,Palo Alto,.6415897
19149,IA,Plymouth,.44607455
19151,IA,Pocahontas,1.241601
19153,IA,Polk,.7803582
19155,IA,Pottawattamie,.69692814
19157,IA,Poweshiek,1.0829602
19159,IA,Ringgold,1.1256787
19161,IA,Sac,.75549215
19163,IA,Scott,.86082464
19165,IA,Shelby,.94599241
19167,IA,Sioux,.48288393
19169,IA,Story,.57349253
19171,IA,Tama,1.0112557
19173,IA,Taylor,1.0386317
19175,IA,Union,.96385545
19177,IA,Van Buren,1.5369568
19179,IA,Wapello,1.0367918
19181,IA,Warren,.69938666
19183,IA,Washington,.80786318
19185,IA,Wayne,1.1709903
19187,IA,Webster,.89468652
19189,IA,Winnebago,1.0862378
19191,IA,Winneshiek,.60228044
19193,IA,Woodbury,.81845313
19195,IA,Worth,.91489267
19197,IA,Wright,1.5514184
20001,KS,Allen,1.2314615
20003,KS,Anderson,.63832504
20005,KS,Atchison,.62760228
20007,KS,Barber,.9085623
20009,KS,Barton,.95998889
20011,KS,Bourbon,.68343049
20013,KS,Brown,.81250215
20015,KS,Butler,.54203176
20017,KS,Chase,.74543422
20019,KS,Chautauqua,1.660224
20021,KS,Cherokee,.72499794
20023,KS,Cheyenne,1.1181513
20025,KS,Clark,.99800402
20027,KS,Clay,1.1309375
20029,KS,Cloud,1.001001
20031,KS,Coffey,1.2159534
20033,KS,Comanche,1.6759777
20035,KS,Cowley,.70699358
20037,KS,Crawford,.77923518
20039,KS,Decatur,.69324088
20041,KS,Dickinson,.85528868
20043,KS,Doniphan,.72257453
20045,KS,Douglas,.42634922
20047,KS,Edwards,.69132388
20049,KS,Elk,1.2009608
20051,KS,Ellis,.66227472
20053,KS,Ellsworth,.88204318
20055,KS,Finney,.69661671
20057,KS,Ford,.67382181
20059,KS,Franklin,.71244448
20061,KS,Geary,.65721458
20063,KS,Gove,1.1402508
20065,KS,Graham,1.2024049
20067,KS,Grant,.66436356
20069,KS,Gray,.83920777
20071,KS,Greeley,.80064052
20073,KS,Greenwood,1.1432304
20075,KS,Hamilton,1.5151515
20077,KS,Harper,1.4311271
20079,KS,Harvey,.69235373
20081,KS,Haskell,1.2336541
20083,KS,Hodgeman,1.0857763
20085,KS,Jackson,.65700555
20087,KS,Jefferson,.68866897
20089,KS,Jewell,1.0526316
20091,KS,Johnson,.42373025
20093,KS,Kearny,1.2626263
20095,KS,Kingman,.80389494
20097,KS,Kiowa,1.2072434
20099,KS,Labette,1.1044924
20101,KS,Lane,2.5657473
20103,KS,Leavenworth,.40384734
20105,KS,Lincoln,.65724611
20107,KS,Linn,.89965039
20109,KS,Logan,.70896846
20111,KS,Lyon,.74868232
20113,KS,McPherson,.78665644
20115,KS,Marion,.78563881
20117,KS,Marshall,.85513937
20119,KS,Meade,1.278178
20121,KS,Miami,.41590708
20123,KS,Mitchell,1.1015013
20125,KS,Montgomery,.8958922
20127,KS,Morris,.54995418
20129,KS,Morton,1.0948905
20131,KS,Nemaha,.76596165
20133,KS,Neosho,.99385995
20135,KS,Ness,1.394214
20137,KS,Norton,1.2865282
20139,KS,Osage,.96161973
20141,KS,Osborne,1.3850416
20143,KS,Ottawa,.51168346
20145,KS,Pawnee,.89820361
20147,KS,Phillips,1.1173184
20149,KS,Pottawatomie,.33461604
20151,KS,Pratt,.70702839
20153,KS,Rawlins,1.2014418
20155,KS,Reno,.63056576
20157,KS,Republic,1.0658708
20159,KS,Rice,.94030368
20161,KS,Riley,.39772421
20163,KS,Rooks,1.189768
20165,KS,Rush,1.2890751
20167,KS,Russell,.93998551
20169,KS,Saline,.79932034
20171,KS,Scott,1.3270174
20173,KS,Sedgwick,.60104692
20175,KS,Seward,.77470404
20177,KS,Shawnee,.57523835
20179,KS,Sheridan,1.0882469
20181,KS,Sherman,1.0118043
20183,KS,Smith,1.5448928
20185,KS,Stafford,.49520642
20187,KS,Stanton,.97087377
20189,KS,Stevens,.445474
20191,KS,Sumner,.71966261
20193,KS,Thomas,1.2840267
20195,KS,Trego,1.3291725
20197,KS,Wabaunsee,.67888665
20199,KS,Wallace,.65616798
20201,KS,Washington,1.4585233
20203,KS,Wichita,1.4117647
20205,KS,Wilson,1.3832853
20207,KS,Woodson,1.9065777
20209,KS,Wyandotte,.78499347
21001,KY,Adair,.93661791
21003,KY,Allen,.66880047
21005,KY,Anderson,.66906196
21007,KY,Ballard,1.1299083
21009,KY,Barren,1.0045433
21011,KY,Bath,.96946198
21013,KY,Bell,1.2239408
21015,KY,Boone,.67889053
21017,KY,Bourbon,1.0401584
21019,KY,Boyd,1.0924919
21021,KY,Boyle,.95241278
21023,KY,Bracken,1.0987461
21025,KY,Breathitt,1.4611979
21027,KY,Breckinridge,.97376227
21029,KY,Bullitt,.68227702
21031,KY,Butler,.7598784
21033,KY,Caldwell,1.1868027
21035,KY,Calloway,.74513733
21037,KY,Campbell,.71270508
21039,KY,Carlisle,1.650846
21041,KY,Carroll,1.4935125
21043,KY,Carter,1.3231899
21045,KY,Casey,1.1587301
21047,KY,Christian,.96095586
21049,KY,Clark,.90393758
21051,KY,Clay,1.6080723
21053,KY,Clinton,1.4272739
21055,KY,Crittenden,.76141202
21057,KY,Cumberland,1.4912019
21059,KY,Daviess,.97800893
21061,KY,Edmonson,.89972192
21063,KY,Elliott,1.3514112
21065,KY,Estill,1.0506409
21067,KY,Fayette,.67658716
21069,KY,Fleming,1.2575569
21071,KY,Floyd,1.6496191
21073,KY,Franklin,.93757224
21075,KY,Fulton,1.2112403
21077,KY,Gallatin,.91157705
21079,KY,Garrard,.71810383
21081,KY,Grant,.85387981
21083,KY,Graves,1.1269453
21085,KY,Grayson,1.078104
21087,KY,Green,.6326254
21089,KY,Greenup,.94552994
21091,KY,Hancock,.90898764
21093,KY,Hardin,.76570034
21095,KY,Harlan,1.3227018
21097,KY,Harrison,.80755371
21099,KY,Hart,1.2395372
21101,KY,Henderson,.93806249
21103,KY,Henry,1.2807697
21105,KY,Hickman,.94026548
21107,KY,Hopkins,.96054626
21109,KY,Jackson,1.0547738
21111,KY,Jefferson,.77210724
21113,KY,Jessamine,.70569867
21115,KY,Johnson,1.3794223
21117,KY,Kenton,.70334965
21119,KY,Knott,1.1063153
21121,KY,Knox,1.1288308
21123,KY,Larue,.83890647
21125,KY,Laurel,1.131441
21127,KY,Lawrence,1.1875225
21129,KY,Lee,1.6615931
21131,KY,Leslie,1.6450552
21133,KY,Letcher,1.4138204
21135,KY,Lewis,1.2244796
21137,KY,Lincoln,.96772432
21139,KY,Livingston,1.5014205
21141,KY,Logan,.78529197
21143,KY,Lyon,.64959168
21145,KY,McCracken,.97499424
21147,KY,McCreary,1.044947
21149,KY,McLean,1.1955222
21151,KY,Madison,.92718452
21153,KY,Magoffin,1.5685649
21155,KY,Marion,.84643811
21157,KY,Marshall,.87364304
21159,KY,Martin,1.6299919
21161,KY,Mason,1.5139164
21163,KY,Meade,.76069713
21165,KY,Menifee,1.0973406
21167,KY,Mercer,.77443737
21169,KY,Metcalfe,.81626594
21171,KY,Monroe,1.6808957
21173,KY,Montgomery,1.2263678
21175,KY,Morgan,1.4533414
21177,KY,Muhlenberg,.84912598
21179,KY,Nelson,.78695589
21181,KY,Nicholas,.8532024
21183,KY,Ohio,.74090922
21185,KY,Oldham,.29235363
21187,KY,Owen,.7895959
21189,KY,Owsley,1.4092447
21191,KY,Pendleton,.5032137
21193,KY,Perry,1.7951518
21195,KY,Pike,1.403914
21197,KY,Powell,1.4075211
21199,KY,Pulaski,1.1456087
21201,KY,Robertson,1.4058107
21203,KY,Rockcastle,1.0929452
21205,KY,Rowan,1.0944786
21207,KY,Russell,1.3736521
21209,KY,Scott,.62720585
21211,KY,Shelby,.62384456
21213,KY,Simpson,.82376117
21215,KY,Spencer,.33771005
21217,KY,Taylor,.94548261
21219,KY,Todd,.69427431
21221,KY,Trigg,.83079481
21223,KY,Trimble,.60351205
21225,KY,Union,1.2839742
21227,KY,Warren,.80846494
21229,KY,Washington,.87278026
21231,KY,Wayne,.98555064
21233,KY,Webster,1.4403135
21235,KY,Whitley,1.4819314
21237,KY,Wolfe,1.8584802
21239,KY,Woodford,.67000407
22001,LA,Acadia,1.1769718
22003,LA,Allen,1.0765908
22005,LA,Ascension,.76861763
22007,LA,Assumption,.73988575
22009,LA,Avoyelles,1.5454693
22011,LA,Beauregard,.71761262
22013,LA,Bienville,1.5825878
22015,LA,Bossier,.6907773
22017,LA,Caddo,.87969738
22019,LA,Calcasieu,1.0352606
22021,LA,Caldwell,1.0469012
22023,LA,Cameron,1.1453511
22025,LA,Catahoula,1.2151898
22027,LA,Claiborne,.74101907
22029,LA,Concordia,1.1577569
22031,LA,De Soto,.86259449
22033,LA,East Baton Rouge,.96279961
22035,LA,East Carroll,1.8009168
22037,LA,East Feliciana,.88433272
22039,LA,Evangeline,1.4017444
22041,LA,Franklin,1.2750905
22043,LA,Grant,.62679082
22045,LA,Iberia,1.1060926
22047,LA,Iberville,.86545354
22049,LA,Jackson,.88350374
22051,LA,Jefferson,.8780601
22053,LA,Jefferson Davis,.9795512
22055,LA,Lafayette,.88355982
22057,LA,Lafourche,.71119422
22059,LA,La Salle,.87055516
22061,LA,Lincoln,.74354893
22063,LA,Livingston,.76383466
22065,LA,Madison,1.0236244
22067,LA,Morehouse,1.004251
22069,LA,Natchitoches,.85424089
22071,LA,Orleans,.81512803
22073,LA,Ouachita,.89174592
22075,LA,Plaquemines,.7459597
22077,LA,Pointe Coupee,1.0964912
22079,LA,Rapides,.98748177
22081,LA,Red River,1.0153077
22083,LA,Richland,1.0166087
22085,LA,Sabine,.88822269
22087,LA,St. Bernard,1.2120688
22089,LA,St. Charles,.79148418
22091,LA,St. Helena,.91672295
22093,LA,St. James,.91262227
22095,LA,St. John the Baptist,.91311586
22097,LA,St. Landry,1.3353773
22099,LA,St. Martin,1.0599152
22101,LA,St. Mary,1.1983469
22103,LA,St. Tammany,.70775479
22105,LA,Tangipahoa,1.0792698
22107,LA,Tensas,1.3001083
22109,LA,Terrebonne,.95536762
22111,LA,Union,.7753312
22113,LA,Vermilion,.87717837
22115,LA,Vernon,.66041082
22117,LA,Washington,1.2240974
22119,LA,Webster,1.3036044
22121,LA,West Baton Rouge,1.0248113
22123,LA,West Carroll,1.0700301
22125,LA,West Feliciana,.53641093
22127,LA,Winn,.7686395
23001,ME,Androscoggin,1.1719972
23003,ME,Aroostook,1.3611124
23005,ME,Cumberland,.77378917
23007,ME,Franklin,1.306078
23009,ME,Hancock,.93277305
23011,ME,Kennebec,1.1444387
23013,ME,Knox,1.2168049
23015,ME,Lincoln,.95505399
23017,ME,Oxford,1.1359878
23019,ME,Penobscot,1.1176407
23021,ME,Piscataquis,1.6743178
23023,ME,Sagadahoc,.7369839
23025,ME,Somerset,1.2032684
23027,ME,Waldo,1.0376916
23029,ME,Washington,1.648572
23031,ME,York,.69705975
24001,MD,Allegany,.90181291
24003,MD,Anne Arundel,.45996261
24005,MD,Baltimore,.57910132
24009,MD,Calvert,.46538144
24011,MD,Caroline,1.0042278
24013,MD,Carroll,.46687844
24015,MD,Cecil,.67074794
24017,MD,Charles,.4936339
24019,MD,Dorchester,.97682565
24021,MD,Frederick,.46821308
24023,MD,Garrett,1.2172316
24025,MD,Harford,.53867912
24027,MD,Howard,.30622658
24029,MD,Kent,1.2037419
24031,MD,Montgomery,.31001785
24033,MD,Prince George's,.49438184
24035,MD,Queen Anne's,.68983996
24037,MD,St. Mary's,.46301639
24039,MD,Somerset,.71378964
24041,MD,Talbot,.82203597
24043,MD,Washington,.67185557
24045,MD,Wicomico,.91330415
24047,MD,Worcester,1.0334042
24510,MD,Baltimore,1.144994
25001,MA,Barnstable,.84370297
25003,MA,Berkshire,.73164809
25005,MA,Bristol,.86155772
25007,MA,Dukes,.53391051
25009,MA,Essex,.64866287
25011,MA,Franklin,.89931452
25013,MA,Hampden,.97395873
25015,MA,Hampshire,.63387996
25017,MA,Middlesex,.51145381
25019,MA,Nantucket,.30427167
25021,MA,Norfolk,.48192117
25023,MA,Plymouth,.61083484
25025,MA,Suffolk,.79757559
25027,MA,Worcester,.68019098
26001,MI,Alcona,1.1110038
26003,MI,Alger,1.3430545
26005,MI,Allegan,.61258197
26007,MI,Alpena,1.1945752
26009,MI,Antrim,.68335336
26011,MI,Arenac,1.7004542
26013,MI,Baraga,.87864786
26015,MI,Barry,.6519658
26017,MI,Bay,1.1112283
26019,MI,Benzie,.93419832
26021,MI,Berrien,.88487542
26023,MI,Branch,.99823391
26025,MI,Calhoun,1.1469144
26027,MI,Cass,.76390105
26029,MI,Charlevoix,1.0552559
26031,MI,Cheboygan,.85406071
26033,MI,Chippewa,.91043288
26035,MI,Clare,1.6121315
26037,MI,Clinton,.53754532
26039,MI,Crawford,1.192445
26041,MI,Delta,.85268086
26043,MI,Dickinson,.81316805
26045,MI,Eaton,.76510102
26047,MI,Emmet,1.0644815
26049,MI,Genesee,1.0389435
26051,MI,Gladwin,1.5422314
26053,MI,Gogebic,1.17325
26055,MI,Grand Traverse,.7733615
26057,MI,Gratiot,.99549788
26059,MI,Hillsdale,.70293599
26061,MI,Houghton,.7873112
26063,MI,Huron,1.148231
26065,MI,Ingham,.72826856
26067,MI,Ionia,.76086336
26069,MI,Iosco,1.4638476
26071,MI,Iron,1.2660314
26073,MI,Isabella,.72822708
26075,MI,Jackson,.83732557
26077,MI,Kalamazoo,.72025657
26079,MI,Kalkaska,1.176704
26081,MI,Kent,.69149578
26083,MI,Keweenaw,.47505939
26085,MI,Lake,1.2070258
26087,MI,Lapeer,.80428094
26089,MI,Leelanau,.61950719
26091,MI,Lenawee,.73174274
26093,MI,Livingston,.37964472
26095,MI,Luce,1.4155395
26097,MI,Mackinac,1.4547548
26099,MI,Macomb,.88624299
26101,MI,Manistee,1.1735648
26103,MI,Marquette,.69797397
26105,MI,Mason,1.0892122
26107,MI,Mecosta,1.0293994
26109,MI,Menominee,.85336572
26111,MI,Midland,.6863603
26113,MI,Missaukee,1.1279281
26115,MI,Monroe,.63815999
26117,MI,Montcalm,1.1814843
26119,MI,Montmorency,1.1801802
26121,MI,Muskegon,.9504317
26123,MI,Newaygo,.99843842
26125,MI,Oakland,.71505511
26127,MI,Oceana,1.1629226
26129,MI,Ogemaw,1.5013584
26131,MI,Ontonagon,1.5161821
26133,MI,Osceola,1.2037833
26135,MI,Oscoda,1.4480512
26137,MI,Otsego,1.2871193
26139,MI,Ottawa,.46412206
26141,MI,Presque Isle,1.2573946
26143,MI,Roscommon,1.5519285
26145,MI,Saginaw,.95649201
26147,MI,St. Clair,.97008681
26149,MI,St. Joseph,1.0747043
26151,MI,Sanilac,1.2781991
26153,MI,Schoolcraft,1.3148631
26155,MI,Shiawassee,.73293787
26157,MI,Tuscola,1.0218457
26159,MI,Van Buren,1.1479304
26161,MI,Washtenaw,.58165842
26163,MI,Wayne,1.2207633
26165,MI,Wexford,1.0718436
27001,MN,Aitkin,.71072084
27003,MN,Anoka,.46911213
27005,MN,Becker,.81871861
27007,MN,Beltrami,.73635328
27009,MN,Benton,.63433242
27011,MN,Big Stone,1.1937922
27013,MN,Blue Earth,.61716413
27015,MN,Brown,.67145616
27017,MN,Carlton,.82399011
27019,MN,Carver,.3647705
27021,MN,Cass,1.0390053
27023,MN,Chippewa,.75125211
27025,MN,Chisago,.32846364
27027,MN,Clay,.49814638
27029,MN,Clearwater,.96680933
27031,MN,Cook,.7410152
27033,MN,Cottonwood,.88534749
27035,MN,Crow Wing,.77998883
27037,MN,Dakota,.5125457
27039,MN,Dodge,.53784156
27041,MN,Douglas,.65424705
27043,MN,Faribault,1.0882182
27045,MN,Fillmore,.7348268
27047,MN,Freeborn,.89514762
27049,MN,Goodhue,.70008349
27051,MN,Grant,1.009931
27053,MN,Hennepin,.47077107
27055,MN,Houston,.6207574
27057,MN,Hubbard,.79297107
27059,MN,Isanti,.4505415
27061,MN,Itasca,.71449143
27063,MN,Jackson,.69542193
27065,MN,Kanabec,.52525377
27067,MN,Kandiyohi,.64532983
27069,MN,Kittson,1.1176471
27071,MN,Koochiching,1.0642827
27073,MN,Lac qui Parle,.89753181
27075,MN,Lake,.95020902
27077,MN,Lake of the Woods,.80128205
27079,MN,Le Sueur,.50395459
27081,MN,Lincoln,1.0567101
27083,MN,Lyon,.84523761
27085,MN,McLeod,.8360272
27087,MN,Mahnomen,1.1168692
27089,MN,Marshall,.90850788
27091,MN,Martin,1.0201511
27093,MN,Meeker,.6124537
27095,MN,Mille Lacs,.70217478
27097,MN,Morrison,.94513673
27099,MN,Mower,.68451029
27101,MN,Murray,.6889528
27103,MN,Nicollet,.52503484
27105,MN,Nobles,1.0785029
27107,MN,Norman,.84634429
27109,MN,Olmsted,.51958948
27111,MN,Otter Tail,.63844377
27113,MN,Pennington,.63211125
27115,MN,Pine,.8189798
27117,MN,Pipestone,1.1463263
27119,MN,Polk,.61935335
27121,MN,Pope,.72926164
27123,MN,Ramsey,.5667848
27125,MN,Red Lake,.74441689
27127,MN,Redwood,.62205344
27129,MN,Renville,.76818025
27131,MN,Rice,.5381397
27133,MN,Rock,.48296452
27135,MN,Roseau,.7829321
27137,MN,St. Louis,.76833332
27139,MN,Scott,.38401666
27141,MN,Sherburne,.32163125
27143,MN,Sibley,.64451766
27145,MN,Stearns,.6077522
27147,MN,Steele,.71389198
27149,MN,Stevens,.55359489
27151,MN,Swift,1.1073314
27153,MN,Todd,1.0061867
27155,MN,Traverse,.90388674
27157,MN,Wabasha,.58620262
27159,MN,Wadena,.94496059
27161,MN,Waseca,.65204662
27163,MN,Washington,.40602359
27165,MN,Watonwan,1.291513
27167,MN,Wilkin,.63251108
27169,MN,Winona,.58151346
27171,MN,Wright,.43936077
27173,MN,Yellow Medicine,.87834871
28001,MS,Adams,1.1558021
28003,MS,Alcorn,.86894202
28005,MS,Amite,.997563
28007,MS,Attala,.96516389
28009,MS,Benton,.74189925
28011,MS,Bolivar,1.4530182
28013,MS,Calhoun,1.2018125
28015,MS,Carroll,.78903246
28017,MS,Chickasaw,1.2393562
28019,MS,Choctaw,1.2080213
28021,MS,Claiborne,1.0148976
28023,MS,Clarke,.90030324
28025,MS,Clay,1.5062797
28027,MS,Coahoma,1.6087933
28029,MS,Copiah,1.4553233
28031,MS,Covington,1.0963188
28033,MS,DeSoto,.78228003
28035,MS,Forrest,1.2929912
28037,MS,Franklin,1.3414896
28039,MS,George,.71940458
28041,MS,Greene,1.2426627
28043,MS,Grenada,1.3436399
28045,MS,Hancock,.79874468
28047,MS,Harrison,.98523611
28049,MS,Hinds,1.0963951
28051,MS,Holmes,1.6348159
28053,MS,Humphreys,1.7781507
28055,MS,Issaquena,1.4314165
28057,MS,Itawamba,.75151724
28059,MS,Jackson,.93327332
28061,MS,Jasper,.90962088
28063,MS,Jefferson,1.6639127
28065,MS,Jefferson Davis,1.1858464
28067,MS,Jones,1.1126651
28069,MS,Kemper,.94438261
28071,MS,Lafayette,.46744156
28073,MS,Lamar,.57570523
28075,MS,Lauderdale,1.2627754
28077,MS,Lawrence,1.3512088
28079,MS,Leake,1.0052094
28081,MS,Lee,1.0714328
28083,MS,Leflore,1.6853163
28085,MS,Lincoln,1.0457003
28087,MS,Lowndes,1.3558949
28089,MS,Madison,.71530074
28091,MS,Marion,1.2864494
28093,MS,Marshall,1.0130361
28095,MS,Monroe,.78984535
28097,MS,Montgomery,1.2778925
28099,MS,Neshoba,1.1378211
28101,MS,Newton,.86539221
28103,MS,Noxubee,1.5670576
28105,MS,Oktibbeha,.69445837
28107,MS,Panola,1.2624776
28109,MS,Pearl River,1.0780411
28111,MS,Perry,1.399047
28113,MS,Pike,1.4758792
28115,MS,Pontotoc,.8480826
28117,MS,Prentiss,.93358672
28119,MS,Quitman,1.2266704
28121,MS,Rankin,.78029108
28123,MS,Scott,1.2784424
28125,MS,Sharkey,1.8038331
28127,MS,Simpson,1.1596838
28129,MS,Smith,.787826
28131,MS,Stone,.86038721
28133,MS,Sunflower,1.5876987
28135,MS,Tallahatchie,.97935104
28137,MS,Tate,.94347364
28139,MS,Tippah,.83830243
28141,MS,Tishomingo,1.1940095
28143,MS,Tunica,1.9785848
28145,MS,Union,.98052949
28147,MS,Walthall,.85638088
28149,MS,Warren,1.2811466
28151,MS,Washington,1.6442742
28153,MS,Wayne,1.1738237
28155,MS,Webster,1.271548
28157,MS,Wilkinson,1.6564441
28159,MS,Winston,1.1509372
28161,MS,Yalobusha,1.2002881
28163,MS,Yazoo,1.2658461
29001,MO,Adair,.66333032
29003,MO,Andrew,.45096365
29005,MO,Atchison,.96366507
29007,MO,Audrain,.66300064
29009,MO,Barry,1.1915443
29011,MO,Barton,1.1462729
29013,MO,Bates,1.0305701
29015,MO,Benton,.90000349
29017,MO,Bollinger,.97513407
29019,MO,Boone,.57683712
29021,MO,Buchanan,.77658641
29023,MO,Butler,1.179706
29025,MO,Caldwell,.98901099
29027,MO,Callaway,.68284774
29029,MO,Camden,.90944952
29031,MO,Cape Girardeau,.57680088
29033,MO,Carroll,1.0705624
29035,MO,Carter,1.2832983
29037,MO,Cass,.66442353
29039,MO,Cedar,.92967623
29041,MO,Chariton,.80213904
29043,MO,Christian,.59891689
29045,MO,Clark,1.5989885
29047,MO,Clay,.53457075
29049,MO,Clinton,.57571924
29051,MO,Cole,.74633676
29053,MO,Cooper,.72262526
29055,MO,Crawford,.87821203
29057,MO,Dade,1.0542963
29059,MO,Dallas,.78969991
29061,MO,Daviess,.83722043
29063,MO,DeKalb,.55608517
29065,MO,Dent,.41451335
29067,MO,Douglas,.72055137
29069,MO,Dunklin,1.1675907
29071,MO,Franklin,.69034487
29073,MO,Gasconade,.81488526
29075,MO,Gentry,1.4378594
29077,MO,Greene,.71801156
29079,MO,Grundy,.74546856
29081,MO,Harrison,.93852651
29083,MO,Henry,1.2125119
29085,MO,Hickory,1.1081795
29087,MO,Holt,.67980963
29089,MO,Howard,.84656608
29091,MO,Howell,1.3527666
29093,MO,Iron,.99419779
29095,MO,Jackson,.71851516
29097,MO,Jasper,.96561497
29099,MO,Jefferson,.58010513
29101,MO,Johnson,.59217888
29103,MO,Knox,1.0057832
29105,MO,Laclede,1.0533345
29107,MO,Lafayette,.86802894
29109,MO,Lawrence,.7632131
29111,MO,Lewis,.96150631
29113,MO,Lincoln,.64966273
29115,MO,Linn,1.072932
29117,MO,Livingston,.84580064
29119,MO,McDonald,1.2265638
29121,MO,Macon,1.0108627
29123,MO,Madison,.81679326
29125,MO,Maries,.67666632
29127,MO,Marion,1.012782
29129,MO,Mercer,1.5406924
29131,MO,Miller,.84231806
29133,MO,Mississippi,1.1470141
29135,MO,Moniteau,.68480361
29137,MO,Monroe,.90958351
29139,MO,Montgomery,1.0491345
29141,MO,Morgan,1.1499958
29143,MO,New Madrid,1.2891973
29145,MO,Newton,.83490592
29147,MO,Nodaway,.71199715
29149,MO,Oregon,1.3260087
29151,MO,Osage,.82345194
29153,MO,Ozark,1.2428333
29155,MO,Pemiscot,1.0351044
29157,MO,Perry,.65886432
29159,MO,Pettis,.96339113
29161,MO,Phelps,.8585881
29163,MO,Pike,.8572557
29165,MO,Platte,.45213318
29167,MO,Polk,.72864902
29169,MO,Pulaski,.69952685
29171,MO,Putnam,.98732072
29173,MO,Ralls,.97809076
29175,MO,Randolph,.91200644
29177,MO,Ray,.50317216
29179,MO,Reynolds,1.1155379
29181,MO,Ripley,.86011994
29183,MO,St. Charles,.50146985
29185,MO,St. Clair,1.4865057
29186,MO,Ste. Genevieve,.677203
29187,MO,St. Francois,.85450864
29189,MO,St. Louis,.63608253
29195,MO,Saline,.86422479
29197,MO,Schuyler,.88731146
29199,MO,Scotland,1.2761099
29201,MO,Scott,.89947504
29203,MO,Shannon,1.0203257
29205,MO,Shelby,1.2594807
29207,MO,Stoddard,.7405768
29209,MO,Stone,.82021517
29211,MO,Sullivan,.96323645
29213,MO,Taney,.89573359
29215,MO,Texas,.79334241
29217,MO,Vernon,.73804051
29219,MO,Warren,.52124244
29221,MO,Washington,.89920872
29223,MO,Wayne,1.2033694
29225,MO,Webster,.78451657
29227,MO,Worth,1.9445795
29229,MO,Wright,.98194313
29510,MO,St. Louis,1.042524
30001,MT,Beaverhead,.84799659
30003,MT,Big Horn,.7921657
30005,MT,Blaine,.72053272
30007,MT,Broadwater,.68789309
30009,MT,Carbon,.86480927
30011,MT,Carter,.81833059
30013,MT,Cascade,.6725533
30015,MT,Chouteau,.59265685
30017,MT,Custer,.91715723
30019,MT,Daniels,.57570523
30021,MT,Dawson,.81005585
30023,MT,Deer Lodge,.90599602
30025,MT,Fallon,.33233634
30027,MT,Fergus,.56091875
30029,MT,Flathead,.67833334
30031,MT,Gallatin,.43286029
30033,MT,Garfield,.77339518
30035,MT,Glacier,.80645162
30039,MT,Granite,.59559262
30041,MT,Hill,.79977322
30043,MT,Jefferson,.4695428
30045,MT,Judith Basin,.97739249
30047,MT,Lake,.64689106
30049,MT,Lewis and Clark,.6996395
30051,MT,Liberty,.58371103
30053,MT,Lincoln,1.0545268
30055,MT,McCone,.5820722
30057,MT,Madison,.73394495
30059,MT,Meagher,1.6207455
30061,MT,Mineral,1.6059538
30063,MT,Missoula,.57617587
30065,MT,Musselshell,.35927284
30067,MT,Park,.72871441
30069,MT,Petroleum,.63734865
30071,MT,Phillips,.7283321
30073,MT,Pondera,1.2024609
30075,MT,Powder River,.57077628
30077,MT,Powell,.44150111
30079,MT,Prairie,.90171325
30081,MT,Ravalli,.5423333
30083,MT,Richland,.69450736
30085,MT,Roosevelt,.90106326
30087,MT,Rosebud,.97318339
30089,MT,Sanders,1.2950788
30091,MT,Sheridan,1.1530701
30093,MT,Silver Bow,.89590198
30095,MT,Stillwater,.63701028
30097,MT,Sweet Grass,1.0837171
30099,MT,Teton,.32867709
30101,MT,Toole,1.023332
30105,MT,Valley,.8072111
30107,MT,Wheatland,.46728972
30109,MT,Wibaux,.98039216
30111,MT,Yellowstone,.64106596
31001,NE,Adams,.48929855
31003,NE,Antelope,.78591639
31011,NE,Boone,1.4636273
31013,NE,Box Butte,.82674998
31015,NE,Boyd,1.5174507
31017,NE,Brown,1.6589251
31019,NE,Buffalo,.57139599
31021,NE,Burt,1.0073961
31023,NE,Butler,.37253198
31025,NE,Cass,.49892491
31027,NE,Cedar,.70339978
31029,NE,Chase,1.007303
31031,NE,Cherry,.85940188
31033,NE,Cheyenne,.62009096
31035,NE,Clay,.77894169
31037,NE,Colfax,.94473308
31039,NE,Cuming,.92162502
31041,NE,Custer,.8259154
31043,NE,Dakota,.94124639
31045,NE,Dawes,.78740156
31047,NE,Dawson,.80489826
31049,NE,Deuel,1.4161799
31051,NE,Dixon,.30413625
31053,NE,Dodge,.76960796
31055,NE,Douglas,.53876883
31057,NE,Dundy,.55524707
31059,NE,Fillmore,1.5078228
31061,NE,Franklin,1.309922
31063,NE,Frontier,1.1402508
31065,NE,Furnas,1.4644351
31067,NE,Gage,.81786335
31069,NE,Garden,.52465898
31071,NE,Garfield,.99206346
31073,NE,Gosper,.49309665
31075,NE,Grant,1.540832
31077,NE,Greeley,.84245998
31079,NE,Hall,.60821319
31081,NE,Hamilton,.43445206
31083,NE,Harlan,.58088875
31085,NE,Hayes,1.1198208
31087,NE,Hitchcock,.82333571
31089,NE,Holt,1.07822
31091,NE,Hooker,1.4836795
31093,NE,Howard,.77675939
31095,NE,Jefferson,.69657284
31097,NE,Johnson,.57859212
31099,NE,Kearney,.61255741
31101,NE,Keith,1.0323753
31103,NE,Keya Paha,1.261034
31105,NE,Kimball,.82895827
31107,NE,Knox,1.0819956
31109,NE,Lancaster,.48166952
31111,NE,Lincoln,.57397962
31113,NE,Logan,.9765625
31119,NE,Madison,.76826769
31121,NE,Merrick,.38061404
31123,NE,Morrill,.94775295
31125,NE,Nance,.83171612
31127,NE,Nemaha,1.1272606
31129,NE,Nuckolls,1.1695906
31131,NE,Otoe,.80593163
31133,NE,Pawnee,1.1359334
31135,NE,Perkins,.68894249
31137,NE,Phelps,.99337751
31139,NE,Pierce,.92229384
31141,NE,Platte,.60286361
31143,NE,Polk,1.1261262
31145,NE,Red Willow,.55928409
31147,NE,Richardson,.75291753
31149,NE,Rock,.69637883
31151,NE,Saline,.97523254
31153,NE,Sarpy,.33252683
31155,NE,Saunders,.56988174
31157,NE,Scotts Bluff,.57521838
31159,NE,Seward,.46617329
31161,NE,Sheridan,1.8434486
31163,NE,Sherman,.97213221
31167,NE,Stanton,.33400133
31169,NE,Thayer,.99108028
31171,NE,Thomas,1.3793104
31173,NE,Thurston,.83067977
31175,NE,Valley,1.4057178
31177,NE,Washington,.36999503
31179,NE,Wayne,.53659582
31181,NE,Webster,1.0641316
31185,NE,York,.65189046
32001,NV,Churchill,.65689915
32003,NV,Clark,.52875447
32005,NV,Douglas,.58995217
32007,NV,Elko,.6932705
32011,NV,Eureka,.5099439
32013,NV,Humboldt,.79242444
32015,NV,Lander,.65870368
32017,NV,Lincoln,.76584339
32019,NV,Lyon,.74061072
32021,NV,Mineral,1.7949293
32023,NV,Nye,.90493643
32027,NV,Pershing,.76828521
32029,NV,Storey,.2080213
32031,NV,Washoe,.64591491
32033,NV,White Pine,.67764807
32510,NV,Carson City,.76110452
33001,NH,Belknap,.88837707
33003,NH,Carroll,.85476309
33005,NH,Cheshire,.71528876
33007,NH,Coos,1.172262
33009,NH,Grafton,1.0040722
33011,NH,Hillsborough,.66776991
33013,NH,Merrimack,.70200247
33015,NH,Rockingham,.56468958
33017,NH,Strafford,.64405102
33019,NH,Sullivan,.80476046
34001,NJ,Atlantic,.80240417
34003,NJ,Bergen,.37668467
34005,NJ,Burlington,.56156689
34007,NJ,Camden,.79202068
34009,NJ,Cape May,.84533191
34011,NJ,Cumberland,.96806479
34013,NJ,Essex,.67065865
34015,NJ,Gloucester,.60345554
34017,NJ,Hudson,.85388464
34019,NJ,Hunterdon,.30985376
34021,NJ,Mercer,.68404257
34023,NJ,Middlesex,.5027895
34025,NJ,Monmouth,.51355654
34027,NJ,Morris,.33804089
34029,NJ,Ocean,.54018527
34031,NJ,Passaic,.91184217
34033,NJ,Salem,.78831697
34035,NJ,Somerset,.35451797
34037,NJ,Sussex,.43701151
34039,NJ,Union,.59748441
34041,NJ,Warren,.48143849
35001,NM,Bernalillo,.57737231
35003,NM,Catron,2.7878449
35005,NM,Chaves,.9288379
35006,NM,Cibola,.92478806
35007,NM,Colfax,1.26636
35009,NM,Curry,.90674269
35011,NM,De Baca,2.4603608
35013,NM,DoÃ±a Ana,.61964911
35015,NM,Eddy,.83922547
35017,NM,Grant,.9812066
35019,NM,Guadalupe,2.4836307
35021,NM,Harding,2.8901734
35023,NM,Hidalgo,1.9163764
35025,NM,Lea,.90897191
35027,NM,Lincoln,1.228839
35028,NM,Los Alamos,.24904828
35029,NM,Luna,.93446302
35031,NM,McKinley,1.0002664
35033,NM,Mora,.62257379
35035,NM,Otero,.61914092
35037,NM,Quay,1.525002
35039,NM,Rio Arriba,1.0895749
35041,NM,Roosevelt,.81356889
35043,NM,Sandoval,.46196562
35045,NM,San Juan,.6040265
35047,NM,San Miguel,.88294649
35049,NM,Santa Fe,.45210084
35051,NM,Sierra,1.2969294
35053,NM,Socorro,.86815894
35055,NM,Taos,1.006251
35057,NM,Torrance,.97274172
35059,NM,Union,1.1941724
35061,NM,Valencia,.74730051
36001,NY,Albany,.80369407
36003,NY,Allegany,.90452224
36005,NY,Bronx,1.1705049
36007,NY,Broome,.95710748
36009,NY,Cattaraugus,.67767322
36011,NY,Cayuga,.67329872
36013,NY,Chautauqua,.79558194
36015,NY,Chemung,.94771129
36017,NY,Chenango,1.1090683
36019,NY,Clinton,1.1350539
36021,NY,Columbia,1.0037842
36023,NY,Cortland,.91902786
36025,NY,Delaware,1.1796035
36027,NY,Dutchess,.56642354
36029,NY,Erie,.85509747
36031,NY,Essex,1.0231144
36033,NY,Franklin,1.0564207
36035,NY,Fulton,.87390417
36037,NY,Genesee,.67436218
36039,NY,Greene,1.0392529
36041,NY,Hamilton,.89186174
36043,NY,Herkimer,.84083122
36045,NY,Jefferson,.97938764
36047,NY,Kings,1.0986542
36049,NY,Lewis,.8882277
36051,NY,Livingston,.76934332
36053,NY,Madison,.67521548
36055,NY,Monroe,.72037596
36057,NY,Montgomery,1.2468364
36059,NY,Nassau,.42868006
36061,NY,New York,.73255253
36063,NY,Niagara,.79576141
36065,NY,Oneida,1.0072104
36067,NY,Onondaga,.86825329
36069,NY,Ontario,.65969664
36071,NY,Orange,.6294269
36073,NY,Orleans,.61407578
36075,NY,Oswego,.77510875
36077,NY,Otsego,.99427563
36079,NY,Putnam,.24750897
36081,NY,Queens,.72501189
36083,NY,Rensselaer,.81078374
36085,NY,Richmond,.69279617
36087,NY,Rockland,.44268015
36089,NY,St. Lawrence,1.0300454
36091,NY,Saratoga,.65435821
36093,NY,Schenectady,.94494265
36095,NY,Schoharie,.88054317
36097,NY,Schuyler,.83796299
36099,NY,Seneca,.81888807
36101,NY,Steuben,.82917017
36103,NY,Suffolk,.4509519
36105,NY,Sullivan,1.1635866
36107,NY,Tioga,.77023894
36109,NY,Tompkins,.58523059
36111,NY,Ulster,.78634316
36113,NY,Warren,1.1066861
36115,NY,Washington,.84388185
36117,NY,Wayne,.79225028
36119,NY,Westchester,.51007706
36121,NY,Wyoming,.596811
36123,NY,Yates,.78808522
37001,NC,Alamance,.87802488
37003,NC,Alexander,.79565161
37005,NC,Alleghany,.94430846
37007,NC,Anson,1.2104357
37009,NC,Ashe,.72646558
37011,NC,Avery,.88389599
37013,NC,Beaufort,1.1609468
37015,NC,Bertie,1.2311
37017,NC,Bladen,1.1699226
37019,NC,Brunswick,.84226531
37021,NC,Buncombe,.80290264
37023,NC,Burke,1.1227084
37025,NC,Cabarrus,.73072559
37027,NC,Caldwell,.97176987
37029,NC,Camden,.65368742
37031,NC,Carteret,.91583067
37033,NC,Caswell,.88683802
37035,NC,Catawba,1.1494508
37037,NC,Chatham,.62145549
37039,NC,Cherokee,.84558696
37041,NC,Chowan,1.3883965
37043,NC,Clay,.70736259
37045,NC,Cleveland,1.2893747
37047,NC,Columbus,1.1531036
37049,NC,Craven,1.0024892
37051,NC,Cumberland,.87707162
37053,NC,Currituck,.80703354
37055,NC,Dare,1.168084
37057,NC,Davidson,.84710252
37059,NC,Davie,.8165316
37061,NC,Duplin,1.0092199
37063,NC,Durham,.70995378
37065,NC,Edgecombe,1.1169672
37067,NC,Forsyth,.86672688
37069,NC,Franklin,.87655663
37071,NC,Gaston,.97419405
37073,NC,Gates,.70021945
37075,NC,Graham,.70249385
37077,NC,Granville,.8982991
37079,NC,Greene,.77722263
37081,NC,Guilford,.85222656
37083,NC,Halifax,1.5364126
37085,NC,Harnett,.68171203
37087,NC,Haywood,.73669046
37089,NC,Henderson,.61649442
37091,NC,Hertford,1.4675535
37093,NC,Hoke,.74839234
37095,NC,Hyde,1.3052396
37097,NC,Iredell,.77731806
37099,NC,Jackson,.68647754
37101,NC,Johnston,.67570543
37103,NC,Jones,.93779308
37105,NC,Lee,1.1928402
37107,NC,Lenoir,1.1851813
37109,NC,Lincoln,.82521266
37111,NC,McDowell,1.1035084
37113,NC,Macon,.87335408
37115,NC,Madison,.57865047
37117,NC,Martin,1.228663
37119,NC,Mecklenburg,.66738665
37121,NC,Mitchell,1.1776805
37123,NC,Montgomery,1.1420934
37125,NC,Moore,.76595658
37127,NC,Nash,1.3148422
37129,NC,New Hanover,.87735516
37131,NC,Northampton,1.2628806
37133,NC,Onslow,.68379641
37135,NC,Orange,.57665151
37137,NC,Pamlico,1.195261
37139,NC,Pasquotank,.97920805
37141,NC,Pender,.87628639
37143,NC,Perquimans,.89060414
37145,NC,Person,.94403523
37147,NC,Pitt,.925295
37149,NC,Polk,.86341083
37151,NC,Randolph,.67349702
37153,NC,Richmond,1.2407548
37155,NC,Robeson,1.4208759
37157,NC,Rockingham,1.1444143
37159,NC,Rowan,.80048442
37161,NC,Rutherford,1.009251
37163,NC,Sampson,.68842292
37165,NC,Scotland,1.448532
37167,NC,Stanly,.87423962
37169,NC,Stokes,.9332779
37171,NC,Surry,1.40535
37173,NC,Swain,1.1368406
37175,NC,Transylvania,.79514664
37177,NC,Tyrrell,1.3573544
37179,NC,Union,.60474169
37181,NC,Vance,1.5870862
37183,NC,Wake,.59146136
37185,NC,Warren,.91367835
37187,NC,Washington,1.4985015
37189,NC,Watauga,.69846338
37191,NC,Wayne,1.0737793
37193,NC,Wilkes,1.1520065
37195,NC,Wilson,1.2254452
37197,NC,Yadkin,.96406698
37199,NC,Yancey,.66689211
38001,ND,Adams,1.7256255
38003,ND,Barnes,.60555243
38005,ND,Benson,.86505193
38009,ND,Bottineau,.88055128
38011,ND,Bowman,1.5792799
38013,ND,Burke,.50836855
38015,ND,Burleigh,.40951979
38017,ND,Cass,.50106776
38019,ND,Cavalier,.57593477
38021,ND,Dickey,1.9714736
38023,ND,Divide,.14568764
38025,ND,Dunn,.23315458
38027,ND,Eddy,.43177894
38029,ND,Emmons,2.0953248
38031,ND,Foster,.92109305
38033,ND,Golden Valley,.93161917
38035,ND,Grand Forks,.67212844
38037,ND,Grant,1.6835017
38039,ND,Griggs,1.3286093
38041,ND,Hettinger,1.1410928
38043,ND,Kidder,.87295192
38045,ND,LaMoure,.81559414
38047,ND,Logan,.52137643
38049,ND,McHenry,.50847459
38051,ND,McIntosh,1.1511896
38053,ND,McKenzie,.41915539
38055,ND,McLean,.41300982
38057,ND,Mercer,.70880097
38059,ND,Morton,.40589687
38061,ND,Mountrail,.75499272
38063,ND,Nelson,1.3335603
38065,ND,Oliver,.17182131
38067,ND,Pembina,.71715432
38069,ND,Pierce,.73188585
38071,ND,Ramsey,.95494401
38073,ND,Ransom,1.0225914
38075,ND,Renville,.40600893
38077,ND,Richland,.60648686
38079,ND,Rolette,1.2157916
38081,ND,Sargent,1.0152065
38083,ND,Sheridan,.73909831
38085,ND,Sioux,.91407681
38089,ND,Stark,.38619837
38091,ND,Steele,.78247261
38093,ND,Stutsman,.58883041
38095,ND,Towner,.62879121
38097,ND,Traill,.86318064
38099,ND,Walsh,.92123443
38101,ND,Ward,.40128022
38103,ND,Wells,.99453008
38105,ND,Williams,.54224515
39001,OH,Adams,1.1180841
39003,OH,Allen,.93025059
39005,OH,Ashland,.67284501
39007,OH,Ashtabula,1.0283859
39009,OH,Athens,.7895751
39011,OH,Auglaize,.59890485
39013,OH,Belmont,.88565171
39015,OH,Brown,.88925099
39017,OH,Butler,.65904021
39019,OH,Carroll,.75771409
39021,OH,Champaign,.61791968
39023,OH,Clark,.78962821
39025,OH,Clermont,.62760961
39027,OH,Clinton,.8371222
39029,OH,Columbiana,.90789735
39031,OH,Coshocton,.57921046
39033,OH,Crawford,.86435425
39035,OH,Cuyahoga,.8845849
39037,OH,Darke,.42526907
39039,OH,Defiance,.65302092
39041,OH,Delaware,.35251549
39043,OH,Erie,.90108752
39045,OH,Fairfield,.46154773
39047,OH,Fayette,1.1448479
39049,OH,Franklin,.73349893
39051,OH,Fulton,.65619904
39053,OH,Gallia,1.2427852
39055,OH,Geauga,.53947771
39057,OH,Greene,.52972877
39059,OH,Guernsey,1.0210694
39061,OH,Hamilton,.78108811
39063,OH,Hancock,.68203217
39065,OH,Hardin,.7997492
39067,OH,Harrison,1.117245
39069,OH,Henry,.62534487
39071,OH,Highland,1.0161892
39073,OH,Hocking,.72580832
39075,OH,Holmes,.39432475
39077,OH,Huron,.83056951
39079,OH,Jackson,1.3277246
39081,OH,Jefferson,.9719857
39083,OH,Knox,.57268625
39085,OH,Lake,.68878007
39087,OH,Lawrence,.83680505
39089,OH,Licking,.66302294
39091,OH,Logan,.85677516
39093,OH,Lorain,.70282495
39095,OH,Lucas,.92638361
39097,OH,Madison,.62638146
39099,OH,Mahoning,.85691947
39101,OH,Marion,.76449066
39103,OH,Medina,.55922771
39105,OH,Meigs,1.0831889
39107,OH,Mercer,.5076701
39109,OH,Miami,.53192163
39111,OH,Monroe,1.1891104
39113,OH,Montgomery,.75973928
39115,OH,Morgan,.67985588
39117,OH,Morrow,.67630643
39119,OH,Muskingum,1.0292245
39121,OH,Noble,.66523206
39123,OH,Ottawa,.68868828
39125,OH,Paulding,.7163704
39127,OH,Perry,.92762232
39129,OH,Pickaway,.67006743
39131,OH,Pike,1.2911214
39133,OH,Portage,.62393314
39135,OH,Preble,.6748541
39137,OH,Putnam,.41324753
39139,OH,Richland,.87763673
39141,OH,Ross,.85475057
39143,OH,Sandusky,.84466594
39145,OH,Scioto,.92301142
39147,OH,Seneca,.73312455
39149,OH,Shelby,.67508906
39151,OH,Stark,.74622458
39153,OH,Summit,.77077806
39155,OH,Trumbull,.93738562
39157,OH,Tuscarawas,.88482469
39159,OH,Union,.40388197
39161,OH,Van Wert,.56998736
39163,OH,Vinton,.93568593
39165,OH,Warren,.43435773
39167,OH,Washington,1.0013572
39169,OH,Wayne,.53143513
39171,OH,Williams,.80197912
39173,OH,Wood,.65329677
39175,OH,Wyandot,.69983506
40001,OK,Adair,1.1486908
40003,OK,Alfalfa,1.0157441
40005,OK,Atoka,1.2421689
40007,OK,Beaver,.56444025
40009,OK,Beckham,.99037915
40011,OK,Blaine,1.0791745
40013,OK,Bryan,.92654562
40015,OK,Caddo,1.2283047
40017,OK,Canadian,.54314423
40019,OK,Carter,1.260635
40021,OK,Cherokee,.99035889
40023,OK,Choctaw,1.2390949
40025,OK,Cimarron,1.8183225
40027,OK,Cleveland,.6281864
40029,OK,Coal,1.0782229
40031,OK,Comanche,.79886883
40033,OK,Cotton,.85866392
40035,OK,Craig,.76196456
40037,OK,Creek,.75542045
40039,OK,Custer,.85069442
40041,OK,Delaware,.90371346
40043,OK,Dewey,1.4350144
40045,OK,Ellis,.75642967
40047,OK,Garfield,1.0744656
40049,OK,Garvin,1.0241618
40051,OK,Grady,.79627979
40053,OK,Grant,1.3462268
40055,OK,Greer,.85572481
40057,OK,Harmon,1.1156564
40059,OK,Harper,1.2254902
40061,OK,Haskell,1.2732116
40063,OK,Hughes,1.1777678
40065,OK,Jackson,.80265337
40067,OK,Jefferson,1.239959
40069,OK,Johnston,1.2582881
40071,OK,Kay,.88302201
40073,OK,Kingfisher,.70202309
40075,OK,Kiowa,1.3681172
40077,OK,Latimer,.92050076
40079,OK,Le Flore,1.2517344
40081,OK,Lincoln,.85130805
40083,OK,Logan,.62877619
40085,OK,Love,.89695036
40087,OK,McClain,.74557948
40089,OK,McCurtain,1.5214785
40091,OK,McIntosh,1.2325668
40093,OK,Major,1.2348889
40095,OK,Marshall,.98373294
40097,OK,Mayes,1.0874612
40099,OK,Murray,.93842489
40101,OK,Muskogee,1.2086385
40103,OK,Noble,.8424226
40105,OK,Nowata,1.1481985
40107,OK,Okfuskee,1.0708402
40109,OK,Oklahoma,.85336614
40111,OK,Okmulgee,.87550306
40113,OK,Osage,.64397067
40115,OK,Ottawa,.8276912
40117,OK,Pawnee,.72344989
40119,OK,Payne,.71304524
40121,OK,Pittsburg,1.2919458
40123,OK,Pontotoc,.76958632
40125,OK,Pottawatomie,1.0303308
40127,OK,Pushmataha,1.0591009
40129,OK,Roger Mills,.69519198
40131,OK,Rogers,.5996384
40133,OK,Seminole,.98145616
40135,OK,Sequoyah,1.0201526
40137,OK,Stephens,.83079481
40139,OK,Texas,.761563
40141,OK,Tillman,1.311718
40143,OK,Tulsa,.70249712
40145,OK,Wagoner,.50641817
40147,OK,Washington,.75579602
40149,OK,Washita,.9430573
40151,OK,Woods,.9135201
40153,OK,Woodward,.87573522
41001,OR,Baker,1.2665586
41003,OR,Benton,.60288876
41005,OR,Clackamas,.55976659
41007,OR,Clatsop,1.1272182
41009,OR,Columbia,.64050573
41011,OR,Coos,.96653521
41013,OR,Crook,.90458274
41015,OR,Curry,1.0035732
41017,OR,Deschutes,.55340022
41019,OR,Douglas,1.1356885
41021,OR,Gilliam,2.1563342
41023,OR,Grant,2.2253129
41025,OR,Harney,1.200439
41027,OR,Hood River,.78068185
41029,OR,Jackson,.72075927
41031,OR,Jefferson,.87339002
41033,OR,Josephine,.91582513
41035,OR,Klamath,.95117152
41037,OR,Lake,1.5367333
41039,OR,Lane,.80720913
41041,OR,Lincoln,1.0578495
41043,OR,Linn,.81102836
41045,OR,Malheur,1.0033902
41047,OR,Marion,.71445453
41049,OR,Morrow,.62690312
41051,OR,Multnomah,.76723361
41053,OR,Polk,.52670777
41055,OR,Sherman,3.2233598
41057,OR,Tillamook,1.2083178
41059,OR,Umatilla,.87571174
41061,OR,Union,.97246587
41063,OR,Wallowa,.91003639
41065,OR,Wasco,.80379772
41067,OR,Washington,.49607471
41069,OR,Wheeler,1.4738394
41071,OR,Yamhill,.66369033
42001,PA,Adams,.51708752
42003,PA,Allegheny,.67093307
42005,PA,Armstrong,.69823182
42007,PA,Beaver,.75789493
42009,PA,Bedford,.78039056
42011,PA,Berks,.76841033
42013,PA,Blair,.96659833
42015,PA,Bradford,1.0174793
42017,PA,Bucks,.47267327
42019,PA,Butler,.60392928
42021,PA,Cambria,.82673198
42023,PA,Cameron,.87108016
42025,PA,Carbon,.57423562
42027,PA,Centre,.38321242
42029,PA,Chester,.41290113
42031,PA,Clarion,1.0444294
42033,PA,Clearfield,.82721549
42035,PA,Clinton,.83337605
42037,PA,Columbia,.79627496
42039,PA,Crawford,.82115626
42041,PA,Cumberland,.5995084
42043,PA,Dauphin,.83723235
42045,PA,Delaware,.67573231
42047,PA,Elk,.8610127
42049,PA,Erie,.81408608
42051,PA,Fayette,.97462183
42053,PA,Forest,.63953221
42055,PA,Franklin,.6164875
42057,PA,Fulton,.58259082
42059,PA,Greene,.89520442
42061,PA,Huntingdon,.74190497
42063,PA,Indiana,.65526426
42065,PA,Jefferson,.8846224
42067,PA,Juniata,.9042452
42069,PA,Lackawanna,.83902305
42071,PA,Lancaster,.60124308
42073,PA,Lawrence,.89009863
42075,PA,Lebanon,.6410073
42077,PA,Lehigh,.71852016
42079,PA,Luzerne,.89493072
42081,PA,Lycoming,.71810681
42083,PA,McKean,1.0484717
42085,PA,Mercer,.84190905
42087,PA,Mifflin,.87845993
42089,PA,Monroe,.60697669
42091,PA,Montgomery,.47715604
42093,PA,Montour,.67954612
42095,PA,Northampton,.58090669
42097,PA,Northumberland,.80137783
42099,PA,Perry,.7352888
42101,PA,Philadelphia,1.1117345
42103,PA,Pike,.42945299
42105,PA,Potter,1.1655358
42107,PA,Schuylkill,.85514146
42109,PA,Snyder,.78837937
42111,PA,Somerset,.79976553
42113,PA,Sullivan,1.505447
42115,PA,Susquehanna,.43715179
42117,PA,Tioga,.77831984
42119,PA,Union,.61292374
42121,PA,Venango,.78242725
42123,PA,Warren,.71232253
42125,PA,Washington,.62631249
42127,PA,Wayne,.83650684
42129,PA,Westmoreland,.67138934
42131,PA,Wyoming,.69541031
42133,PA,York,.62283576
44001,RI,Bristol,.54860431
44003,RI,Kent,.73277968
44005,RI,Newport,.60408181
44007,RI,Providence,.89013433
44009,RI,Washington,.603118
45001,SC,Abbeville,.81910849
45003,SC,Aiken,1.0197468
45005,SC,Allendale,1.5366956
45007,SC,Anderson,1.0808735
45009,SC,Bamberg,1.5935378
45011,SC,Barnwell,1.3352073
45013,SC,Beaufort,.64135498
45015,SC,Berkeley,.61294472
45017,SC,Calhoun,.94078708
45019,SC,Charleston,.83636826
45021,SC,Cherokee,1.2345679
45023,SC,Chester,1.2693106
45025,SC,Chesterfield,1.0918139
45027,SC,Clarendon,1.1989703
45029,SC,Colleton,1.5974936
45031,SC,Darlington,1.1360539
45033,SC,Dillon,1.3777473
45035,SC,Dorchester,.67111522
45037,SC,Edgefield,.49950674
45039,SC,Fairfield,1.0136979
45041,SC,Florence,1.1498733
45043,SC,Georgetown,1.1267658
45045,SC,Greenville,.84527504
45047,SC,Greenwood,1.231848
45049,SC,Hampton,1.7642758
45051,SC,Horry,1.0699598
45053,SC,Jasper,1.3470143
45055,SC,Kershaw,1.035324
45057,SC,Lancaster,.9256258
45059,SC,Laurens,1.1244415
45061,SC,Lee,1.2151777
45063,SC,Lexington,.95420939
45065,SC,McCormick,1.0563995
45067,SC,Marion,1.2542741
45069,SC,Marlboro,1.4942529
45071,SC,Newberry,1.0479457
45073,SC,Oconee,.99434882
45075,SC,Orangeburg,1.5061274
45077,SC,Pickens,.84764749
45079,SC,Richland,.79366624
45081,SC,Saluda,.90048242
45083,SC,Spartanburg,1.030892
45085,SC,Sumter,1.2393111
45087,SC,Union,1.2679909
45089,SC,Williamsburg,1.4668251
45091,SC,York,.7406323
46003,SD,Aurora,.79133189
46005,SD,Beadle,1.0188907
46007,SD,Bennett,2.5091681
46009,SD,Bon Homme,.82331043
46011,SD,Brookings,.55952901
46013,SD,Brown,.41051951
46015,SD,Brule,1.004016
46017,SD,Buffalo,1.0838753
46019,SD,Butte,.98116815
46021,SD,Campbell,1.4503263
46023,SD,Charles Mix,1.4407439
46025,SD,Clark,.81788439
46027,SD,Clay,.49440077
46029,SD,Codington,.49823838
46031,SD,Corson,1.665477
46033,SD,Custer,.83419627
46035,SD,Davison,.85008121
46037,SD,Day,1.2678863
46039,SD,Deuel,.70077085
46041,SD,Dewey,1.2139388
46043,SD,Douglas,1.0235415
46045,SD,Edmunds,1.0206685
46047,SD,Fall River,1.0966552
46049,SD,Faulk,.42936882
46051,SD,Grant,.849738
46053,SD,Gregory,1.6564127
46055,SD,Haakon,1.0293361
46057,SD,Hamlin,.84061867
46059,SD,Hand,.30515715
46061,SD,Hanson,.29214141
46063,SD,Harding,.80515295
46065,SD,Hughes,.50945318
46067,SD,Hutchinson,1.1778563
46069,SD,Hyde,1.5174507
46071,SD,Jackson,2.1283064
46073,SD,Jerauld,.57527941
46075,SD,Jones,2.7599716
46077,SD,Kingsbury,1.0265213
46079,SD,Lake,.46842065
46081,SD,Lawrence,.71768451
46083,SD,Lincoln,.42943197
46085,SD,Lyman,1.2807378
46087,SD,McCook,.84863913
46089,SD,McPherson,.85875243
46091,SD,Marshall,.62447959
46093,SD,Meade,.60972708
46095,SD,Mellette,.95785439
46097,SD,Miner,.59844404
46099,SD,Minnehaha,.8385644
46101,SD,Moody,.45599636
46103,SD,Pennington,.68094534
46105,SD,Perkins,1.3449899
46107,SD,Potter,2.0917377
46109,SD,Roberts,1.1432185
46111,SD,Sanborn,.40816328
46115,SD,Spink,.88403535
46117,SD,Stanley,.74726003
46119,SD,Sully,1.4214641
46121,SD,Todd,1.1839708
46123,SD,Tripp,2.014652
46125,SD,Turner,.48105833
46127,SD,Union,.48794553
46129,SD,Walworth,1.6838053
46135,SD,Yankton,.63616037
46137,SD,Ziebach,.36284471
47001,TN,Anderson,1.0458056
47003,TN,Bedford,.92309719
47005,TN,Benton,1.1207724
47007,TN,Bledsoe,.95694321
47009,TN,Blount,.75169259
47011,TN,Bradley,1.0989012
47013,TN,Campbell,1.1265806
47015,TN,Cannon,.77377605
47017,TN,Carroll,1.2592726
47019,TN,Carter,.95595527
47021,TN,Cheatham,.97735351
47023,TN,Chester,1.022256
47025,TN,Claiborne,1.0440065
47027,TN,Clay,1.2873772
47029,TN,Cocke,1.4132636
47031,TN,Coffee,1.391564
47033,TN,Crockett,1.0824754
47035,TN,Cumberland,1.101651
47037,TN,Davidson,.8529321
47039,TN,Decatur,1.1772047
47041,TN,DeKalb,.94448924
47043,TN,Dickson,1.1730649
47045,TN,Dyer,1.2434491
47047,TN,Fayette,.7597329
47049,TN,Fentress,1.0935892
47051,TN,Franklin,.88431126
47053,TN,Gibson,1.192876
47055,TN,Giles,1.162092
47057,TN,Grainger,1.1017975
47059,TN,Greene,1.2643878
47061,TN,Grundy,1.8960657
47063,TN,Hamblen,1.2407237
47065,TN,Hamilton,.99899614
47067,TN,Hancock,1.1742424
47069,TN,Hardeman,.99880797
47071,TN,Hardin,1.1607212
47073,TN,Hawkins,.93873429
47075,TN,Haywood,1.6075798
47077,TN,Henderson,.85882789
47079,TN,Henry,.96045196
47081,TN,Hickman,.81107897
47083,TN,Houston,.95377249
47085,TN,Humphreys,.86561352
47087,TN,Jackson,.72792667
47089,TN,Jefferson,.88128513
47091,TN,Johnson,1.0881239
47093,TN,Knox,.81608427
47095,TN,Lake,1.0712373
47097,TN,Lauderdale,.99245602
47099,TN,Lawrence,1.0734476
47101,TN,Lewis,1.2740618
47103,TN,Lincoln,.90367693
47105,TN,Loudon,.87884134
47107,TN,McMinn,1.1709565
47109,TN,McNairy,1.1055992
47111,TN,Macon,.92404169
47113,TN,Madison,1.1069236
47115,TN,Marion,1.1609498
47117,TN,Marshall,.96919823
47119,TN,Maury,1.0081775
47121,TN,Meigs,1.3810629
47123,TN,Monroe,1.2741494
47125,TN,Montgomery,.59362644
47127,TN,Moore,.77015454
47129,TN,Morgan,1.0360818
47131,TN,Obion,.90505183
47133,TN,Overton,1.1281725
47135,TN,Perry,.90909094
47137,TN,Pickett,1.1334516
47139,TN,Polk,1.1338545
47141,TN,Putnam,1.1790732
47143,TN,Rhea,1.1165153
47145,TN,Roane,.98046613
47147,TN,Robertson,.86210585
47149,TN,Rutherford,.67316818
47151,TN,Scott,1.0952446
47153,TN,Sequatchie,1.2950145
47155,TN,Sevier,1.1761131
47157,TN,Shelby,.93538225
47159,TN,Smith,.83180553
47161,TN,Stewart,.96717834
47163,TN,Sullivan,.88286948
47165,TN,Sumner,.70373297
47167,TN,Tipton,.73466307
47169,TN,Trousdale,.89259148
47171,TN,Unicoi,.90095162
47173,TN,Union,.84439188
47175,TN,Van Buren,.87077671
47177,TN,Warren,1.0208851
47179,TN,Washington,.87437212
47181,TN,Wayne,.8442381
47183,TN,Weakley,1.0373859
47185,TN,White,1.031037
47187,TN,Williamson,.44197527
47189,TN,Wilson,.64557344
48001,TX,Anderson,.64656544
48003,TX,Andrews,.5548659
48005,TX,Angelina,.76969802
48007,TX,Aransas,.58657908
48009,TX,Archer,.65274149
48011,TX,Armstrong,.53219795
48013,TX,Atascosa,.8353579
48015,TX,Austin,.92884803
48017,TX,Bailey,.98911971
48019,TX,Bandera,.60399979
48021,TX,Bastrop,.80520523
48023,TX,Baylor,1.4660709
48025,TX,Bee,.75750595
48027,TX,Bell,.74796432
48029,TX,Bexar,.61690164
48031,TX,Blanco,.67377716
48035,TX,Bosque,1.2823311
48037,TX,Bowie,.85716009
48039,TX,Brazoria,.50764644
48041,TX,Brazos,.52057624
48043,TX,Brewster,.96390706
48045,TX,Briscoe,2.3996511
48047,TX,Brooks,1.2900254
48049,TX,Brown,1.1146734
48051,TX,Burleson,1.1289397
48053,TX,Burnet,.70862889
48055,TX,Caldwell,.62001038
48057,TX,Calhoun,1.1497425
48059,TX,Callahan,.96204406
48061,TX,Cameron,.90388811
48063,TX,Camp,.97886688
48065,TX,Carson,1.4782273
48067,TX,Cass,.97183347
48069,TX,Castro,.72251266
48071,TX,Chambers,.5630495
48073,TX,Cherokee,.64765185
48075,TX,Childress,.80184895
48077,TX,Clay,.28788024
48079,TX,Cochran,1.3445575
48081,TX,Coke,1.814882
48083,TX,Coleman,1.2653222
48085,TX,Collin,.41675133
48087,TX,Collingsworth,1.3391362
48089,TX,Colorado,.9380495
48091,TX,Comal,.56852162
48093,TX,Comanche,.95778382
48095,TX,Concho,1.4108698
48097,TX,Cooke,.57442451
48099,TX,Coryell,.49724346
48101,TX,Cottle,1.6222062
48103,TX,Crane,1.1427567
48105,TX,Crockett,.84175086
48107,TX,Crosby,1.7375827
48109,TX,Culberson,2.0917377
48111,TX,Dallam,1.2486126
48113,TX,Dallas,.60729951
48115,TX,Dawson,.90402979
48117,TX,Deaf Smith,.88925463
48119,TX,Delta,.81791872
48121,TX,Denton,.34799871
48123,TX,DeWitt,.71689904
48125,TX,Dickens,.90538704
48127,TX,Dimmit,1.5038075
48129,TX,Donley,1.5101178
48131,TX,Duval,1.3897513
48133,TX,Eastland,1.4393569
48135,TX,Ector,.70396233
48137,TX,Edwards,1.4507595
48139,TX,Ellis,.47757554
48141,TX,El Paso,.74794841
48143,TX,Erath,.71878451
48145,TX,Falls,.97971743
48147,TX,Fannin,.76690084
48149,TX,Fayette,.52759314
48151,TX,Fisher,1.3745705
48153,TX,Floyd,1.0247651
48155,TX,Foard,.81833059
48157,TX,Fort Bend,.36239085
48159,TX,Franklin,.78944921
48161,TX,Freestone,.76857752
48163,TX,Frio,.78231293
48165,TX,Gaines,.62183028
48167,TX,Galveston,.68475229
48169,TX,Garza,.91911763
48171,TX,Gillespie,.35652632
48175,TX,Goliad,.52896059
48177,TX,Gonzales,.81765825
48179,TX,Gray,.93733263
48181,TX,Grayson,.79685831
48183,TX,Gregg,.92069465
48185,TX,Grimes,.824965
48187,TX,Guadalupe,.48071203
48189,TX,Hale,.8495928
48191,TX,Hall,1.6281341
48193,TX,Hamilton,1.0686297
48195,TX,Hansford,.9179365
48197,TX,Hardeman,1.3562009
48199,TX,Hardin,.66796178
48201,TX,Harris,.59440404
48203,TX,Harrison,.67005694
48205,TX,Hartley,.35143209
48207,TX,Haskell,1.1167189
48209,TX,Hays,.4343738
48211,TX,Hemphill,1.2425448
48213,TX,Henderson,.73398799
48215,TX,Hidalgo,.96631157
48217,TX,Hill,1.2109971
48219,TX,Hockley,.60637563
48221,TX,Hood,.79796821
48223,TX,Hopkins,.71240681
48225,TX,Houston,.87601173
48227,TX,Howard,.62661856
48229,TX,Hudspeth,1.4367816
48231,TX,Hunt,.7829811
48233,TX,Hutchinson,1.165692
48235,TX,Irion,1.0993843
48237,TX,Jack,.90579712
48239,TX,Jackson,.81053698
48241,TX,Jasper,1.0053148
48243,TX,Jeff Davis,.87719297
48245,TX,Jefferson,.89023626
48247,TX,Jim Hogg,1.3456362
48249,TX,Jim Wells,1.0174289
48251,TX,Johnson,.65401083
48253,TX,Jones,.74229765
48255,TX,Karnes,.79563659
48257,TX,Kaufman,.62729049
48259,TX,Kendall,.40317085
48263,TX,Kent,1.310616
48265,TX,Kerr,.77339518
48267,TX,Kimble,1.2849585
48271,TX,Kinney,.80106807
48273,TX,Kleberg,1.0320166
48275,TX,Knox,1.5274034
48277,TX,Lamar,1.0167315
48279,TX,Lamb,1.1355034
48281,TX,Lampasas,.66581064
48283,TX,La Salle,1.725123
48285,TX,Lavaca,.80998904
48287,TX,Lee,.77596074
48289,TX,Leon,1.0439019
48291,TX,Liberty,.8168177
48293,TX,Limestone,.93509585
48295,TX,Lipscomb,1.1841326
48297,TX,Live Oak,1.0199332
48299,TX,Llano,.70721358
48303,TX,Lubbock,.56652194
48305,TX,Lynn,.85338795
48307,TX,McCulloch,1.0996606
48309,TX,McLennan,.76614171
48311,TX,McMullen,.85689801
48313,TX,Madison,.73243332
48315,TX,Marion,.88599628
48317,TX,Martin,.35549235
48319,TX,Mason,.71056372
48321,TX,Matagorda,1.126493
48323,TX,Maverick,.83596718
48325,TX,Medina,.78230071
48327,TX,Menard,.94161958
48329,TX,Midland,.47662613
48331,TX,Milam,1.0311472
48333,TX,Mills,.60963219
48335,TX,Mitchell,.8266415
48337,TX,Montague,.59709638
48339,TX,Montgomery,.47743404
48341,TX,Moore,1.1728591
48343,TX,Morris,.7486431
48345,TX,Motley,1.7615176
48347,TX,Nacogdoches,.61375421
48349,TX,Navarro,.85556078
48351,TX,Newton,.69882452
48353,TX,Nolan,1.0268562
48355,TX,Nueces,.77537942
48357,TX,Ochiltree,.89347762
48359,TX,Oldham,1.3008515
48361,TX,Orange,.9925884
48363,TX,Palo Pinto,1.1142224
48365,TX,Panola,.89991254
48367,TX,Parker,.42895785
48369,TX,Parmer,.91444826
48371,TX,Pecos,.97010791
48373,TX,Polk,.92212141
48375,TX,Potter,1.0252537
48377,TX,Presidio,1.3857834
48379,TX,Rains,.87145042
48381,TX,Randall,.50579435
48383,TX,Reagan,1.2803235
48385,TX,Real,2.0171089
48387,TX,Red River,1.1857061
48389,TX,Reeves,.71439481
48391,TX,Refugio,1.1881691
48395,TX,Robertson,1.1432115
48397,TX,Rockwall,.4193013
48399,TX,Runnels,1.404312
48401,TX,Rusk,.4274475
48403,TX,Sabine,1.0196604
48405,TX,San Augustine,.97944182
48407,TX,San Jacinto,.86074758
48409,TX,San Patricio,.88273948
48411,TX,San Saba,.67125356
48413,TX,Schleicher,.99966675
48415,TX,Scurry,.73313785
48417,TX,Shackelford,.90144229
48419,TX,Shelby,.91130012
48421,TX,Sherman,1.5215738
48423,TX,Smith,.65356034
48425,TX,Somervell,.73487848
48427,TX,Starr,1.5812311
48429,TX,Stephens,1.1781086
48431,TX,Sterling,2.3166022
48433,TX,Stonewall,1.4409221
48435,TX,Sutton,2.6325104
48437,TX,Swisher,.95364827
48439,TX,Tarrant,.60254645
48441,TX,Taylor,.90554458
48443,TX,Terrell,1.2345679
48445,TX,Terry,.70782542
48447,TX,Throckmorton,1.3097577
48449,TX,Titus,.8686887
48451,TX,Tom Green,.64396411
48453,TX,Travis,.50481045
48455,TX,Trinity,1.096566
48457,TX,Tyler,1.0833062
48459,TX,Upshur,.52687675
48461,TX,Upton,1.3650013
48463,TX,Uvalde,.98592067
48465,TX,Val Verde,.69098669
48467,TX,Van Zandt,.54365551
48469,TX,Victoria,.81356877
48471,TX,Walker,.61249912
48473,TX,Waller,.56360078
48475,TX,Ward,.91527194
48477,TX,Washington,.72529942
48479,TX,Webb,.66352737
48481,TX,Wharton,1.0027481
48483,TX,Wheeler,1.4619883
48485,TX,Wichita,.74684346
48487,TX,Wilbarger,.86179882
48489,TX,Willacy,1.1428218
48491,TX,Williamson,.40849003
48493,TX,Wilson,.51381904
48495,TX,Winkler,1.1662706
48497,TX,Wise,.62203151
48499,TX,Wood,.72776097
48501,TX,Yoakum,1.1768596
48503,TX,Young,.69525558
48505,TX,Zapata,1.7513849
48507,TX,Zavala,.84393483
49001,UT,Beaver,.80906147
49003,UT,Box Elder,.49156481
49005,UT,Cache,.34421426
49007,UT,Carbon,.73909831
49009,UT,Daggett,.89083254
49011,UT,Davis,.32169572
49013,UT,Duchesne,.78231633
49015,UT,Emery,1.2404486
49017,UT,Garfield,1.1651568
49019,UT,Grand,1.6022328
49021,UT,Iron,.37254173
49023,UT,Juab,.74074072
49025,UT,Kane,.7268402
49027,UT,Millard,.88755864
49029,UT,Morgan,.29478648
49031,UT,Piute,2.1126761
49033,UT,Rich,1.2547052
49035,UT,Salt Lake,.48393768
49037,UT,San Juan,1.0365113
49039,UT,Sanpete,.46612287
49041,UT,Sevier,.73497218
49043,UT,Summit,.49060154
49045,UT,Tooele,.45708808
49047,UT,Uintah,.5215742
49049,UT,Utah,.29860798
49051,UT,Wasatch,.37895304
49053,UT,Washington,.37375298
49055,UT,Wayne,1.1033468
49057,UT,Weber,.47133154
50001,VT,Addison,.74777031
50003,VT,Bennington,1.1027139
50005,VT,Caledonia,1.2791185
50007,VT,Chittenden,.89301109
50009,VT,Essex,.48154092
50011,VT,Franklin,.96209419
50013,VT,Grand Isle,1.667143
50015,VT,Lamoille,1.0393232
50017,VT,Orange,.86859483
50019,VT,Orleans,1.4467916
50021,VT,Rutland,1.234056
50023,VT,Washington,1.0193286
50025,VT,Windham,1.0749804
50027,VT,Windsor,.8197217
51001,VA,Accomack,1.4467148
51003,VA,Albemarle,.48977736
51005,VA,Alleghany,.76048142
51007,VA,Amelia,.61443931
51009,VA,Amherst,1.023401
51011,VA,Appomattox,.8449716
51013,VA,Arlington,.37736118
51015,VA,Augusta,.51013166
51017,VA,Bath,.69816148
51019,VA,Bedford,.6155898
51021,VA,Bland,.62992126
51023,VA,Botetourt,.63268256
51025,VA,Brunswick,.9131577
51027,VA,Buchanan,1.2201357
51029,VA,Buckingham,.90340853
51031,VA,Campbell,.95134217
51033,VA,Caroline,.86175764
51035,VA,Carroll,1.2566761
51036,VA,Charles City,.32124501
51037,VA,Charlotte,1.0933245
51041,VA,Chesterfield,.5493322
51043,VA,Clarke,.68353093
51045,VA,Craig,.9877519
51047,VA,Culpeper,.64512563
51049,VA,Cumberland,.50963205
51051,VA,Dickenson,1.3529969
51053,VA,Dinwiddie,.85968518
51057,VA,Essex,1.3072784
51059,VA,Fairfax,.32101712
51061,VA,Fauquier,.47865832
51063,VA,Floyd,.77224159
51065,VA,Fluvanna,.46940371
51067,VA,Franklin,.83266896
51069,VA,Frederick,.55405241
51071,VA,Giles,1.3610897
51073,VA,Gloucester,.75976974
51075,VA,Goochland,.59143341
51077,VA,Grayson,.73944038
51079,VA,Greene,.50989193
51081,VA,Greensville,1.9051288
51083,VA,Halifax,1.2368718
51085,VA,Hanover,.65377682
51087,VA,Henrico,.73981339
51089,VA,Henry,1.4185228
51091,VA,Highland,1.0925256
51093,VA,Isle of Wight,.75463265
51095,VA,James City,.62893915
51097,VA,King and Queen,.52358514
51099,VA,King George,.74040323
51101,VA,King William,.63342911
51103,VA,Lancaster,1.5372019
51105,VA,Lee,1.3539299
51107,VA,Loudoun,.27569836
51109,VA,Louisa,.67159325
51111,VA,Lunenburg,.67429507
51113,VA,Madison,.75318217
51115,VA,Mathews,.56954098
51117,VA,Mecklenburg,1.5995351
51119,VA,Middlesex,1.1002903
51121,VA,Montgomery,.63752002
51125,VA,Nelson,.64132595
51127,VA,New Kent,.61879283
51131,VA,Northampton,1.3928752
51133,VA,Northumberland,.91649693
51135,VA,Nottoway,1.4146258
51137,VA,Orange,.79006457
51139,VA,Page,.81468683
51141,VA,Patrick,.88687611
51143,VA,Pittsylvania,.77949005
51145,VA,Powhatan,.24474669
51147,VA,Prince Edward,1.0057408
51149,VA,Prince George,.39452687
51153,VA,Prince William,.40584737
51155,VA,Pulaski,.96536392
51157,VA,Rappahannock,.13659336
51159,VA,Richmond,.77376294
51161,VA,Roanoke,.48810413
51163,VA,Rockbridge,.79806405
51165,VA,Rockingham,.47053984
51167,VA,Russell,.84725922
51169,VA,Scott,1.4406586
51171,VA,Shenandoah,.9311741
51173,VA,Smyth,1.3890702
51175,VA,Southampton,.82629108
51177,VA,Spotsylvania,.64708257
51179,VA,Stafford,.46596521
51181,VA,Surry,1.1340469
51183,VA,Sussex,1.4068408
51185,VA,Tazewell,1.2410269
51187,VA,Warren,.7983048
51191,VA,Washington,1.1491717
51193,VA,Westmoreland,1.0451819
51195,VA,Wise,1.5312116
51197,VA,Wythe,1.2955012
51199,VA,York,.58804137
51510,VA,Alexandria,.42178273
51520,VA,Bristol,1.7569982
51530,VA,Buena Vista,1.185396
51540,VA,Charlottesville,.95968956
51550,VA,Chesapeake,.67943168
51570,VA,Colonial Heights,1.467564
51580,VA,Covington,2.1394565
51590,VA,Danville,2.2530189
51595,VA,Emporia,.47330555
51600,VA,Fairfax,.9959746
51610,VA,Falls Church,.97145081
51620,VA,Franklin,1.8040607
51630,VA,Fredericksburg,1.1312882
51640,VA,Galax,2.528302
51650,VA,Hampton,.93748373
51660,VA,Harrisonburg,.99757141
51670,VA,Hopewell,1.4588214
51678,VA,Lexington,.98508304
51680,VA,Lynchburg,.96508014
51683,VA,Manassas,.69877833
51685,VA,Manassas Park,.12054729
51690,VA,Martinsville,1.7184092
51700,VA,Newport News,.92908484
51710,VA,Norfolk,.80744141
51720,VA,Norton,2.3501017
51730,VA,Petersburg,1.816273
51735,VA,Poquoson,.73978817
51740,VA,Portsmouth,1.0300794
51750,VA,Radford,.84475404
51760,VA,Richmond,1.0152754
51770,VA,Roanoke,1.319651
51775,VA,Salem,1.102003
51790,VA,Staunton,1.0939878
51800,VA,Suffolk,.78496993
51810,VA,Virginia Beach,.64326704
51820,VA,Waynesboro,1.384721
51830,VA,Williamsburg,1.0256581
51840,VA,Winchester,1.1754738
53001,WA,Adams,.8672545
53003,WA,Asotin,.49182752
53005,WA,Benton,.5731582
53007,WA,Chelan,.74477679
53009,WA,Clallam,.77620548
53011,WA,Clark,.52741396
53013,WA,Columbia,1.1325262
53015,WA,Cowlitz,.78492814
53017,WA,Douglas,.62780625
53019,WA,Ferry,1.3168291
53021,WA,Franklin,.67842603
53023,WA,Garfield,1.8099548
53025,WA,Grant,.85647029
53027,WA,Grays Harbor,1.1486031
53029,WA,Island,.37277985
53031,WA,Jefferson,.64299589
53033,WA,King,.52144039
53035,WA,Kitsap,.50328934
53037,WA,Kittitas,.60779858
53039,WA,Klickitat,.81380957
53041,WA,Lewis,1.0549872
53043,WA,Lincoln,.94526893
53045,WA,Mason,.71286559
53047,WA,Okanogan,1.0281411
53049,WA,Pacific,1.0635346
53051,WA,Pend Oreille,.97349107
53053,WA,Pierce,.56077427
53055,WA,San Juan,.64313489
53057,WA,Skagit,.79141426
53059,WA,Skamania,.66880685
53061,WA,Snohomish,.54357791
53063,WA,Spokane,.62678802
53065,WA,Stevens,.83836353
53067,WA,Thurston,.60082161
53069,WA,Wahkiakum,.93808633
53071,WA,Walla Walla,.65079445
53073,WA,Whatcom,.65415859
53075,WA,Whitman,.37719691
53077,WA,Yakima,.83801973
54001,WV,Barbour,.89410198
54003,WV,Berkeley,.6453765
54005,WV,Boone,1.4020016
54007,WV,Braxton,1.7442813
54009,WV,Brooke,.88372022
54011,WV,Cabell,1.0548524
54013,WV,Calhoun,1.471192
54015,WV,Clay,1.3787464
54017,WV,Doddridge,.46728972
54019,WV,Fayette,1.4399179
54021,WV,Gilmer,1.2492192
54023,WV,Grant,.83547556
54025,WV,Greenbrier,1.4405683
54027,WV,Hampshire,1.114851
54029,WV,Hancock,.95648825
54031,WV,Hardy,1.1907365
54033,WV,Harrison,1.2866644
54035,WV,Jackson,1.2395315
54037,WV,Jefferson,.73810452
54039,WV,Kanawha,1.1020607
54041,WV,Lewis,1.3353055
54043,WV,Lincoln,1.2645057
54045,WV,Logan,1.592002
54047,WV,McDowell,1.8557651
54049,WV,Marion,1.1108744
54051,WV,Marshall,.79886717
54053,WV,Mason,1.0198624
54055,WV,Mercer,1.1603322
54057,WV,Mineral,1.203071
54059,WV,Mingo,1.0949006
54061,WV,Monongalia,.69424611
54063,WV,Monroe,.77724719
54065,WV,Morgan,.89524668
54067,WV,Nicholas,1.7536504
54069,WV,Ohio,.95951784
54071,WV,Pendleton,1.5604155
54073,WV,Pleasants,.79872203
54075,WV,Pocahontas,1.53737
54077,WV,Preston,1.0614923
54079,WV,Putnam,1.0667583
54081,WV,Raleigh,1.3107266
54083,WV,Randolph,1.2738116
54085,WV,Ritchie,1.8842508
54087,WV,Roane,1.1452918
54089,WV,Summers,1.1159855
54091,WV,Taylor,1.0385903
54093,WV,Tucker,1.6148469
54095,WV,Tyler,1.1085844
54097,WV,Upshur,1.1036174
54099,WV,Wayne,1.0210943
54101,WV,Webster,1.3537188
54103,WV,Wetzel,1.5331131
54105,WV,Wirt,1.0355541
54107,WV,Wood,.98017329
54109,WV,Wyoming,1.7012416
55001,WI,Adams,.42974684
55003,WI,Ashland,1.1075269
55005,WI,Barron,.84160203
55007,WI,Bayfield,.88286245
55009,WI,Brown,.61438185
55011,WI,Buffalo,.63922435
55013,WI,Burnett,.83051068
55015,WI,Calumet,.31957176
55017,WI,Chippewa,.59940767
55019,WI,Clark,.83624095
55021,WI,Columbia,.6681456
55023,WI,Crawford,.93026602
55025,WI,Dane,.48765013
55027,WI,Dodge,.47274053
55029,WI,Door,.83384877
55031,WI,Douglas,.70657367
55033,WI,Dunn,.61344433
55035,WI,Eau Claire,.67521292
55037,WI,Florence,.91512239
55039,WI,Fond du Lac,.59321815
55041,WI,Forest,1.0033445
55043,WI,Grant,.82213122
55045,WI,Green,.60830551
55047,WI,Green Lake,.49307036
55049,WI,Iowa,.55169022
55051,WI,Iron,1.4106859
55053,WI,Jackson,.31256595
55055,WI,Jefferson,.59332955
55057,WI,Juneau,.95951235
55059,WI,Kenosha,.6329577
55061,WI,Kewaunee,.58286458
55063,WI,La Crosse,.55168509
55065,WI,Lafayette,.34346813
55067,WI,Langlade,.93945718
55069,WI,Lincoln,.92200112
55071,WI,Manitowoc,.51573521
55073,WI,Marathon,.72876453
55075,WI,Marinette,.93442488
55077,WI,Marquette,.58248413
55078,WI,Menominee,1.3001083
55079,WI,Milwaukee,.81207734
55081,WI,Monroe,.79817349
55083,WI,Oconto,.71010751
55085,WI,Oneida,.95497435
55087,WI,Outagamie,.61584407
55089,WI,Ozaukee,.33077383
55091,WI,Pepin,.95349693
55093,WI,Pierce,.50118136
55095,WI,Polk,.98197162
55097,WI,Portage,.61606646
55099,WI,Price,1.1097059
55101,WI,Racine,.72380245
55103,WI,Richland,.56139147
55105,WI,Rock,.67309886
55107,WI,Rusk,1.2072173
55109,WI,St. Croix,.51858449
55111,WI,Sauk,.72808075
55113,WI,Sawyer,.85779834
55115,WI,Shawano,.65143925
55117,WI,Sheboygan,.57581377
55119,WI,Taylor,.63153058
55121,WI,Trempealeau,.87371063
55123,WI,Vernon,.56622994
55125,WI,Vilas,.92238158
55127,WI,Walworth,.52708846
55129,WI,Washburn,.98891568
55131,WI,Washington,.36515892
55133,WI,Waukesha,.44451821
55135,WI,Waupaca,.75809336
55137,WI,Waushara,.73180407
55139,WI,Winnebago,.58925128
55141,WI,Wood,.72363681
56001,WY,Albany,.3456642
56003,WY,Big Horn,.5949381
56005,WY,Campbell,.59289533
56007,WY,Carbon,.76237774
56009,WY,Converse,.51898521
56011,WY,Crook,.67476386
56013,WY,Fremont,.66577893
56015,WY,Goshen,.45472667
56017,WY,Hot Springs,.81629753
56019,WY,Johnson,.99299985
56021,WY,Laramie,.49748966
56023,WY,Lincoln,.69210142
56025,WY,Natrona,.56989372
56027,WY,Niobrara,1.2167988
56029,WY,Park,.4706665
56031,WY,Platte,.98302579
56033,WY,Sheridan,.57927841
56035,WY,Sublette,.61230737
56037,WY,Sweetwater,.62594754
56039,WY,Teton,.34386417
56041,WY,Uinta,.74408394
56043,WY,Washakie,.7543816
56045,WY,Weston,1.2391126
