CountyFIPS,state,county,pct_loclsale12
01001,AL,Autauga,1.5546918
01003,AL,Baldwin,.47801006
01005,AL,Barbour,.012457358
01009,AL,Blount,.2777918
01011,AL,Bullock,.10632642
01013,AL,Butler,.11893089
01015,AL,Calhoun,.30849832
01017,AL,Chambers,.8033573
01019,AL,Cherokee,.025832256
01021,AL,Chilton,5.1998253
01025,AL,Clarke,1.6191211
01027,AL,Clay,.067142978
01029,AL,Cleburne,.010678057
01031,AL,Coffee,.039896656
01033,AL,Colbert,.10745627
01035,AL,Conecuh,.1157619
01037,AL,Coosa,1.3384321
01039,AL,Covington,.055907875
01041,AL,Crenshaw,.003476423
01043,AL,Cullman,.064493701
01045,AL,Dale,.03473134
01047,AL,Dallas,.19506499
01049,AL,DeKalb,.036386948
01051,AL,Elmore,.49078828
01053,AL,Escambia,.12238105
01055,AL,Etowah,.16600782
01057,AL,Fayette,.14038372
01059,AL,Franklin,.036181085
01061,AL,Geneva,.10757387
01063,AL,Greene,.60735977
01065,AL,Hale,.067507438
01067,AL,Henry,.027991788
01069,AL,Houston,.1524356
01071,AL,Jackson,.14162736
01073,AL,Jefferson,.58920121
01075,AL,Lamar,.43813065
01077,AL,Lauderdale,.23066618
01079,AL,Lawrence,.042695213
01083,AL,Limestone,.4505285
01085,AL,Lowndes,.036689553
01087,AL,Macon,.29572189
01089,AL,Madison,.49997979
01091,AL,Marengo,.15429717
01093,AL,Marion,.021986149
01095,AL,Marshall,.056919858
01097,AL,Mobile,.67682493
01099,AL,Monroe,.065200776
01101,AL,Montgomery,.10718252
01103,AL,Morgan,.1866935
01105,AL,Perry,.06074309
01107,AL,Pickens,.036174543
01109,AL,Pike,.023007371
01111,AL,Randolph,.041250795
01113,AL,Russell,.083171614
01115,AL,St. Clair,.30239913
01117,AL,Shelby,1.3641219
01119,AL,Sumter,.11813737
01121,AL,Talladega,.12038129
01123,AL,Tallapoosa,.67177594
01125,AL,Tuscaloosa,.56370598
01127,AL,Walker,1.519408
01129,AL,Washington,.063177183
01133,AL,Winston,.10068046
02020,AK,Anchorage,3.1513374
02090,AK,Fairbanks North Star,7.9759302
02110,AK,Juneau,.70093459
04001,AZ,Apache,.52079028
04003,AZ,Cochise,.76534355
04005,AZ,Coconino,4.0175114
04007,AZ,Gila,.98614073
04009,AZ,Graham,.073148608
04013,AZ,Maricopa,.20339321
04015,AZ,Mohave,.72554994
04017,AZ,Navajo,.49290863
04019,AZ,Pima,1.3526987
04021,AZ,Pinal,.05184659
04023,AZ,Santa Cruz,.3683995
04025,AZ,Yavapai,1.8617277
04027,AZ,Yuma,.020101339
05001,AR,Arkansas,.003018382
05003,AR,Ashley,.17434518
05005,AR,Baxter,.36824274
05007,AR,Benton,.054996144
05009,AR,Boone,.13702495
05011,AR,Bradley,.1008411
05015,AR,Carroll,.042018723
05019,AR,Clark,.11933965
05023,AR,Cleburne,.033423159
05025,AR,Cleveland,0
05027,AR,Columbia,.014385384
05029,AR,Conway,.011753934
05031,AR,Craighead,.033256881
05033,AR,Crawford,.22845954
05035,AR,Crittenden,.022789001
05037,AR,Cross,.056150611
05039,AR,Dallas,.68965518
05043,AR,Drew,.036220811
05045,AR,Faulkner,1.2872758
05047,AR,Franklin,.07080631
05049,AR,Fulton,.64201981
05051,AR,Garland,.16598199
05053,AR,Grant,.30674848
05055,AR,Greene,.015790127
05057,AR,Hempstead,.024686258
05059,AR,Hot Spring,.78092372
05061,AR,Howard,.078176916
05063,AR,Independence,.084175721
05065,AR,Izard,.072871543
05067,AR,Jackson,.037465811
05069,AR,Jefferson,.026014447
05071,AR,Johnson,.14605579
05073,AR,Lafayette,.10321693
05075,AR,Lawrence,.042912699
05081,AR,Little River,.031368449
05083,AR,Logan,.04042919
05085,AR,Lonoke,.28337616
05087,AR,Madison,.08599031
05089,AR,Marion,.095797516
05091,AR,Miller,.1515218
05093,AR,Mississippi,.016208639
05095,AR,Monroe,0
05097,AR,Montgomery,.016608143
05099,AR,Nevada,.10851872
05101,AR,Newton,.041877508
05103,AR,Ouachita,.097175829
05105,AR,Perry,.19950426
05107,AR,Phillips,.014516246
05109,AR,Pike,.015789155
05111,AR,Poinsett,.011133533
05113,AR,Polk,.016132729
05115,AR,Pope,.075282142
05117,AR,Prairie,.00060582202
05119,AR,Pulaski,.36277208
05121,AR,Randolph,.04774769
05123,AR,St. Francis,.017906236
05125,AR,Saline,1.112347
05127,AR,Scott,.032574769
05129,AR,Searcy,.39883417
05131,AR,Sebastian,.042090133
05133,AR,Sevier,.003638613
05135,AR,Sharp,.05558423
05137,AR,Stone,.055903398
05139,AR,Union,.17172295
05141,AR,Van Buren,.33087683
05143,AR,Washington,.10879748
05145,AR,White,.19726421
05147,AR,Woodruff,.005967014
05149,AR,Yell,.014257998
06001,CA,Alameda,.67278606
06003,CA,Alpine,0
06005,CA,Amador,.68193191
06007,CA,Butte,.42215219
06009,CA,Calaveras,2.2073526
06011,CA,Colusa,.01991987
06013,CA,Contra Costa,1.8744824
06015,CA,Del Norte,.26086226
06017,CA,El Dorado,6.3493624
06019,CA,Fresno,.36269557
06021,CA,Glenn,.1553275
06023,CA,Humboldt,.86539406
06025,CA,Imperial,.011225014
06027,CA,Inyo,1.0044358
06029,CA,Kern,.1485375
06031,CA,Kings,.051059566
06033,CA,Lake,1.010426
06035,CA,Lassen,.35364863
06037,CA,Los Angeles,1.2268445
06039,CA,Madera,.080298685
06041,CA,Marin,1.9976255
06043,CA,Mariposa,.31808612
06045,CA,Mendocino,1.0483757
06047,CA,Merced,.38897762
06049,CA,Modoc,.14258109
06053,CA,Monterey,.082188517
06055,CA,Napa,.25720558
06057,CA,Nevada,10.259512
06059,CA,Orange,.45169798
06061,CA,Placer,3.8009071
06063,CA,Plumas,.44214529
06065,CA,Riverside,.39876837
06067,CA,Sacramento,1.1975332
06069,CA,San Benito,1.1138071
06071,CA,San Bernardino,.55923015
06073,CA,San Diego,1.567364
06077,CA,San Joaquin,.39637217
06079,CA,San Luis Obispo,.88483334
06081,CA,San Mateo,1.4468501
06083,CA,Santa Barbara,.53356946
06085,CA,Santa Clara,1.4756243
06087,CA,Santa Cruz,1.3760195
06089,CA,Shasta,1.1840541
06093,CA,Siskiyou,.20125864
06095,CA,Solano,.87860829
06097,CA,Sonoma,.83672607
06099,CA,Stanislaus,.2057326
06101,CA,Sutter,.18281104
06103,CA,Tehama,.31476054
06105,CA,Trinity,3.9914746
06107,CA,Tulare,.3838118
06109,CA,Tuolumne,.84984809
06111,CA,Ventura,.32858101
06113,CA,Yolo,1.6794924
06115,CA,Yuba,.38924989
08001,CO,Adams,.43103448
08003,CO,Alamosa,.12536746
08005,CO,Arapahoe,.70753974
08007,CO,Archuleta,.7679897
08009,CO,Baca,.015163728
08011,CO,Bent,.081927843
08013,CO,Boulder,5.173686
08014,CO,Broomfield,0
08015,CO,Chaffee,1.3412352
08017,CO,Cheyenne,.028707914
08021,CO,Conejos,.13569473
08023,CO,Costilla,.13119282
08025,CO,Crowley,.056971237
08027,CO,Custer,.085438788
08029,CO,Delta,2.9745324
08033,CO,Dolores,.30744818
08035,CO,Douglas,2.5635393
08037,CO,Eagle,1.4235324
08039,CO,Elbert,1.4968529
08041,CO,El Paso,.83367503
08043,CO,Fremont,1.6268213
08045,CO,Garfield,.79400086
08047,CO,Gilpin,0
08049,CO,Grand,.32578114
08051,CO,Gunnison,.36192822
08053,CO,Hinsdale,0
08055,CO,Huerfano,.93283582
08057,CO,Jackson,.055082411
08059,CO,Jefferson,.93416858
08061,CO,Kiowa,.058293257
08063,CO,Kit Carson,.017207744
08065,CO,Lake,.92807424
08067,CO,La Plata,2.1327677
08069,CO,Larimer,1.4015095
08071,CO,Las Animas,.15124336
08073,CO,Lincoln,.16144614
08075,CO,Logan,.022049628
08077,CO,Mesa,4.1758294
08079,CO,Mineral,0
08081,CO,Moffat,.14818108
08083,CO,Montezuma,.69439954
08085,CO,Montrose,.61712247
08087,CO,Morgan,.043392126
08089,CO,Otero,.53939754
08091,CO,Ouray,.86569959
08093,CO,Park,1.7043253
08095,CO,Phillips,.042306472
08097,CO,Pitkin,.60769749
08099,CO,Prowers,.0031421939
08101,CO,Pueblo,.94537199
08103,CO,Rio Blanco,.14337212
08105,CO,Rio Grande,.41693664
08107,CO,Routt,.42617306
08109,CO,Saguache,.063643306
08113,CO,San Miguel,1.7732742
08115,CO,Sedgwick,.020738078
08119,CO,Teller,6.8580542
08121,CO,Washington,.025825392
08123,CO,Weld,.094533399
08125,CO,Yuma,.0072152331
09001,CT,Fairfield,10.87019
09003,CT,Hartford,6.5928564
09005,CT,Litchfield,7.1065879
09007,CT,Middlesex,7.0895734
09009,CT,New Haven,4.3382177
09011,CT,New London,3.4606316
09013,CT,Tolland,3.4071891
09015,CT,Windham,5.4849362
10001,DE,Kent,.38815096
10003,DE,New Castle,.65462095
10005,DE,Sussex,.29648399
12001,FL,Alachua,.6801309
12003,FL,Baker,.90460527
12005,FL,Bay,.99337751
12007,FL,Bradford,.35002282
12009,FL,Brevard,.79798222
12011,FL,Broward,.2636241
12013,FL,Calhoun,.22659752
12015,FL,Charlotte,.031914584
12017,FL,Citrus,.69597328
12019,FL,Clay,.64815813
12021,FL,Collier,.050308011
12023,FL,Columbia,.098550297
12027,FL,DeSoto,.076662749
12029,FL,Dixie,.052323148
12031,FL,Duval,.53224409
12033,FL,Escambia,.70027024
12035,FL,Flagler,.12983181
12039,FL,Gadsden,.10656671
12041,FL,Gilchrist,.37977394
12043,FL,Glades,.023470212
12047,FL,Hamilton,.039573487
12049,FL,Hardee,.077847742
12051,FL,Hendry,.027404057
12053,FL,Hernando,.82869029
12055,FL,Highlands,.080475539
12057,FL,Hillsborough,.48826033
12059,FL,Holmes,.31120333
12061,FL,Indian River,.062781565
12063,FL,Jackson,.85228497
12065,FL,Jefferson,.29602948
12067,FL,Lafayette,.028550547
12069,FL,Lake,1.1847024
12071,FL,Lee,.90271288
12075,FL,Levy,.19905202
12077,FL,Liberty,0
12079,FL,Madison,.071396872
12081,FL,Manatee,.20070565
12083,FL,Marion,.26996291
12085,FL,Martin,.11846264
12086,FL,Miami-Dade,.45131299
12089,FL,Nassau,.76405871
12091,FL,Okaloosa,.69032574
12093,FL,Okeechobee,.11484051
12095,FL,Orange,.051219717
12097,FL,Osceola,.025771772
12099,FL,Palm Beach,.092188686
12101,FL,Pasco,1.5055715
12103,FL,Pinellas,1.0586011
12105,FL,Polk,.1264717
12107,FL,Putnam,.23762645
12109,FL,St. Johns,.094747268
12111,FL,St. Lucie,.062472481
12113,FL,Santa Rosa,.31703043
12115,FL,Sarasota,.21172053
12117,FL,Seminole,.77906001
12119,FL,Sumter,1.162459
12121,FL,Suwannee,.1437635
12123,FL,Taylor,.20615014
12125,FL,Union,1.2400593
12127,FL,Volusia,.20538853
12129,FL,Wakulla,2.546093
12131,FL,Walton,.22405826
12133,FL,Washington,1.2843224
13003,GA,Atkinson,.028570203
13005,GA,Bacon,.0076736552
13009,GA,Baldwin,4.9512987
13011,GA,Banks,.018382659
13013,GA,Barrow,.092692338
13015,GA,Bartow,.027265102
13017,GA,Ben Hill,.055623539
13021,GA,Bibb,.13172917
13023,GA,Bleckley,.077116646
13025,GA,Brantley,3.388077
13027,GA,Brooks,.15073539
13031,GA,Bulloch,.25919771
13033,GA,Burke,.040401764
13035,GA,Butts,2.125
13037,GA,Calhoun,.0042929971
13039,GA,Camden,16.263737
13043,GA,Candler,.080221057
13045,GA,Carroll,.045278069
13047,GA,Catoosa,.1613684
13049,GA,Charlton,.15840688
13051,GA,Chatham,1.4282256
13053,GA,Chattahoochee,0
13055,GA,Chattooga,.43246421
13057,GA,Cherokee,.19526371
13059,GA,Clarke,.041322313
13061,GA,Clay,0
13063,GA,Clayton,0
13067,GA,Cobb,2.9694324
13069,GA,Coffee,.026474584
13071,GA,Colquitt,.024246279
13073,GA,Columbia,1.4103425
13075,GA,Cook,.017245146
13077,GA,Coweta,.94997388
13079,GA,Crawford,.92569524
13083,GA,Dade,.12239486
13085,GA,Dawson,.0092060687
13087,GA,Decatur,.0057306322
13089,GA,DeKalb,4.9612403
13091,GA,Dodge,.095441274
13093,GA,Dooly,.025949953
13097,GA,Douglas,11.139674
13101,GA,Echols,.024024025
13103,GA,Effingham,.41391331
13105,GA,Elbert,.049229991
13107,GA,Emanuel,.22509161
13109,GA,Evans,.12058786
13111,GA,Fannin,1.3792247
13113,GA,Fayette,3.7129955
13115,GA,Floyd,.10383407
13117,GA,Forsyth,.45755759
13119,GA,Franklin,.014984171
13121,GA,Fulton,8.613905
13123,GA,Gilmer,.17255086
13127,GA,Glynn,4.076087
13129,GA,Gordon,.062021442
13131,GA,Grady,.016123343
13133,GA,Greene,.050176665
13135,GA,Gwinnett,.72914076
13137,GA,Habersham,.14468329
13139,GA,Hall,.075145483
13141,GA,Hancock,.37585673
13143,GA,Haralson,.072737508
13145,GA,Harris,5.0993948
13147,GA,Hart,.067752302
13149,GA,Heard,.033201449
13151,GA,Henry,8.5035048
13153,GA,Houston,.190899
13155,GA,Irwin,.001702504
13157,GA,Jackson,.15888683
13159,GA,Jasper,.15851
13161,GA,Jeff Davis,.069377527
13163,GA,Jefferson,.13447316
13167,GA,Johnson,.14830194
13169,GA,Jones,.28924027
13171,GA,Lamar,.045966867
13173,GA,Lanier,.0047227731
13175,GA,Laurens,.14767756
13177,GA,Lee,.0082730092
13179,GA,Liberty,1.2861736
13183,GA,Long,.13002774
13185,GA,Lowndes,.154103
13187,GA,Lumpkin,.013344517
13189,GA,McDuffie,.16915601
13191,GA,McIntosh,1.5940791
13193,GA,Macon,.045795243
13195,GA,Madison,.090482041
13197,GA,Marion,.07673195
13199,GA,Meriwether,1.2428375
13201,GA,Miller,.041556209
13205,GA,Mitchell,.011517088
13207,GA,Monroe,.18761224
13209,GA,Montgomery,.042016808
13211,GA,Morgan,.089353353
13213,GA,Murray,.043178439
13215,GA,Muscogee,0
13219,GA,Oconee,.39220476
13221,GA,Oglethorpe,.057548225
13223,GA,Paulding,.15123145
13225,GA,Peach,.36138359
13227,GA,Pickens,.10050251
13229,GA,Pierce,.034182724
13231,GA,Pike,2.0855904
13233,GA,Polk,.13958921
13235,GA,Pulaski,.077398367
13241,GA,Rabun,.55435497
13245,GA,Richmond,.099900097
13247,GA,Rockdale,5.625
13251,GA,Screven,.13809252
13253,GA,Seminole,0
13255,GA,Spalding,.64922667
13257,GA,Stephens,.027604552
13259,GA,Stewart,0
13261,GA,Sumter,.15891935
13263,GA,Talbot,.81300813
13265,GA,Taliaferro,.2365744
13267,GA,Tattnall,.10075098
13269,GA,Taylor,.096758589
13271,GA,Telfair,.31060979
13275,GA,Thomas,.10543973
13279,GA,Toombs,.049242683
13283,GA,Treutlen,.99381894
13285,GA,Troup,.26391554
13287,GA,Turner,.13860607
13289,GA,Twiggs,.10806138
13291,GA,Union,.19628099
13293,GA,Upson,.45612511
13295,GA,Walker,.089645483
13297,GA,Walton,.47939616
13299,GA,Ware,.17674784
13303,GA,Washington,.050829612
13305,GA,Wayne,.078955084
13311,GA,White,.13302681
13313,GA,Whitfield,.032603797
13315,GA,Wilcox,.16675878
13317,GA,Wilkes,.066392019
13319,GA,Wilkinson,3.2329495
13321,GA,Worth,.0045603788
15001,HI,Hawaii,2.438472
15003,HI,Honolulu,2.0088179
15007,HI,Kauai,1.9809654
15009,HI,Maui,1.416268
16001,ID,Ada,.55658877
16003,ID,Adams,.25832164
16005,ID,Bannock,.31691632
16007,ID,Bear Lake,.18301362
16009,ID,Benewah,.26410666
16011,ID,Bingham,.075893462
16013,ID,Blaine,.07518407
16015,ID,Boise,.94802225
16017,ID,Bonner,3.8735487
16019,ID,Bonneville,.10628086
16021,ID,Boundary,.40970349
16025,ID,Camas,.4536407
16027,ID,Canyon,.24312714
16029,ID,Caribou,.39753303
16031,ID,Cassia,.010275466
16033,ID,Clark,0
16035,ID,Clearwater,.51292574
16037,ID,Custer,.11051829
16039,ID,Elmore,.056477353
16041,ID,Franklin,.12063181
16043,ID,Fremont,.040976115
16045,ID,Gem,.90660119
16047,ID,Gooding,.012621776
16049,ID,Idaho,.14228798
16051,ID,Jefferson,.036553688
16053,ID,Jerome,.013612321
16055,ID,Kootenai,1.8193331
16057,ID,Latah,.33122006
16059,ID,Lemhi,.3172431
16063,ID,Lincoln,.031317975
16065,ID,Madison,.052646838
16067,ID,Minidoka,.016805628
16069,ID,Nez Perce,.19094785
16071,ID,Oneida,.15708742
16073,ID,Owyhee,.032926667
16075,ID,Payette,.14942242
16077,ID,Power,.041961446
16079,ID,Shoshone,7.0422535
16081,ID,Teton,.51370817
16083,ID,Twin Falls,.066212907
16085,ID,Valley,.48258182
16087,ID,Washington,.50214541
17001,IL,Adams,.16667721
17005,IL,Bond,.05154014
17007,IL,Boone,1.5172024
17009,IL,Brown,.099978574
17011,IL,Bureau,.029986363
17013,IL,Calhoun,1.7365953
17015,IL,Carroll,.05430185
17017,IL,Cass,.056600418
17019,IL,Champaign,.11292829
17021,IL,Christian,.022517841
17023,IL,Clark,.038234778
17025,IL,Clay,.031496536
17027,IL,Clinton,.10337648
17029,IL,Coles,.083803192
17031,IL,Cook,5.2212968
17033,IL,Crawford,.24885814
17035,IL,Cumberland,.090888686
17037,IL,DeKalb,.24699105
17039,IL,De Witt,.094251923
17041,IL,Douglas,.097186394
17043,IL,DuPage,3.1312325
17045,IL,Edgar,.16866942
17047,IL,Edwards,.0089065703
17049,IL,Effingham,.079617351
17051,IL,Fayette,.30092639
17053,IL,Ford,.17160979
17055,IL,Franklin,.29041106
17057,IL,Fulton,.063184299
17059,IL,Gallatin,.035535023
17061,IL,Greene,.090206183
17063,IL,Grundy,.05742399
17065,IL,Hamilton,.06107638
17067,IL,Hancock,.0056752791
17073,IL,Henry,.043977804
17075,IL,Iroquois,.059777949
17077,IL,Jackson,.2566537
17079,IL,Jasper,.084109038
17081,IL,Jefferson,.3058714
17083,IL,Jersey,.057800964
17085,IL,Jo Daviess,.43401819
17087,IL,Johnson,.56198347
17089,IL,Kane,.62501913
17091,IL,Kankakee,.05704467
17093,IL,Kendall,1.3411616
17095,IL,Knox,.024902351
17097,IL,Lake,3.9476283
17099,IL,LaSalle,.18202443
17101,IL,Lawrence,.10833703
17103,IL,Lee,.066756412
17105,IL,Livingston,.11034025
17107,IL,Logan,.091660172
17109,IL,McDonough,.032033965
17111,IL,McHenry,2.0774751
17113,IL,McLean,.076048359
17115,IL,Macon,.044481039
17117,IL,Macoupin,.18306512
17119,IL,Madison,.73022056
17121,IL,Marion,.21813105
17123,IL,Marshall,.17848748
17125,IL,Mason,.058657732
17127,IL,Massac,.79063404
17129,IL,Menard,.10289526
17131,IL,Mercer,.033663511
17133,IL,Monroe,.21480355
17135,IL,Montgomery,.027282009
17137,IL,Morgan,.26453453
17139,IL,Moultrie,.64430231
17141,IL,Ogle,.12884289
17143,IL,Peoria,.25406042
17145,IL,Perry,.25996915
17147,IL,Piatt,.020322813
17149,IL,Pike,.012919897
17153,IL,Pulaski,.035293289
17157,IL,Randolph,.066103354
17159,IL,Richland,.095837221
17161,IL,Rock Island,.19717255
17163,IL,St. Clair,.1275371
17165,IL,Saline,.0085236961
17167,IL,Sangamon,.11106367
17169,IL,Schuyler,.011475201
17173,IL,Shelby,.046195842
17175,IL,Stark,.18801658
17177,IL,Stephenson,.043747883
17179,IL,Tazewell,.10238714
17181,IL,Union,2.1623056
17183,IL,Vermilion,.033145275
17187,IL,Warren,.017846672
17189,IL,Washington,.074591815
17191,IL,Wayne,.023290789
17193,IL,White,.044308972
17195,IL,Whiteside,.089289814
17197,IL,Will,1.5824956
17199,IL,Williamson,.5292182
17201,IL,Winnebago,.68433917
17203,IL,Woodford,.2364469
18001,IN,Adams,.11227156
18003,IN,Allen,.33681697
18005,IN,Bartholomew,.44579321
18007,IN,Benton,.014225898
18009,IN,Blackford,.030780423
18011,IN,Boone,.13084432
18013,IN,Brown,1.5344665
18015,IN,Carroll,.06277322
18017,IN,Cass,.087103069
18019,IN,Clark,2.9055841
18021,IN,Clay,.14105074
18023,IN,Clinton,.060036898
18025,IN,Crawford,.69376993
18027,IN,Daviess,.36815947
18029,IN,Dearborn,1.4860631
18031,IN,Decatur,.08218886
18033,IN,DeKalb,.11408053
18035,IN,Delaware,.18636508
18037,IN,Dubois,.085057303
18039,IN,Elkhart,.80617452
18041,IN,Fayette,.059804142
18043,IN,Floyd,1.6290182
18045,IN,Fountain,.060852274
18047,IN,Franklin,.31470409
18049,IN,Fulton,.097371675
18051,IN,Gibson,.15984589
18053,IN,Grant,.1261034
18055,IN,Greene,.31836668
18057,IN,Hamilton,.38910171
18059,IN,Hancock,.21643846
18061,IN,Harrison,.35179085
18063,IN,Hendricks,.80565751
18065,IN,Henry,.16801773
18067,IN,Howard,.1831006
18069,IN,Huntington,.066923298
18071,IN,Jackson,.25915864
18073,IN,Jasper,.065472491
18075,IN,Jay,.032272249
18077,IN,Jefferson,.35866231
18079,IN,Jennings,.30746448
18081,IN,Johnson,.45909908
18083,IN,Knox,.83190018
18085,IN,Kosciusko,.13612001
18087,IN,LaGrange,.41894707
18089,IN,Lake,.37010944
18091,IN,LaPorte,.54725879
18093,IN,Lawrence,.52728313
18095,IN,Madison,.13506114
18097,IN,Marion,.7851482
18099,IN,Marshall,.41387811
18101,IN,Martin,.09030427
18103,IN,Miami,.082211159
18105,IN,Monroe,3.038929
18107,IN,Montgomery,.071829662
18109,IN,Morgan,1.1516463
18111,IN,Newton,.043689542
18113,IN,Noble,.28803405
18115,IN,Ohio,.62156349
18117,IN,Orange,.12342786
18119,IN,Owen,.36170211
18121,IN,Parke,.74032509
18123,IN,Perry,.61998719
18127,IN,Porter,.21339123
18129,IN,Posey,.05653356
18131,IN,Pulaski,.029135643
18133,IN,Putnam,.13280213
18135,IN,Randolph,.055067293
18137,IN,Ripley,.23728453
18139,IN,Rush,.070149101
18141,IN,St. Joseph,.89955872
18143,IN,Scott,.22042921
18145,IN,Shelby,.072929837
18147,IN,Spencer,.25128636
18149,IN,Starke,.1892039
18151,IN,Steuben,.27527243
18153,IN,Sullivan,.12565833
18157,IN,Tippecanoe,.56626195
18159,IN,Tipton,.023139317
18161,IN,Union,.0599952
18163,IN,Vanderburgh,2.0031586
18167,IN,Vigo,.28088701
18169,IN,Wabash,.13817443
18171,IN,Warren,.013423179
18173,IN,Warrick,.10063653
18175,IN,Washington,.36606792
18177,IN,Wayne,.25351715
18179,IN,Wells,.038066961
18181,IN,White,.026562031
18183,IN,Whitley,.21847785
19001,IA,Adair,.072807282
19003,IA,Adams,.023279209
19005,IA,Allamakee,.038531452
19007,IA,Appanoose,.080718659
19009,IA,Audubon,.019105846
19011,IA,Benton,.13790536
19013,IA,Black Hawk,.15040474
19015,IA,Boone,.080858693
19017,IA,Bremer,.091261022
19019,IA,Buchanan,.054002728
19021,IA,Buena Vista,.014209961
19023,IA,Butler,.02037888
19025,IA,Calhoun,.060873911
19027,IA,Carroll,.01294927
19029,IA,Cass,.054312833
19031,IA,Cedar,.043999314
19033,IA,Cerro Gordo,.049389973
19035,IA,Cherokee,.009816505
19037,IA,Chickasaw,.13353477
19039,IA,Clarke,.2366015
19041,IA,Clay,.0044608782
19043,IA,Clayton,.032788023
19045,IA,Clinton,.052713294
19047,IA,Crawford,.011733941
19049,IA,Dallas,.20070754
19051,IA,Davis,.1332027
19053,IA,Decatur,.027043693
19055,IA,Delaware,.040803052
19057,IA,Des Moines,.017689722
19059,IA,Dickinson,.034850456
19061,IA,Dubuque,.047445916
19063,IA,Emmet,.0068453061
19065,IA,Fayette,.046511196
19067,IA,Floyd,.048499543
19069,IA,Franklin,.01826657
19071,IA,Fremont,.033264589
19073,IA,Greene,.059387624
19075,IA,Grundy,.14640319
19077,IA,Guthrie,.067197517
19079,IA,Hamilton,.0094376625
19081,IA,Hancock,.031784724
19083,IA,Hardin,.013844818
19085,IA,Harrison,.028089549
19087,IA,Henry,.042499185
19089,IA,Howard,.041570239
19091,IA,Humboldt,.025608299
19093,IA,Ida,.0036733639
19095,IA,Iowa,.13073453
19097,IA,Jackson,.21010005
19099,IA,Jasper,.1048795
19101,IA,Jefferson,.16904546
19103,IA,Johnson,.14442866
19105,IA,Jones,.056845956
19107,IA,Keokuk,.038133867
19109,IA,Kossuth,.019520732
19111,IA,Lee,.26062489
19113,IA,Linn,.23162262
19115,IA,Louisa,.018549005
19117,IA,Lucas,.20935647
19119,IA,Lyon,.020452026
19121,IA,Madison,.076733842
19123,IA,Mahaska,.048541974
19125,IA,Marion,.20160705
19127,IA,Marshall,.057493292
19129,IA,Mills,.023220135
19131,IA,Mitchell,.14830467
19133,IA,Monona,.0081354463
19135,IA,Monroe,.052585155
19137,IA,Montgomery,.020060392
19139,IA,Muscatine,.25046596
19141,IA,O'Brien,.016684227
19143,IA,Osceola,.0048706238
19145,IA,Page,.025715366
19147,IA,Palo Alto,.021859283
19149,IA,Plymouth,.012595183
19151,IA,Pocahontas,.0031962791
19153,IA,Polk,.49504307
19155,IA,Pottawattamie,.044559348
19157,IA,Poweshiek,.12015457
19159,IA,Ringgold,.051442973
19161,IA,Sac,.0044242749
19163,IA,Scott,.21398003
19165,IA,Shelby,.056078065
19167,IA,Sioux,.014630333
19169,IA,Story,.1092982
19171,IA,Tama,.039134976
19173,IA,Taylor,.016643435
19175,IA,Union,.042317294
19177,IA,Van Buren,.024518039
19179,IA,Wapello,.010435267
19181,IA,Warren,.27880958
19183,IA,Washington,.034545198
19185,IA,Wayne,.059214599
19187,IA,Webster,.014704676
19189,IA,Winnebago,.04121118
19191,IA,Winneshiek,.093660571
19193,IA,Woodbury,.13878617
19195,IA,Worth,.089836754
19197,IA,Wright,.02268289
20001,KS,Allen,.36429396
20003,KS,Anderson,.3065604
20005,KS,Atchison,.08313287
20007,KS,Barber,.023736322
20009,KS,Barton,.020074347
20011,KS,Bourbon,.098630339
20013,KS,Brown,.046972413
20015,KS,Butler,.089608908
20017,KS,Chase,.074380167
20019,KS,Chautauqua,.12217645
20021,KS,Cherokee,.078245461
20023,KS,Cheyenne,.091740571
20025,KS,Clark,.0063416059
20027,KS,Clay,.038837299
20029,KS,Cloud,.023737539
20031,KS,Coffey,.15560418
20033,KS,Comanche,.022596549
20035,KS,Cowley,.17251505
20037,KS,Crawford,.10847422
20041,KS,Dickinson,.030563319
20043,KS,Doniphan,.058167595
20045,KS,Douglas,1.1325828
20047,KS,Edwards,0
20049,KS,Elk,.071309723
20051,KS,Ellis,.11141446
20053,KS,Ellsworth,.052291125
20055,KS,Finney,.004839371
20057,KS,Ford,.0047528842
20059,KS,Franklin,.11349506
20061,KS,Geary,.036235467
20063,KS,Gove,.047417045
20067,KS,Grant,.0016336431
20069,KS,Gray,.001703186
20071,KS,Greeley,.01542859
20073,KS,Greenwood,.059182171
20075,KS,Hamilton,.0038122421
20077,KS,Harper,.16416767
20079,KS,Harvey,.16572262
20081,KS,Haskell,0
20083,KS,Hodgeman,0
20085,KS,Jackson,.30246988
20087,KS,Jefferson,.83002388
20089,KS,Jewell,.014654269
20091,KS,Johnson,1.1038162
20093,KS,Kearny,.001778368
20095,KS,Kingman,.036825988
20097,KS,Kiowa,.01116944
20099,KS,Labette,.085520208
20101,KS,Lane,.0036895601
20103,KS,Leavenworth,.86342013
20105,KS,Lincoln,.015745552
20107,KS,Linn,.25833902
20111,KS,Lyon,.1472569
20113,KS,McPherson,.074346945
20115,KS,Marion,.055453598
20117,KS,Marshall,.016416894
20119,KS,Meade,.010443301
20121,KS,Miami,.38422331
20123,KS,Mitchell,.0078177424
20125,KS,Montgomery,.14228155
20127,KS,Morris,.011984762
20129,KS,Morton,0
20131,KS,Nemaha,.034728099
20133,KS,Neosho,.11919127
20135,KS,Ness,.058230121
20137,KS,Norton,.0068466421
20139,KS,Osage,.14225152
20141,KS,Osborne,.025869874
20143,KS,Ottawa,.02322505
20145,KS,Pawnee,.001655862
20147,KS,Phillips,.14045784
20149,KS,Pottawatomie,.17355619
20151,KS,Pratt,.0032915671
20153,KS,Rawlins,.1116047
20155,KS,Reno,.39915007
20157,KS,Republic,.066914387
20159,KS,Rice,.016267657
20161,KS,Riley,.11574712
20163,KS,Rooks,.049243756
20165,KS,Rush,.055366844
20167,KS,Russell,.017613387
20169,KS,Saline,.054486874
20173,KS,Sedgwick,.28892002
20175,KS,Seward,.001719295
20177,KS,Shawnee,.35019997
20179,KS,Sheridan,.0036509121
20185,KS,Stafford,.010120382
20191,KS,Sumner,.047417805
20193,KS,Thomas,.02012239
20195,KS,Trego,.001697361
20197,KS,Wabaunsee,.061703004
20199,KS,Wallace,0
20201,KS,Washington,.028319681
20205,KS,Wilson,.11186893
20207,KS,Woodson,.0091570057
20209,KS,Wyandotte,4.8921299
21001,KY,Adair,.34102196
21003,KY,Allen,1.1101928
21005,KY,Anderson,.81587827
21007,KY,Ballard,.048600987
21009,KY,Barren,.25127184
21011,KY,Bath,.85665333
21013,KY,Bell,3.4764826
21015,KY,Boone,2.2982965
21017,KY,Bourbon,.12909412
21019,KY,Boyd,4.2948036
21021,KY,Boyle,.54244292
21023,KY,Bracken,.32148433
21025,KY,Breathitt,1.2266355
21027,KY,Breckinridge,.35078013
21029,KY,Bullitt,1.9752131
21031,KY,Butler,.18635152
21033,KY,Caldwell,.025974026
21035,KY,Calloway,.10756511
21037,KY,Campbell,4.7295341
21039,KY,Carlisle,.053347923
21041,KY,Carroll,.58997053
21043,KY,Carter,2.3591363
21045,KY,Casey,.88531458
21047,KY,Christian,.20017219
21049,KY,Clark,.515019
21051,KY,Clay,11.614427
21053,KY,Clinton,.11415142
21055,KY,Crittenden,.31685677
21057,KY,Cumberland,.14803272
21059,KY,Daviess,.10770608
21061,KY,Edmonson,.15328322
21063,KY,Elliott,.71053445
21065,KY,Estill,3.4996612
21067,KY,Fayette,.13334014
21069,KY,Fleming,.24271384
21071,KY,Floyd,1.384083
21073,KY,Franklin,.53677422
21075,KY,Fulton,.004295717
21077,KY,Gallatin,.79631925
21079,KY,Garrard,.24951915
21081,KY,Grant,1.2223266
21083,KY,Graves,.063660324
21085,KY,Grayson,.42266166
21087,KY,Green,.13531108
21089,KY,Greenup,2.6822968
21091,KY,Hancock,.45671877
21093,KY,Hardin,.24159174
21097,KY,Harrison,.36374742
21099,KY,Hart,.58825284
21101,KY,Henderson,.216296
21103,KY,Henry,.5151782
21105,KY,Hickman,.025747623
21107,KY,Hopkins,.061265979
21109,KY,Jackson,.36500052
21111,KY,Jefferson,1.5055977
21113,KY,Jessamine,.2798433
21115,KY,Johnson,.69984448
21117,KY,Kenton,5.2781467
21119,KY,Knott,0
21121,KY,Knox,.30782762
21123,KY,Larue,1.098455
21125,KY,Laurel,2.461055
21127,KY,Lawrence,1.9181585
21129,KY,Lee,1.0277492
21131,KY,Leslie,0
21133,KY,Letcher,1.5037594
21135,KY,Lewis,.20302983
21137,KY,Lincoln,.45145547
21139,KY,Livingston,.037526973
21141,KY,Logan,.090423957
21143,KY,Lyon,.28015333
21145,KY,McCracken,.79161608
21147,KY,McCreary,.48355898
21149,KY,McLean,.043951154
21151,KY,Madison,.9086253
21153,KY,Magoffin,2.2292993
21155,KY,Marion,.21242322
21157,KY,Marshall,.22282524
21161,KY,Mason,.15196094
21163,KY,Meade,.27344072
21165,KY,Menifee,.57202286
21167,KY,Mercer,.3236182
21169,KY,Metcalfe,.40834975
21171,KY,Monroe,.10228126
21173,KY,Montgomery,.1367989
21175,KY,Morgan,1.2904161
21177,KY,Muhlenberg,.049343299
21179,KY,Nelson,.1458744
21181,KY,Nicholas,.12054583
21183,KY,Ohio,.087013707
21185,KY,Oldham,3.2325408
21187,KY,Owen,.84278923
21189,KY,Owsley,1.7283951
21191,KY,Pendleton,1.0021787
21193,KY,Perry,.63045585
21195,KY,Pike,7.1301246
21197,KY,Powell,.40535063
21199,KY,Pulaski,1.0093694
21203,KY,Rockcastle,.18614438
21205,KY,Rowan,1.5854824
21207,KY,Russell,.056146968
21209,KY,Scott,.39988649
21211,KY,Shelby,1.0442164
21213,KY,Simpson,.10151185
21215,KY,Spencer,.5892148
21217,KY,Taylor,.23220223
21219,KY,Todd,.26574793
21221,KY,Trigg,.25218275
21223,KY,Trimble,2.2847099
21225,KY,Union,0
21227,KY,Warren,.47861907
21229,KY,Washington,1.1696773
21231,KY,Wayne,.13955812
21233,KY,Webster,.076192707
21235,KY,Whitley,1.1705686
21237,KY,Wolfe,1.8246027
21239,KY,Woodford,.21804129
22001,LA,Acadia,.49869293
22003,LA,Allen,.2407603
22005,LA,Ascension,.10247902
22009,LA,Avoyelles,.09144748
22011,LA,Beauregard,1.4321176
22013,LA,Bienville,.18844403
22015,LA,Bossier,1.8014457
22017,LA,Caddo,.60257626
22019,LA,Calcasieu,.14779514
22021,LA,Caldwell,.45280391
22023,LA,Cameron,.083756477
22025,LA,Catahoula,.010876304
22027,LA,Claiborne,.029484857
22029,LA,Concordia,.003382321
22031,LA,De Soto,.41305947
22033,LA,East Baton Rouge,.96002793
22035,LA,East Carroll,.001560436
22037,LA,East Feliciana,.17794913
22039,LA,Evangeline,.065474287
22041,LA,Franklin,.20325913
22043,LA,Grant,1.2585813
22045,LA,Iberia,.030379307
22049,LA,Jackson,.022903511
22053,LA,Jefferson Davis,.054035004
22055,LA,Lafayette,.18062398
22057,LA,Lafourche,.26559967
22059,LA,La Salle,0
22061,LA,Lincoln,.22910747
22063,LA,Livingston,1.2424933
22067,LA,Morehouse,.11583735
22069,LA,Natchitoches,.17674008
22071,LA,Orleans,2.6923077
22073,LA,Ouachita,.29752806
22075,LA,Plaquemines,4.6397233
22077,LA,Pointe Coupee,.26585323
22079,LA,Rapides,.35100725
22081,LA,Red River,.13225456
22083,LA,Richland,.021212574
22085,LA,Sabine,.016180774
22087,LA,St. Bernard,.41415012
22089,LA,St. Charles,9.9137936
22091,LA,St. Helena,.19557224
22093,LA,St. James,.11159705
22095,LA,St. John the Baptist,0
22097,LA,St. Landry,.32885262
22099,LA,St. Martin,.25007105
22101,LA,St. Mary,.050171036
22103,LA,St. Tammany,1.9050151
22105,LA,Tangipahoa,.60416347
22107,LA,Tensas,.091363795
22109,LA,Terrebonne,.061956201
22111,LA,Union,.016143093
22113,LA,Vermilion,.11194479
22115,LA,Vernon,.53125
22117,LA,Washington,.35338187
22119,LA,Webster,.44740504
22123,LA,West Carroll,.14060821
22125,LA,West Feliciana,.35364088
22127,LA,Winn,.083319448
23001,ME,Androscoggin,4.2038975
23003,ME,Aroostook,1.1818523
23005,ME,Cumberland,11.507755
23011,ME,Kennebec,1.7859651
23015,ME,Lincoln,25.713442
23017,ME,Oxford,6.7901554
23019,ME,Penobscot,4.0793538
23025,ME,Somerset,1.2263976
23029,ME,Washington,.32202372
23031,ME,York,11.974063
24001,MD,Allegany,4.1613317
24003,MD,Anne Arundel,3.6603966
24005,MD,Baltimore,3.3418081
24009,MD,Calvert,4.0929899
24011,MD,Caroline,1.4477638
24013,MD,Carroll,2.964071
24015,MD,Cecil,.60624701
24017,MD,Charles,4.1101623
24019,MD,Dorchester,.11226524
24021,MD,Frederick,1.8629659
24023,MD,Garrett,1.2173803
24025,MD,Harford,2.5259771
24027,MD,Howard,4.6325626
24029,MD,Kent,.11848553
24031,MD,Montgomery,4.9088764
24033,MD,Prince George's,7.977778
24035,MD,Queen Anne's,.31404513
24037,MD,St. Mary's,6.1743121
24039,MD,Somerset,.013701758
24041,MD,Talbot,.069266781
24043,MD,Washington,3.1210535
24045,MD,Wicomico,.2009978
24047,MD,Worcester,.092339344
25001,MA,Barnstable,6.5248079
25003,MA,Berkshire,6.1643224
25005,MA,Bristol,11.893888
25007,MA,Dukes,27.441994
25009,MA,Essex,21.746214
25011,MA,Franklin,6.2645307
25013,MA,Hampden,10.776009
25015,MA,Hampshire,9.0393877
25017,MA,Middlesex,10.977729
25019,MA,Nantucket,39.311596
25021,MA,Norfolk,19.523123
25023,MA,Plymouth,1.6527396
25025,MA,Suffolk,35.802467
25027,MA,Worcester,18.415741
26001,MI,Alcona,.56140351
26003,MI,Alger,3.6694214
26005,MI,Allegan,.30679968
26007,MI,Alpena,.59611887
26009,MI,Antrim,3.1291676
26011,MI,Arenac,.14257255
26013,MI,Baraga,1.0190217
26015,MI,Barry,1.0323336
26017,MI,Bay,.45131704
26019,MI,Benzie,5.0031271
26021,MI,Berrien,3.6386821
26023,MI,Branch,.34161031
26025,MI,Calhoun,.43447214
26027,MI,Cass,.39805725
26029,MI,Charlevoix,3.5393767
26031,MI,Cheboygan,1.8652291
26033,MI,Chippewa,1.6154703
26035,MI,Clare,.63847554
26037,MI,Clinton,.21322773
26039,MI,Crawford,6.1538463
26041,MI,Delta,2.8999064
26043,MI,Dickinson,.69259459
26045,MI,Eaton,.39143544
26047,MI,Emmet,18.054729
26049,MI,Genesee,1.2864025
26051,MI,Gladwin,1.8968369
26053,MI,Gogebic,4.8289738
26055,MI,Grand Traverse,5.1901789
26057,MI,Gratiot,.1483916
26059,MI,Hillsdale,.52373201
26061,MI,Houghton,5.4808173
26063,MI,Huron,.045832034
26065,MI,Ingham,.43627226
26067,MI,Ionia,.15905571
26069,MI,Iosco,.92489612
26071,MI,Iron,.84861755
26073,MI,Isabella,.4715243
26075,MI,Jackson,1.3058771
26077,MI,Kalamazoo,.29593924
26079,MI,Kalkaska,.61342722
26081,MI,Kent,1.300348
26085,MI,Lake,1.4774686
26087,MI,Lapeer,3.4449296
26089,MI,Leelanau,2.6105201
26091,MI,Lenawee,.44923279
26093,MI,Livingston,.94926411
26095,MI,Luce,.71922547
26097,MI,Mackinac,1.6791044
26099,MI,Macomb,4.9739223
26101,MI,Manistee,7.9575248
26103,MI,Marquette,9.4429941
26105,MI,Mason,.6164785
26107,MI,Mecosta,.52093911
26109,MI,Menominee,.30433312
26111,MI,Midland,.28820911
26113,MI,Missaukee,.12142664
26115,MI,Monroe,.74814403
26117,MI,Montcalm,.34261942
26119,MI,Montmorency,.95917362
26121,MI,Muskegon,.5131579
26123,MI,Newaygo,.68600237
26125,MI,Oakland,1.9801598
26127,MI,Oceana,.86973709
26129,MI,Ogemaw,.17941679
26131,MI,Ontonagon,1.1796733
26133,MI,Osceola,.71140879
26135,MI,Oscoda,1.9979731
26137,MI,Otsego,2.3213022
26139,MI,Ottawa,.59580278
26141,MI,Presque Isle,1.1349196
26145,MI,Saginaw,.30536982
26147,MI,St. Clair,.99687779
26149,MI,St. Joseph,.21675846
26151,MI,Sanilac,.12898904
26153,MI,Schoolcraft,1.0608857
26155,MI,Shiawassee,.34717917
26157,MI,Tuscola,.41647539
26159,MI,Van Buren,1.3767312
26161,MI,Washtenaw,2.0350726
26163,MI,Wayne,3.3465235
26165,MI,Wexford,2.1599834
27001,MN,Aitkin,1.5004133
27003,MN,Anoka,1.3350461
27005,MN,Becker,.095987275
27007,MN,Beltrami,.62992126
27009,MN,Benton,.73969269
27011,MN,Big Stone,.058922149
27013,MN,Blue Earth,.052629184
27015,MN,Brown,.031599537
27017,MN,Carlton,2.5545115
27019,MN,Carver,.31920117
27021,MN,Cass,.25948155
27023,MN,Chippewa,.090627819
27025,MN,Chisago,1.146294
27027,MN,Clay,.066570371
27029,MN,Clearwater,.70198035
27031,MN,Cook,3.8910506
27033,MN,Cottonwood,.037424151
27035,MN,Crow Wing,.6201176
27037,MN,Dakota,.47799245
27039,MN,Dodge,.051018815
27041,MN,Douglas,.22002201
27043,MN,Faribault,.025108583
27045,MN,Fillmore,.12565568
27047,MN,Freeborn,.042065285
27049,MN,Goodhue,.13197547
27051,MN,Grant,.017332971
27053,MN,Hennepin,1.8365417
27055,MN,Houston,.34391752
27057,MN,Hubbard,.93334204
27059,MN,Isanti,1.6042342
27061,MN,Itasca,4.0891194
27063,MN,Jackson,.0095652835
27065,MN,Kanabec,.60695177
27067,MN,Kandiyohi,.062375098
27071,MN,Koochiching,.50610626
27073,MN,Lac qui Parle,.025981775
27075,MN,Lake,5.3984575
27077,MN,Lake of the Woods,.09938278
27079,MN,Le Sueur,.19615974
27081,MN,Lincoln,.0060423571
27083,MN,Lyon,.010173268
27085,MN,McLeod,.2681914
27087,MN,Mahnomen,.15725727
27089,MN,Marshall,.019855304
27091,MN,Martin,.018722814
27093,MN,Meeker,.0774673
27095,MN,Mille Lacs,1.0966402
27097,MN,Morrison,.048146814
27099,MN,Mower,.018284954
27101,MN,Murray,.022436801
27103,MN,Nicollet,.075265758
27105,MN,Nobles,.059252497
27107,MN,Norman,.059025578
27109,MN,Olmsted,.24270971
27111,MN,Otter Tail,.31151846
27113,MN,Pennington,.065495037
27115,MN,Pine,.71053112
27117,MN,Pipestone,.041896991
27119,MN,Polk,.026239082
27121,MN,Pope,.064786457
27123,MN,Ramsey,7.7838206
27127,MN,Redwood,.054595049
27129,MN,Renville,.017878611
27131,MN,Rice,.5423401
27133,MN,Rock,.044177927
27135,MN,Roseau,.15150464
27137,MN,St. Louis,3.464447
27139,MN,Scott,.78256607
27141,MN,Sherburne,1.9534074
27143,MN,Sibley,.042702511
27145,MN,Stearns,.10030946
27147,MN,Steele,.060057394
27149,MN,Stevens,.03285449
27151,MN,Swift,.017395252
27153,MN,Todd,.14522159
27155,MN,Traverse,.0090723857
27157,MN,Wabasha,.31747955
27159,MN,Wadena,.47142732
27161,MN,Waseca,.015465308
27163,MN,Washington,3.9033306
27165,MN,Watonwan,.018146496
27167,MN,Wilkin,.005264041
27169,MN,Winona,.31911838
27171,MN,Wright,.68783951
27173,MN,Yellow Medicine,.035626218
28001,MS,Adams,.13169892
28003,MS,Alcorn,.052536059
28005,MS,Amite,.036541693
28007,MS,Attala,.17738935
28009,MS,Benton,.54340351
28011,MS,Bolivar,.00072199601
28013,MS,Calhoun,.073863707
28015,MS,Carroll,.073915899
28017,MS,Chickasaw,.50089502
28019,MS,Choctaw,.49929923
28021,MS,Claiborne,.043782838
28023,MS,Clarke,.22102748
28025,MS,Clay,.043358084
28027,MS,Coahoma,.030627189
28029,MS,Copiah,.024431558
28031,MS,Covington,.051098369
28033,MS,DeSoto,.18213843
28035,MS,Forrest,.47963932
28037,MS,Franklin,.038019199
28039,MS,George,.58585149
28041,MS,Greene,.61510354
28045,MS,Hancock,.77064222
28047,MS,Harrison,3.3352668
28049,MS,Hinds,.14713696
28053,MS,Humphreys,.0030145
28055,MS,Issaquena,0
28057,MS,Itawamba,.15381986
28059,MS,Jackson,.62578225
28061,MS,Jasper,.0082327398
28063,MS,Jefferson,.072527751
28065,MS,Jefferson Davis,.10277206
28067,MS,Jones,.042861883
28069,MS,Kemper,.058659628
28071,MS,Lafayette,.20140988
28073,MS,Lamar,.083899319
28075,MS,Lauderdale,1.5210536
28079,MS,Leake,.006354182
28081,MS,Lee,.055522241
28083,MS,Leflore,.0049615889
28085,MS,Lincoln,.051534586
28087,MS,Lowndes,.19272745
28089,MS,Madison,.069087744
28091,MS,Marion,.099684507
28093,MS,Marshall,.22931573
28095,MS,Monroe,.11769605
28099,MS,Neshoba,.0052743689
28101,MS,Newton,.060535051
28103,MS,Noxubee,.0064169751
28105,MS,Oktibbeha,.52822715
28107,MS,Panola,.16421732
28109,MS,Pearl River,.57938087
28111,MS,Perry,.38008884
28113,MS,Pike,.043039098
28115,MS,Pontotoc,.21080796
28117,MS,Prentiss,.051476739
28119,MS,Quitman,.010580767
28121,MS,Rankin,.053051353
28123,MS,Scott,.06793654
28127,MS,Simpson,.071130432
28129,MS,Smith,.031067898
28131,MS,Stone,.88951313
28133,MS,Sunflower,.0058437032
28137,MS,Tate,.28831425
28139,MS,Tippah,.06339144
28141,MS,Tishomingo,.03292181
28143,MS,Tunica,0
28145,MS,Union,.1583392
28147,MS,Walthall,.037576091
28149,MS,Warren,.022848936
28153,MS,Wayne,.0066994079
28155,MS,Webster,.0098342923
28157,MS,Wilkinson,.11166946
28159,MS,Winston,.061578829
28161,MS,Yalobusha,.087250516
28163,MS,Yazoo,.031730711
29001,MO,Adair,.21514991
29003,MO,Andrew,.30166435
29005,MO,Atchison,.017652147
29007,MO,Audrain,.21429422
29009,MO,Barry,.042199753
29011,MO,Barton,.10904036
29013,MO,Bates,.10658421
29015,MO,Benton,.086128525
29017,MO,Bollinger,.39214447
29019,MO,Boone,.83165663
29021,MO,Buchanan,.1303086
29023,MO,Butler,.11953011
29025,MO,Caldwell,.10552052
29027,MO,Callaway,.31677246
29029,MO,Camden,.19358879
29031,MO,Cape Girardeau,.3064996
29033,MO,Carroll,.025294721
29035,MO,Carter,.34707159
29037,MO,Cass,.42906013
29039,MO,Cedar,.3773585
29041,MO,Chariton,.12841117
29043,MO,Christian,.78691494
29045,MO,Clark,.3816582
29047,MO,Clay,.40910354
29051,MO,Cole,.47430417
29053,MO,Cooper,.15838751
29055,MO,Crawford,.57879508
29057,MO,Dade,.076279849
29059,MO,Dallas,.53867114
29061,MO,Daviess,.12936209
29063,MO,DeKalb,.10845444
29065,MO,Dent,.88189518
29067,MO,Douglas,.22516437
29069,MO,Dunklin,.15627198
29071,MO,Franklin,.7977519
29073,MO,Gasconade,.65515649
29075,MO,Gentry,.052113354
29077,MO,Greene,.62698948
29079,MO,Grundy,.26639205
29081,MO,Harrison,.13425469
29083,MO,Henry,.048654836
29085,MO,Hickory,.12795161
29087,MO,Holt,.04425991
29089,MO,Howard,.14651094
29091,MO,Howell,.27253515
29093,MO,Iron,.63365018
29095,MO,Jackson,.53178412
29097,MO,Jasper,.10252837
29099,MO,Jefferson,2.1285965
29101,MO,Johnson,.29949862
29103,MO,Knox,.4324466
29105,MO,Laclede,.26592049
29107,MO,Lafayette,.69114774
29109,MO,Lawrence,.19862863
29111,MO,Lewis,.050477691
29113,MO,Lincoln,.23701939
29115,MO,Linn,.25813422
29117,MO,Livingston,.10064246
29119,MO,McDonald,.17575292
29121,MO,Macon,.10322542
29123,MO,Madison,.19071491
29125,MO,Maries,.46796563
29127,MO,Marion,.07116539
29129,MO,Mercer,.01168338
29131,MO,Miller,.10681582
29135,MO,Moniteau,.20059949
29137,MO,Monroe,.18221702
29139,MO,Montgomery,.059347183
29141,MO,Morgan,.22299084
29143,MO,New Madrid,0
29145,MO,Newton,.11609323
29147,MO,Nodaway,.075576179
29149,MO,Oregon,.22002201
29151,MO,Osage,.57083285
29153,MO,Ozark,.29837805
29155,MO,Pemiscot,0
29157,MO,Perry,.35201263
29159,MO,Pettis,.076831818
29161,MO,Phelps,1.1947432
29163,MO,Pike,.13279149
29165,MO,Platte,.42339832
29167,MO,Polk,.29459402
29169,MO,Pulaski,.27969855
29171,MO,Putnam,.0441337
29173,MO,Ralls,.038315576
29175,MO,Randolph,.10624966
29177,MO,Ray,.5475775
29179,MO,Reynolds,.24885939
29181,MO,Ripley,.13589087
29183,MO,St. Charles,.41602662
29185,MO,St. Clair,.11229646
29186,MO,Ste. Genevieve,1.1276923
29187,MO,St. Francois,.66419083
29195,MO,Saline,.066505983
29197,MO,Schuyler,.062497944
29199,MO,Scotland,.04258633
29201,MO,Scott,.078929104
29203,MO,Shannon,.13352408
29205,MO,Shelby,.059019078
29207,MO,Stoddard,.038415138
29209,MO,Stone,.44066912
29211,MO,Sullivan,.053459499
29213,MO,Taney,.53850758
29215,MO,Texas,.15234105
29217,MO,Vernon,.22488362
29219,MO,Warren,1.5883626
29221,MO,Washington,1.165417
29223,MO,Wayne,.21828455
29225,MO,Webster,.3348918
29227,MO,Worth,.02964001
29229,MO,Wright,.35775524
30001,MT,Beaverhead,.12248383
30003,MT,Big Horn,.02115001
30005,MT,Blaine,.20554082
30009,MT,Carbon,.19515495
30011,MT,Carter,.039663937
30013,MT,Cascade,.46432942
30015,MT,Chouteau,.10962556
30017,MT,Custer,.10439464
30019,MT,Daniels,.032630548
30021,MT,Dawson,.093324207
30023,MT,Deer Lodge,.30663779
30025,MT,Fallon,.039025776
30027,MT,Fergus,.043919846
30029,MT,Flathead,2.9270122
30031,MT,Gallatin,.41332453
30033,MT,Garfield,.035651602
30035,MT,Glacier,.070089698
30037,MT,Golden Valley,.29453015
30039,MT,Granite,.031328321
30041,MT,Hill,.098798558
30043,MT,Jefferson,.32554406
30045,MT,Judith Basin,.030252282
30047,MT,Lake,1.0802114
30049,MT,Lewis and Clark,.45534602
30051,MT,Liberty,.30355287
30053,MT,Lincoln,5.0778995
30057,MT,Madison,.15014645
30059,MT,Meagher,.27175307
30063,MT,Missoula,2.9772844
30065,MT,Musselshell,.1601302
30067,MT,Park,.68334764
30069,MT,Petroleum,.01898494
30071,MT,Phillips,.13048017
30073,MT,Pondera,.28218293
30075,MT,Powder River,.020827658
30077,MT,Powell,.35651666
30079,MT,Prairie,.054497659
30081,MT,Ravalli,1.8516918
30083,MT,Richland,.032335483
30087,MT,Rosebud,.18421827
30089,MT,Sanders,1.4338933
30091,MT,Sheridan,.02543333
30095,MT,Stillwater,.21269864
30097,MT,Sweet Grass,.5075233
30099,MT,Teton,.13133663
30101,MT,Toole,.05453784
30105,MT,Valley,.0019806691
30107,MT,Wheatland,.45913681
30111,MT,Yellowstone,.10331389
31001,NE,Adams,.017465953
31003,NE,Antelope,.0024293801
31007,NE,Banner,.01681044
31009,NE,Blaine,.034625039
31011,NE,Boone,.00088223303
31013,NE,Box Butte,.018379221
31015,NE,Boyd,.019076992
31017,NE,Brown,.003070137
31019,NE,Buffalo,.087060615
31021,NE,Burt,.012778652
31023,NE,Butler,.01374839
31025,NE,Cass,.10111359
31027,NE,Cedar,.017235436
31029,NE,Chase,.012292859
31031,NE,Cherry,.010941761
31033,NE,Cheyenne,.022851141
31035,NE,Clay,.0036611571
31037,NE,Colfax,.00295942
31039,NE,Cuming,.028391698
31041,NE,Custer,.028392119
31043,NE,Dakota,.013702948
31045,NE,Dawes,.054210573
31047,NE,Dawson,.010529106
31049,NE,Deuel,.022656793
31053,NE,Dodge,.04202351
31055,NE,Douglas,.47398266
31057,NE,Dundy,.020959003
31059,NE,Fillmore,.0041815261
31061,NE,Franklin,.001678881
31063,NE,Frontier,.022467041
31065,NE,Furnas,.0060588028
31067,NE,Gage,.063403241
31069,NE,Garden,.001760192
31075,NE,Grant,0
31077,NE,Greeley,.012263396
31079,NE,Hall,.01047936
31083,NE,Harlan,.0058166068
31085,NE,Hayes,.003059695
31087,NE,Hitchcock,.064437039
31089,NE,Holt,.043686446
31091,NE,Hooker,.034760442
31093,NE,Howard,.021519434
31095,NE,Jefferson,.01229525
31097,NE,Johnson,.18360919
31099,NE,Kearney,.0053997668
31101,NE,Keith,.010072919
31103,NE,Keya Paha,.00560334
31105,NE,Kimball,.15952635
31107,NE,Knox,.017900238
31109,NE,Lancaster,.74086159
31111,NE,Lincoln,.011499231
31113,NE,Logan,.042862248
31115,NE,Loup,.046769768
31117,NE,McPherson,0
31119,NE,Madison,.040176909
31121,NE,Merrick,.062495004
31123,NE,Morrill,.001448427
31125,NE,Nance,.0075404961
31127,NE,Nemaha,.072130725
31129,NE,Nuckolls,.0083132433
31131,NE,Otoe,.38303053
31133,NE,Pawnee,.033012018
31135,NE,Perkins,.043751474
31137,NE,Phelps,.001759622
31139,NE,Pierce,.01837616
31141,NE,Platte,.080661856
31145,NE,Red Willow,.040995184
31147,NE,Richardson,.093814418
31149,NE,Rock,.011248824
31151,NE,Saline,.037840504
31153,NE,Sarpy,.30827788
31155,NE,Saunders,.07831718
31157,NE,Scotts Bluff,.023842365
31159,NE,Seward,.024957135
31161,NE,Sheridan,.033428445
31163,NE,Sherman,.032410085
31165,NE,Sioux,.081503503
31167,NE,Stanton,.032951824
31169,NE,Thayer,.0076187728
31171,NE,Thomas,0
31173,NE,Thurston,0
31175,NE,Valley,.0082889628
31177,NE,Washington,.14130601
31179,NE,Wayne,.0044279788
31181,NE,Webster,.022476962
31183,NE,Wheeler,.0073121921
31185,NE,York,.048626307
32001,NV,Churchill,1.0162783
32003,NV,Clark,22.256411
32007,NV,Elko,.12863687
32009,NV,Esmeralda,0
32013,NV,Humboldt,.028816953
32015,NV,Lander,.045852862
32017,NV,Lincoln,4.2300239
32019,NV,Lyon,.25030631
32023,NV,Nye,.060997233
32027,NV,Pershing,.0031872001
32031,NV,Washoe,.81590718
32510,NV,Carson City,0
33001,NH,Belknap,15.389568
33003,NH,Carroll,23.980991
33005,NH,Cheshire,14.321158
33007,NH,Coos,2.9368265
33009,NH,Grafton,4.2405553
33011,NH,Hillsborough,22.455408
33013,NH,Merrimack,6.1922855
33015,NH,Rockingham,17.940218
33017,NH,Strafford,9.1363811
33019,NH,Sullivan,7.5963259
34001,NJ,Atlantic,1.9658802
34003,NJ,Bergen,9.7767515
34005,NJ,Burlington,1.7593942
34007,NJ,Camden,7.6106639
34009,NJ,Cape May,7.4249411
34011,NJ,Cumberland,.9139362
34015,NJ,Gloucester,4.409853
34019,NJ,Hunterdon,5.7167516
34021,NJ,Mercer,5.3728013
34023,NJ,Middlesex,4.834023
34025,NJ,Monmouth,1.7047541
34027,NJ,Morris,7.7218447
34029,NJ,Ocean,6.3463202
34031,NJ,Passaic,8.5273571
34033,NJ,Salem,5.7807183
34035,NJ,Somerset,1.8012583
34037,NJ,Sussex,6.7813873
34041,NJ,Warren,2.357327
35001,NM,Bernalillo,6.265512
35003,NM,Catron,.29822633
35005,NM,Chaves,.0097913174
35007,NM,Colfax,.25738585
35011,NM,De Baca,.091792881
35013,NM,DoÃ±a Ana,.51134938
35015,NM,Eddy,.037636746
35017,NM,Grant,.63260674
35019,NM,Guadalupe,.12987746
35021,NM,Harding,.19266395
35023,NM,Hidalgo,.078891404
35025,NM,Lea,.011644771
35027,NM,Lincoln,.80047435
35029,NM,Luna,.74101341
35031,NM,McKinley,.58409822
35033,NM,Mora,.26671255
35035,NM,Otero,1.9132217
35039,NM,Rio Arriba,5.7273827
35041,NM,Roosevelt,.099877425
35043,NM,Sandoval,1.0013225
35045,NM,San Juan,.83998263
35047,NM,San Miguel,.81584454
35049,NM,Santa Fe,2.3716342
35051,NM,Sierra,.060995758
35053,NM,Socorro,.5877251
35055,NM,Taos,3.4818776
35057,NM,Torrance,.21018456
35059,NM,Union,.044834822
35061,NM,Valencia,.32816282
36001,NY,Albany,2.4305329
36003,NY,Allegany,1.0728209
36007,NY,Broome,1.8428679
36009,NY,Cattaraugus,.83020622
36011,NY,Cayuga,.70602506
36013,NY,Chautauqua,.80754286
36015,NY,Chemung,2.205745
36017,NY,Chenango,3.1501198
36019,NY,Clinton,.60000402
36021,NY,Columbia,8.1850157
36023,NY,Cortland,.90465367
36025,NY,Delaware,2.8939312
36027,NY,Dutchess,11.541757
36029,NY,Erie,2.6046596
36031,NY,Essex,11.179435
36033,NY,Franklin,1.0883255
36035,NY,Fulton,1.1611655
36037,NY,Genesee,.21481144
36039,NY,Greene,7.2302608
36041,NY,Hamilton,25.287355
36043,NY,Herkimer,1.1967292
36045,NY,Jefferson,.50172418
36047,NY,Kings,10.386353
36049,NY,Lewis,.57355517
36051,NY,Livingston,.6273821
36053,NY,Madison,1.5272233
36055,NY,Monroe,3.2623096
36057,NY,Montgomery,.93788528
36059,NY,Nassau,20.112089
36063,NY,Niagara,2.4699409
36065,NY,Oneida,2.5108447
36067,NY,Onondaga,2.1821768
36069,NY,Ontario,.85622704
36071,NY,Orange,7.5116439
36073,NY,Orleans,1.0404263
36075,NY,Oswego,3.6973236
36077,NY,Otsego,1.620731
36079,NY,Putnam,1.4742014
36081,NY,Queens,3.1055901
36083,NY,Rensselaer,2.4328196
36085,NY,Richmond,0
36087,NY,Rockland,28.143023
36089,NY,St. Lawrence,.74027425
36091,NY,Saratoga,2.1908762
36093,NY,Schenectady,12.97765
36095,NY,Schoharie,6.7063293
36097,NY,Schuyler,2.2868321
36099,NY,Seneca,1.0006223
36101,NY,Steuben,.52669251
36103,NY,Suffolk,3.7286608
36105,NY,Sullivan,2.394834
36107,NY,Tioga,2.7021878
36109,NY,Tompkins,3.6904037
36111,NY,Ulster,6.2684484
36115,NY,Washington,2.32991
36117,NY,Wayne,1.0417984
36119,NY,Westchester,5.7727275
36121,NY,Wyoming,.2156952
36123,NY,Yates,1.1835381
37001,NC,Alamance,1.6125114
37003,NC,Alexander,.36020675
37005,NC,Alleghany,.45129335
37007,NC,Anson,.012895572
37009,NC,Ashe,.74155653
37011,NC,Avery,2.2211885
37013,NC,Beaufort,.048518538
37015,NC,Bertie,.14433731
37017,NC,Bladen,.19576195
37021,NC,Buncombe,2.0969253
37023,NC,Burke,.74931127
37025,NC,Cabarrus,.26497653
37027,NC,Caldwell,.50578845
37029,NC,Camden,.012266678
37031,NC,Carteret,1.4311638
37033,NC,Caswell,1.1827235
37035,NC,Catawba,.12331372
37037,NC,Chatham,.38741007
37041,NC,Chowan,.22482078
37043,NC,Clay,7.394588
37045,NC,Cleveland,.37656084
37047,NC,Columbus,.066660561
37049,NC,Craven,.39094871
37051,NC,Cumberland,.21757801
37053,NC,Currituck,1.0667078
37055,NC,Dare,0
37057,NC,Davidson,.52564102
37059,NC,Davie,.41798106
37061,NC,Duplin,.027655452
37063,NC,Durham,1.2234043
37065,NC,Edgecombe,.035250988
37067,NC,Forsyth,3.3304336
37069,NC,Franklin,.64075023
37071,NC,Gaston,1.6420361
37073,NC,Gates,.014966251
37075,NC,Graham,1.5798713
37077,NC,Granville,.61309391
37079,NC,Greene,.095993459
37081,NC,Guilford,.89517361
37083,NC,Halifax,.1013345
37085,NC,Harnett,.23335384
37087,NC,Haywood,3.7805309
37089,NC,Henderson,3.2745266
37091,NC,Hertford,.030743586
37093,NC,Hoke,.0072296122
37095,NC,Hyde,.040476423
37097,NC,Iredell,.46887806
37099,NC,Jackson,.91374266
37101,NC,Johnston,.31224191
37103,NC,Jones,.053887729
37105,NC,Lee,.28203061
37109,NC,Lincoln,.40381142
37111,NC,McDowell,.18267742
37113,NC,Macon,4.1858816
37115,NC,Madison,9.2002831
37117,NC,Martin,.019931832
37121,NC,Mitchell,5.3836884
37123,NC,Montgomery,.54302049
37125,NC,Moore,.4180494
37127,NC,Nash,.77026975
37129,NC,New Hanover,.31757894
37131,NC,Northampton,.012785223
37133,NC,Onslow,.067660443
37135,NC,Orange,4.6450853
37137,NC,Pamlico,.025106004
37139,NC,Pasquotank,.044911265
37141,NC,Pender,.065685987
37143,NC,Perquimans,.10525783
37145,NC,Person,.93107146
37147,NC,Pitt,.031494897
37151,NC,Randolph,.161596
37153,NC,Richmond,.048426151
37155,NC,Robeson,.10424118
37157,NC,Rockingham,1.0821851
37159,NC,Rowan,.70134914
37161,NC,Rutherford,.5392608
37163,NC,Sampson,.031935353
37165,NC,Scotland,.019470641
37167,NC,Stanly,.32119361
37169,NC,Stokes,.76025069
37171,NC,Surry,.28300843
37173,NC,Swain,1.3293943
37175,NC,Transylvania,3.4330337
37177,NC,Tyrrell,.052056219
37179,NC,Union,.047589719
37181,NC,Vance,.16768822
37183,NC,Wake,1.0024064
37185,NC,Warren,.46411857
37187,NC,Washington,.23842609
37189,NC,Watauga,1.2360212
37191,NC,Wayne,.083503112
37193,NC,Wilkes,.24111016
37195,NC,Wilson,.065133162
37197,NC,Yadkin,.12673458
37199,NC,Yancey,2.908901
38003,ND,Barnes,.00079712999
38005,ND,Benson,.0049869302
38007,ND,Billings,.019090736
38009,ND,Bottineau,.010234931
38011,ND,Bowman,.014360466
38013,ND,Burke,.0047554742
38015,ND,Burleigh,.013918892
38017,ND,Cass,.0054663308
38019,ND,Cavalier,.034675308
38021,ND,Dickey,.016489962
38023,ND,Divide,0
38025,ND,Dunn,.024842132
38027,ND,Eddy,.030445745
38031,ND,Foster,.001180568
38033,ND,Golden Valley,.020144707
38035,ND,Grand Forks,.011428252
38037,ND,Grant,.020370487
38039,ND,Griggs,.001564602
38041,ND,Hettinger,.0094320644
38043,ND,Kidder,.037756965
38045,ND,LaMoure,.0051294151
38047,ND,Logan,.0069727311
38049,ND,McHenry,.0095855026
38051,ND,McIntosh,.01073184
38053,ND,McKenzie,.062036909
38055,ND,McLean,.0088614412
38057,ND,Mercer,.018251743
38059,ND,Morton,.070147708
38061,ND,Mountrail,.0077478839
38063,ND,Nelson,.0075466521
38065,ND,Oliver,.34037077
38067,ND,Pembina,.01798136
38069,ND,Pierce,0
38071,ND,Ramsey,.0042358702
38073,ND,Ransom,.017292835
38075,ND,Renville,0
38077,ND,Richland,.029869804
38079,ND,Rolette,.0064857448
38089,ND,Stark,.01310762
38091,ND,Steele,0
38093,ND,Stutsman,.0088254027
38095,ND,Towner,.0025404701
38099,ND,Walsh,.016036488
38101,ND,Ward,.072142184
38103,ND,Wells,.0080895144
39001,OH,Adams,.49606743
39003,OH,Allen,.5191164
39005,OH,Ashland,.34162959
39007,OH,Ashtabula,.88382608
39009,OH,Athens,6.713448
39011,OH,Auglaize,.090783149
39013,OH,Belmont,1.4949094
39015,OH,Brown,.23973846
39017,OH,Butler,.80873311
39019,OH,Carroll,1.0893135
39021,OH,Champaign,.53828579
39023,OH,Clark,.20738168
39025,OH,Clermont,.70149434
39027,OH,Clinton,.31249428
39029,OH,Columbiana,1.0584515
39031,OH,Coshocton,.23022288
39033,OH,Crawford,.066789202
39035,OH,Cuyahoga,2.2515907
39037,OH,Darke,.095800847
39039,OH,Defiance,.13123244
39041,OH,Delaware,.32074156
39043,OH,Erie,1.3609146
39045,OH,Fairfield,.55459499
39047,OH,Fayette,.057822395
39049,OH,Franklin,1.3021481
39051,OH,Fulton,.30157501
39053,OH,Gallia,1.095999
39055,OH,Geauga,5.4044757
39057,OH,Greene,.60684419
39059,OH,Guernsey,1.2190015
39061,OH,Hamilton,2.1272995
39063,OH,Hancock,.27083528
39065,OH,Hardin,.049182974
39067,OH,Harrison,.53179824
39069,OH,Henry,.063018858
39071,OH,Highland,.52725714
39073,OH,Hocking,2.9417312
39075,OH,Holmes,.58721596
39077,OH,Huron,.15367348
39079,OH,Jackson,1.8362375
39081,OH,Jefferson,1.4944438
39083,OH,Knox,.56323183
39085,OH,Lake,.65996116
39087,OH,Lawrence,2.7640264
39089,OH,Licking,.70224428
39091,OH,Logan,.54423147
39093,OH,Lorain,.98492461
39095,OH,Lucas,1.311733
39097,OH,Madison,.38238451
39099,OH,Mahoning,3.5187705
39101,OH,Marion,.11952718
39103,OH,Medina,2.155849
39105,OH,Meigs,2.4174609
39107,OH,Mercer,.012073123
39109,OH,Miami,.77907676
39111,OH,Monroe,1.3604447
39113,OH,Montgomery,.48720118
39115,OH,Morgan,2.764374
39117,OH,Morrow,.58535475
39119,OH,Muskingum,.64542776
39121,OH,Noble,.78893441
39123,OH,Ottawa,.4756363
39125,OH,Paulding,.046484292
39127,OH,Perry,.49057925
39129,OH,Pickaway,.22862978
39131,OH,Pike,1.1123925
39133,OH,Portage,3.1157711
39135,OH,Preble,.39399576
39137,OH,Putnam,.073187783
39139,OH,Richland,.6341213
39141,OH,Ross,.57892561
39143,OH,Sandusky,.62621063
39145,OH,Scioto,1.1933712
39147,OH,Seneca,.21824805
39149,OH,Shelby,.078419678
39151,OH,Stark,1.0000535
39153,OH,Summit,8.3303795
39155,OH,Trumbull,.97955132
39157,OH,Tuscarawas,.35520515
39159,OH,Union,.26978099
39161,OH,Van Wert,.084423609
39163,OH,Vinton,1.6163335
39165,OH,Warren,.67608082
39167,OH,Washington,1.9226352
39169,OH,Wayne,.33937007
39171,OH,Williams,.12859388
39173,OH,Wood,.17127423
39175,OH,Wyandot,.049815226
40001,OK,Adair,.060285352
40003,OK,Alfalfa,.0077134399
40005,OK,Atoka,.27301252
40007,OK,Beaver,.017113214
40009,OK,Beckham,.047435116
40011,OK,Blaine,.067275278
40013,OK,Bryan,.13949747
40015,OK,Caddo,.051209632
40017,OK,Canadian,.14818677
40019,OK,Carter,.15775263
40021,OK,Cherokee,.12906389
40023,OK,Choctaw,.048464928
40027,OK,Cleveland,.98124874
40029,OK,Coal,.026749888
40031,OK,Comanche,.13720895
40033,OK,Cotton,.054321676
40035,OK,Craig,.30304277
40037,OK,Creek,.79918379
40039,OK,Custer,.060096737
40041,OK,Delaware,.043239165
40043,OK,Dewey,.023787435
40045,OK,Ellis,.01753097
40047,OK,Garfield,.011199979
40049,OK,Garvin,.39418301
40051,OK,Grady,.20381559
40053,OK,Grant,.01445042
40057,OK,Harmon,0
40061,OK,Haskell,.10420039
40063,OK,Hughes,.022168279
40065,OK,Jackson,.030101215
40069,OK,Johnston,.21725063
40071,OK,Kay,.14417365
40073,OK,Kingfisher,.053143829
40075,OK,Kiowa,.0064932052
40077,OK,Latimer,.16680907
40079,OK,Le Flore,.059869193
40081,OK,Lincoln,.76684743
40083,OK,Logan,.26145276
40085,OK,Love,.17579842
40087,OK,McClain,.43329343
40089,OK,McCurtain,.1183004
40091,OK,McIntosh,.41318601
40093,OK,Major,.093924329
40097,OK,Mayes,.17768769
40099,OK,Murray,.21434696
40101,OK,Muskogee,.43713036
40105,OK,Nowata,.2849074
40107,OK,Okfuskee,.21909595
40109,OK,Oklahoma,.90624082
40111,OK,Okmulgee,.21002984
40113,OK,Osage,.059269503
40115,OK,Ottawa,.1224521
40117,OK,Pawnee,.13848342
40119,OK,Payne,1.0159737
40121,OK,Pittsburg,.18999062
40123,OK,Pontotoc,.25537112
40125,OK,Pottawatomie,.48921189
40127,OK,Pushmataha,.089071602
40129,OK,Roger Mills,.07175941
40131,OK,Rogers,.50334561
40133,OK,Seminole,.12855831
40135,OK,Sequoyah,.055870958
40137,OK,Stephens,.087765075
40139,OK,Texas,.01420229
40141,OK,Tillman,.0029283429
40143,OK,Tulsa,1.7914845
40145,OK,Wagoner,.63822246
40147,OK,Washington,.2702269
40153,OK,Woodward,.043779455
41001,OR,Baker,.31955048
41003,OR,Benton,3.5864673
41005,OR,Clackamas,.99664813
41007,OR,Clatsop,2.0963271
41009,OR,Columbia,1.3464763
41011,OR,Coos,.60154855
41013,OR,Crook,.6335997
41015,OR,Curry,.64615816
41017,OR,Deschutes,4.4141955
41019,OR,Douglas,2.7174668
41021,OR,Gilliam,.011349707
41023,OR,Grant,.57570976
41025,OR,Harney,.070829488
41027,OR,Hood River,1.9710311
41029,OR,Jackson,2.3734152
41031,OR,Jefferson,.090724565
41033,OR,Josephine,5.5670762
41035,OR,Klamath,.15262969
41037,OR,Lake,.21483782
41039,OR,Lane,3.9583743
41041,OR,Lincoln,28.106936
41043,OR,Linn,.90906829
41045,OR,Malheur,.064011753
41047,OR,Marion,1.0690624
41049,OR,Morrow,.014785843
41051,OR,Multnomah,5.5225139
41053,OR,Polk,.76878929
41055,OR,Sherman,.016519217
41057,OR,Tillamook,.43964112
41059,OR,Umatilla,.21283431
41061,OR,Union,.38759691
41063,OR,Wallowa,.54054052
41065,OR,Wasco,.39985299
41067,OR,Washington,1.3711697
41069,OR,Wheeler,.035315722
41071,OR,Yamhill,.49456653
42001,PA,Adams,1.8310516
42003,PA,Allegheny,10.483793
42005,PA,Armstrong,2.0635231
42007,PA,Beaver,6.5557308
42009,PA,Bedford,.8467676
42011,PA,Berks,.76771623
42013,PA,Blair,.92571098
42015,PA,Bradford,.57611382
42017,PA,Bucks,6.1440611
42019,PA,Butler,4.4872885
42021,PA,Cambria,1.4184614
42023,PA,Cameron,16.473988
42025,PA,Carbon,1.8096156
42027,PA,Centre,1.3834747
42029,PA,Chester,.593876
42031,PA,Clarion,.86063761
42033,PA,Clearfield,2.1839163
42035,PA,Clinton,.79593116
42037,PA,Columbia,1.9636588
42039,PA,Crawford,.83394355
42041,PA,Cumberland,.88044393
42043,PA,Dauphin,.29203272
42045,PA,Delaware,1.3904508
42047,PA,Elk,2.9557815
42049,PA,Erie,1.5751295
42051,PA,Fayette,4.3666506
42053,PA,Forest,5.2747254
42055,PA,Franklin,.75083494
42057,PA,Fulton,.30580461
42059,PA,Greene,1.4477837
42061,PA,Huntingdon,1.2994236
42063,PA,Indiana,.82606566
42065,PA,Jefferson,.71405387
42067,PA,Juniata,.98284698
42069,PA,Lackawanna,9.2468081
42071,PA,Lancaster,.80788958
42073,PA,Lawrence,1.7316129
42075,PA,Lebanon,.51528519
42077,PA,Lehigh,1.7691808
42079,PA,Luzerne,7.040442
42081,PA,Lycoming,1.6689289
42083,PA,McKean,3.2310178
42085,PA,Mercer,1.2776769
42087,PA,Mifflin,.44244492
42089,PA,Monroe,7.7455807
42091,PA,Montgomery,5.2863951
42093,PA,Montour,.42593569
42095,PA,Northampton,2.6876035
42097,PA,Northumberland,1.5342849
42099,PA,Perry,.70797217
42101,PA,Philadelphia,7.03125
42105,PA,Potter,.75881523
42107,PA,Schuylkill,.96229792
42109,PA,Snyder,.61271471
42111,PA,Somerset,1.0008732
42115,PA,Susquehanna,1.1380162
42117,PA,Tioga,.5594458
42119,PA,Union,.31330439
42121,PA,Venango,1.6988907
42123,PA,Warren,4.7235746
42125,PA,Washington,5.2524567
42127,PA,Wayne,3.162092
42129,PA,Westmoreland,3.9642048
42131,PA,Wyoming,3.5098522
42133,PA,York,1.9674106
44001,RI,Bristol,5.058074
44003,RI,Kent,5.0999312
44005,RI,Newport,11.948052
44007,RI,Providence,17.344982
44009,RI,Washington,7.1318088
45001,SC,Abbeville,2.1380384
45003,SC,Aiken,.23665446
45005,SC,Allendale,.52351928
45007,SC,Anderson,.91570717
45011,SC,Barnwell,.42992082
45015,SC,Berkeley,3.6691904
45017,SC,Calhoun,.11046672
45021,SC,Cherokee,.17049235
45023,SC,Chester,.69467258
45025,SC,Chesterfield,.8819477
45027,SC,Clarendon,.075209513
45029,SC,Colleton,.87591243
45031,SC,Darlington,.041030884
45033,SC,Dillon,.016644347
45035,SC,Dorchester,.83857024
45037,SC,Edgefield,1.466046
45039,SC,Fairfield,.029133756
45041,SC,Florence,.20722704
45043,SC,Georgetown,.15614021
45045,SC,Greenville,15.009358
45047,SC,Greenwood,.46441948
45051,SC,Horry,.24285983
45053,SC,Jasper,.37517586
45055,SC,Kershaw,.02718056
45057,SC,Lancaster,.08331731
45061,SC,Lee,.001686497
45063,SC,Lexington,2.5004709
45065,SC,McCormick,.096098408
45067,SC,Marion,.16974588
45069,SC,Marlboro,.025874058
45071,SC,Newberry,.017201219
45073,SC,Oconee,.26527166
45075,SC,Orangeburg,.78559923
45077,SC,Pickens,1.2913162
45079,SC,Richland,.21306345
45081,SC,Saluda,.274784
45083,SC,Spartanburg,9.6356955
45085,SC,Sumter,.070503488
45087,SC,Union,.30630866
45089,SC,Williamsburg,.22973257
45091,SC,York,1.1875503
46003,SD,Aurora,.0039290879
46005,SD,Beadle,.04231105
46007,SD,Bennett,.022525422
46009,SD,Bon Homme,.072316639
46011,SD,Brookings,.018878005
46013,SD,Brown,.0074907951
46015,SD,Brule,.053684693
46019,SD,Butte,.29993364
46023,SD,Charles Mix,.1009188
46025,SD,Clark,.085012533
46027,SD,Clay,.055769566
46029,SD,Codington,.054520883
46033,SD,Custer,.73424828
46035,SD,Davison,.022846119
46037,SD,Day,.016339352
46039,SD,Deuel,.015189617
46041,SD,Dewey,.031761155
46043,SD,Douglas,.013620499
46045,SD,Edmunds,.019896979
46047,SD,Fall River,.090708382
46049,SD,Faulk,.031433895
46051,SD,Grant,.0099659907
46053,SD,Gregory,.024432477
46055,SD,Haakon,0
46057,SD,Hamlin,.036126785
46059,SD,Hand,.001406287
46061,SD,Hanson,.0036150019
46065,SD,Hughes,.25898772
46067,SD,Hutchinson,.068726674
46069,SD,Hyde,.30954829
46073,SD,Jerauld,.0050349431
46075,SD,Jones,.0015325201
46077,SD,Kingsbury,.0057500182
46079,SD,Lake,.04560693
46081,SD,Lawrence,.20995171
46083,SD,Lincoln,.034249555
46085,SD,Lyman,.036560666
46087,SD,McCook,.18220623
46089,SD,McPherson,.079061799
46091,SD,Marshall,.002933115
46093,SD,Meade,.071279511
46095,SD,Mellette,.12983641
46097,SD,Miner,.0097012809
46099,SD,Minnehaha,.077706695
46101,SD,Moody,.029771458
46103,SD,Pennington,.19316764
46109,SD,Roberts,.013536595
46111,SD,Sanborn,.047157496
46115,SD,Spink,.0031278629
46119,SD,Sully,0
46121,SD,Todd,0
46123,SD,Tripp,.054579195
46125,SD,Turner,.034032088
46127,SD,Union,.0069425162
46129,SD,Walworth,.018669698
46135,SD,Yankton,.0093676019
47001,TN,Anderson,3.4424853
47003,TN,Bedford,.10808494
47005,TN,Benton,.60129511
47007,TN,Bledsoe,1.7835408
47009,TN,Blount,2.0242438
47011,TN,Bradley,.20483302
47013,TN,Campbell,.65769804
47015,TN,Cannon,.5307554
47017,TN,Carroll,.11416993
47019,TN,Carter,1.1322516
47021,TN,Cheatham,1.853153
47023,TN,Chester,.06970723
47025,TN,Claiborne,.41744715
47027,TN,Clay,.082728952
47029,TN,Cocke,.81464201
47031,TN,Coffee,.12344459
47035,TN,Cumberland,1.3562201
47039,TN,Decatur,.13555145
47041,TN,DeKalb,.15786704
47043,TN,Dickson,1.6553206
47045,TN,Dyer,.05535464
47047,TN,Fayette,.088998698
47049,TN,Fentress,.25602263
47051,TN,Franklin,.15598133
47053,TN,Gibson,.19285606
47055,TN,Giles,.31434184
47057,TN,Grainger,4.5108409
47059,TN,Greene,.3024641
47061,TN,Grundy,.63438118
47063,TN,Hamblen,.71949875
47065,TN,Hamilton,2.9170685
47067,TN,Hancock,.41963145
47069,TN,Hardeman,.7965889
47071,TN,Hardin,.47922599
47073,TN,Hawkins,1.2259097
47075,TN,Haywood,.016720278
47077,TN,Henderson,.30873814
47079,TN,Henry,.097202957
47081,TN,Hickman,.85080051
47083,TN,Houston,.39045069
47085,TN,Humphreys,1.4352186
47087,TN,Jackson,.60557127
47089,TN,Jefferson,1.1261921
47091,TN,Johnson,.60666227
47093,TN,Knox,3.7199125
47095,TN,Lake,0
47097,TN,Lauderdale,.1902079
47099,TN,Lawrence,1.2530061
47101,TN,Lewis,.45498863
47103,TN,Lincoln,.42802718
47105,TN,Loudon,.24009603
47107,TN,McMinn,.69578052
47109,TN,McNairy,.25165966
47111,TN,Macon,.14987808
47113,TN,Madison,.080255605
47115,TN,Marion,.50239784
47117,TN,Marshall,.53218973
47119,TN,Maury,.41551247
47121,TN,Meigs,.59749347
47123,TN,Monroe,.38358149
47125,TN,Montgomery,.30261987
47127,TN,Moore,.42534336
47129,TN,Morgan,1.6024368
47131,TN,Obion,.024830092
47133,TN,Overton,2.1585367
47135,TN,Perry,2.2875817
47137,TN,Pickett,.27596587
47139,TN,Polk,.74389505
47141,TN,Putnam,1.5691375
47143,TN,Rhea,5.3439655
47145,TN,Roane,3.1713345
47147,TN,Robertson,.15717559
47149,TN,Rutherford,1.7305663
47151,TN,Scott,.23337223
47153,TN,Sequatchie,1.0238907
47155,TN,Sevier,1.5607157
47157,TN,Shelby,.76086271
47159,TN,Smith,.57751405
47161,TN,Stewart,.16994417
47163,TN,Sullivan,.3209821
47165,TN,Sumner,.31994915
47167,TN,Tipton,.16855676
47169,TN,Trousdale,.34167176
47173,TN,Union,4.1463413
47175,TN,Van Buren,.17959771
47177,TN,Warren,.25628233
47179,TN,Washington,3.9555199
47181,TN,Wayne,.26459771
47183,TN,Weakley,.14124511
47185,TN,White,.83752751
47187,TN,Williamson,5.6078334
47189,TN,Wilson,2.3192508
48001,TX,Anderson,.22432087
48005,TX,Angelina,.16147089
48007,TX,Aransas,.93023258
48011,TX,Armstrong,.041653652
48013,TX,Atascosa,.28588572
48015,TX,Austin,.6775068
48017,TX,Bailey,0
48019,TX,Bandera,.92062926
48021,TX,Bastrop,1.3194405
48023,TX,Baylor,0
48025,TX,Bee,.2610966
48027,TX,Bell,.27097079
48029,TX,Bexar,.24313758
48031,TX,Blanco,.12014208
48035,TX,Bosque,.24522325
48037,TX,Bowie,.33322227
48039,TX,Brazoria,.73074192
48041,TX,Brazos,.15053107
48043,TX,Brewster,.05048975
48045,TX,Briscoe,.12233912
48047,TX,Brooks,.011818468
48049,TX,Brown,.422833
48051,TX,Burleson,.054408778
48053,TX,Burnet,2.8204432
48055,TX,Caldwell,.31618419
48057,TX,Calhoun,.011875074
48059,TX,Callahan,.17390722
48061,TX,Cameron,.15959603
48063,TX,Camp,.031234564
48067,TX,Cass,.14498328
48071,TX,Chambers,.15238541
48073,TX,Cherokee,.20226295
48077,TX,Clay,.22929457
48079,TX,Cochran,0
48081,TX,Coke,.27100271
48083,TX,Coleman,.2184945
48085,TX,Collin,.29172879
48087,TX,Collingsworth,.048713725
48089,TX,Colorado,.15004413
48093,TX,Comanche,.091060862
48097,TX,Cooke,.28585416
48099,TX,Coryell,.094821297
48103,TX,Crane,.070921987
48105,TX,Crockett,.38865697
48109,TX,Culberson,0
48111,TX,Dallam,.0092064934
48113,TX,Dallas,.45404482
48119,TX,Delta,.10222858
48121,TX,Denton,.18759809
48123,TX,DeWitt,.50203747
48127,TX,Dimmit,.17321672
48129,TX,Donley,.062021699
48131,TX,Duval,.64176178
48133,TX,Eastland,.12914798
48135,TX,Ector,1.0958904
48137,TX,Edwards,.24497795
48139,TX,Ellis,.22103074
48141,TX,El Paso,.33161303
48143,TX,Erath,.10723547
48145,TX,Falls,.058390491
48147,TX,Fannin,.44137698
48149,TX,Fayette,.14466982
48155,TX,Foard,0
48157,TX,Fort Bend,.15801594
48159,TX,Franklin,.061645109
48161,TX,Freestone,1.4699878
48163,TX,Frio,.035389174
48165,TX,Gaines,.0094198482
48169,TX,Garza,.22607994
48171,TX,Gillespie,2.9063718
48175,TX,Goliad,.077140652
48177,TX,Gonzales,.017768851
48179,TX,Gray,.010111856
48181,TX,Grayson,.23382781
48183,TX,Gregg,1.7188799
48185,TX,Grimes,.17064847
48187,TX,Guadalupe,.34095889
48189,TX,Hale,.000243944
48191,TX,Hall,0
48193,TX,Hamilton,.044780396
48201,TX,Harris,.99708545
48203,TX,Harrison,.45284608
48205,TX,Hartley,.00076213299
48207,TX,Haskell,0
48209,TX,Hays,1.4428858
48213,TX,Henderson,.46041074
48215,TX,Hidalgo,.50312966
48217,TX,Hill,.13423491
48219,TX,Hockley,.029218594
48221,TX,Hood,.33080781
48223,TX,Hopkins,.059238829
48225,TX,Houston,.35295779
48227,TX,Howard,.05049048
48229,TX,Hudspeth,0
48231,TX,Hunt,.45286065
48233,TX,Hutchinson,.050110959
48235,TX,Irion,.093796059
48237,TX,Jack,1.7555555
48239,TX,Jackson,.35547352
48241,TX,Jasper,1.0725991
48245,TX,Jefferson,.42860898
48249,TX,Jim Wells,.018103698
48251,TX,Johnson,.2181357
48253,TX,Jones,.11089804
48255,TX,Karnes,.10507627
48257,TX,Kaufman,.42725623
48259,TX,Kendall,.45490822
48261,TX,Kenedy,0
48265,TX,Kerr,.32398409
48273,TX,Kleberg,.058236405
48275,TX,Knox,0
48277,TX,Lamar,.095423222
48279,TX,Lamb,0
48281,TX,Lampasas,.50195205
48283,TX,La Salle,.11240165
48285,TX,Lavaca,.21000259
48287,TX,Lee,.58608437
48289,TX,Leon,.061180994
48291,TX,Liberty,.32914507
48293,TX,Limestone,.20296578
48295,TX,Lipscomb,.022778179
48297,TX,Live Oak,.055825379
48299,TX,Llano,.3632665
48301,TX,Loving,0
48303,TX,Lubbock,.066361554
48307,TX,McCulloch,.42543763
48309,TX,McLennan,.039872844
48311,TX,McMullen,0
48313,TX,Madison,.078445569
48319,TX,Mason,.43926996
48321,TX,Matagorda,.085580133
48323,TX,Maverick,.53667814
48325,TX,Medina,.34712905
48327,TX,Menard,.031136481
48329,TX,Midland,.15104863
48331,TX,Milam,.28881764
48333,TX,Mills,.11851645
48337,TX,Montague,.36722976
48339,TX,Montgomery,1.8333613
48341,TX,Moore,.001652822
48345,TX,Motley,0
48347,TX,Nacogdoches,.062039744
48349,TX,Navarro,.17174365
48351,TX,Newton,.61058342
48353,TX,Nolan,.025181517
48355,TX,Nueces,.077767827
48359,TX,Oldham,0
48361,TX,Orange,1.0841984
48363,TX,Palo Pinto,.13014297
48365,TX,Panola,.038586449
48367,TX,Parker,.2692225
48369,TX,Parmer,.00127864
48371,TX,Pecos,.13692859
48373,TX,Polk,.30627871
48375,TX,Potter,.4196071
48379,TX,Rains,1.6655737
48381,TX,Randall,.008143398
48383,TX,Reagan,0
48385,TX,Real,3.7598546
48387,TX,Red River,.27088121
48389,TX,Reeves,.011068885
48391,TX,Refugio,.027877156
48395,TX,Robertson,.067426927
48397,TX,Rockwall,.2674447
48399,TX,Runnels,.086448647
48401,TX,Rusk,.22442666
48403,TX,Sabine,.0067897881
48405,TX,San Augustine,.022146642
48407,TX,San Jacinto,.69175756
48409,TX,San Patricio,.018558256
48411,TX,San Saba,.28979713
48413,TX,Schleicher,.14695077
48415,TX,Scurry,.051676027
48417,TX,Shackelford,.031342346
48419,TX,Shelby,.009719261
48421,TX,Sherman,.0094858017
48423,TX,Smith,.70712334
48425,TX,Somervell,.25563559
48427,TX,Starr,.19162382
48429,TX,Stephens,.61842251
48433,TX,Stonewall,.012645955
48437,TX,Swisher,.0025561941
48439,TX,Tarrant,.34968066
48441,TX,Taylor,.11960133
48443,TX,Terrell,0
48447,TX,Throckmorton,.03623626
48449,TX,Titus,.043091774
48451,TX,Tom Green,.043367114
48453,TX,Travis,.97676873
48455,TX,Trinity,.83687943
48457,TX,Tyler,.19327204
48459,TX,Upshur,.43099177
48461,TX,Upton,.0078839483
48463,TX,Uvalde,.0080017783
48465,TX,Val Verde,.24413146
48467,TX,Van Zandt,.35301602
48469,TX,Victoria,.30071077
48471,TX,Walker,.14487295
48473,TX,Waller,.25851631
48477,TX,Washington,.60576904
48479,TX,Webb,.046267226
48481,TX,Wharton,.049245659
48483,TX,Wheeler,.02158157
48485,TX,Wichita,.15817779
48489,TX,Willacy,.0096892184
48491,TX,Williamson,.46356288
48493,TX,Wilson,.2282121
48497,TX,Wise,.62967491
48499,TX,Wood,.20117874
48501,TX,Yoakum,.026247375
48503,TX,Young,.13928752
48505,TX,Zapata,.076394193
49001,UT,Beaver,.02253025
49003,UT,Box Elder,1.4385476
49005,UT,Cache,.38492763
49007,UT,Carbon,1.7534125
49009,UT,Daggett,.5598622
49011,UT,Davis,3.2290533
49013,UT,Duchesne,.47091365
49015,UT,Emery,4.1207814
49017,UT,Garfield,.40687537
49019,UT,Grand,11.877098
49021,UT,Iron,.062889859
49023,UT,Juab,.41964948
49025,UT,Kane,1.3025838
49027,UT,Millard,.14173089
49029,UT,Morgan,.62371081
49031,UT,Piute,.029500267
49033,UT,Rich,.060929172
49035,UT,Salt Lake,4.1726685
49037,UT,San Juan,.65129513
49039,UT,Sanpete,.32427225
49041,UT,Sevier,.42731649
49043,UT,Summit,1.1386693
49045,UT,Tooele,.52245826
49047,UT,Uintah,.39462113
49049,UT,Utah,2.783093
49051,UT,Wasatch,.56645596
49053,UT,Washington,1.3837273
49055,UT,Wayne,.48935494
49057,UT,Weber,1.4270666
50001,VT,Addison,2.5111437
50003,VT,Bennington,5.1151066
50005,VT,Caledonia,5.3268895
50007,VT,Chittenden,9.1180296
50009,VT,Essex,.76388294
50011,VT,Franklin,.79624224
50013,VT,Grand Isle,2.9370115
50015,VT,Lamoille,3.3092716
50017,VT,Orange,3.939111
50019,VT,Orleans,1.4590969
50021,VT,Rutland,8.0895004
50023,VT,Washington,5.7602243
50025,VT,Windham,12.015137
50027,VT,Windsor,11.40257
51001,VA,Accomack,.16550811
51005,VA,Alleghany,1.0526316
51007,VA,Amelia,.091153137
51009,VA,Amherst,1.5535656
51011,VA,Appomattox,1.0853205
51015,VA,Augusta,.42650905
51017,VA,Bath,.049529471
51019,VA,Bedford,1.6016688
51021,VA,Bland,.56781656
51023,VA,Botetourt,2.0851154
51025,VA,Brunswick,.14011599
51027,VA,Buchanan,1.2526096
51029,VA,Buckingham,.37361148
51031,VA,Campbell,1.9228389
51033,VA,Caroline,1.8311242
51035,VA,Carroll,3.4063427
51037,VA,Charlotte,.60429931
51043,VA,Clarke,1.5974071
51045,VA,Craig,1.9443307
51047,VA,Culpeper,.76423293
51049,VA,Cumberland,.28526855
51051,VA,Dickenson,.89628679
51053,VA,Dinwiddie,.38309541
51057,VA,Essex,.10536945
51059,VA,Fairfax,1.6860465
51061,VA,Fauquier,2.5709944
51063,VA,Floyd,1.6944757
51065,VA,Fluvanna,1.6306649
51067,VA,Franklin,.75792307
51069,VA,Frederick,2.5236776
51071,VA,Giles,1.5945612
51073,VA,Gloucester,.64756501
51075,VA,Goochland,1.9079821
51077,VA,Grayson,.15172589
51079,VA,Greene,.75880212
51081,VA,Greensville,.042338993
51083,VA,Halifax,1.0102392
51085,VA,Hanover,.8232016
51087,VA,Henrico,1.6860527
51091,VA,Highland,.8680613
51093,VA,Isle of Wight,.37698629
51097,VA,King and Queen,.41512915
51099,VA,King George,13.399895
51101,VA,King William,.078101531
51103,VA,Lancaster,.28782895
51105,VA,Lee,.47692138
51107,VA,Loudoun,4.2451687
51109,VA,Louisa,.68205303
51111,VA,Lunenburg,.29200238
51113,VA,Madison,1.8944099
51115,VA,Mathews,2.1223471
51117,VA,Mecklenburg,.17484555
51119,VA,Middlesex,.19539924
51121,VA,Montgomery,1.8349011
51125,VA,Nelson,3.783134
51133,VA,Northumberland,.21070375
51135,VA,Nottoway,.13965046
51137,VA,Orange,.133588
51139,VA,Page,.10134872
51141,VA,Patrick,.99484378
51143,VA,Pittsylvania,.36001012
51145,VA,Powhatan,2.7275453
51147,VA,Prince Edward,.53883874
51149,VA,Prince George,.64108521
51153,VA,Prince William,2.1106863
51155,VA,Pulaski,.081737094
51157,VA,Rappahannock,5.0210109
51159,VA,Richmond,.045257647
51161,VA,Roanoke,2.1980677
51163,VA,Rockbridge,.76470405
51165,VA,Rockingham,.24431141
51167,VA,Russell,.5098868
51169,VA,Scott,.42634833
51171,VA,Shenandoah,.54595155
51173,VA,Smyth,.23463649
51175,VA,Southampton,.087160833
51177,VA,Spotsylvania,3.1284103
51179,VA,Stafford,12.267251
51181,VA,Surry,.2741406
51183,VA,Sussex,.024143575
51185,VA,Tazewell,.35159141
51187,VA,Warren,1.4649459
51191,VA,Washington,.35294119
51193,VA,Westmoreland,1.890486
51197,VA,Wythe,.46267498
51550,VA,Chesapeake,.32356066
51800,VA,Suffolk,.1601281
51810,VA,Virginia Beach,2.8481014
53001,WA,Adams,.02673455
53003,WA,Asotin,1.3555685
53005,WA,Benton,.093374625
53007,WA,Chelan,.61459035
53009,WA,Clallam,3.8692713
53011,WA,Clark,4.1151371
53013,WA,Columbia,.10046422
53015,WA,Cowlitz,2.863796
53017,WA,Douglas,.50492108
53019,WA,Ferry,7.6908646
53021,WA,Franklin,.1729697
53023,WA,Garfield,.074676402
53025,WA,Grant,.11978699
53027,WA,Grays Harbor,2.5834849
53029,WA,Island,9.4270515
53031,WA,Jefferson,13.229725
53033,WA,King,2.1822126
53035,WA,Kitsap,19.890648
53037,WA,Kittitas,.92583185
53039,WA,Klickitat,1.0982635
53041,WA,Lewis,.77232331
53043,WA,Lincoln,.082403786
53045,WA,Mason,2.5876646
53047,WA,Okanogan,.58512121
53049,WA,Pacific,.4649013
53051,WA,Pend Oreille,1.79565
53053,WA,Pierce,2.0795531
53055,WA,San Juan,27.561838
53057,WA,Skagit,.94169497
53059,WA,Skamania,1.8418201
53061,WA,Snohomish,1.4166297
53063,WA,Spokane,1.5311165
53065,WA,Stevens,2.3826556
53067,WA,Thurston,2.8458705
53069,WA,Wahkiakum,1.1471179
53071,WA,Walla Walla,.19343378
53073,WA,Whatcom,.72093856
53075,WA,Whitman,.066073179
53077,WA,Yakima,.25147218
54001,WV,Barbour,1.9598975
54003,WV,Berkeley,6.9143887
54007,WV,Braxton,.49403048
54009,WV,Brooke,1.2292118
54011,WV,Cabell,2.9131091
54013,WV,Calhoun,1.5588096
54015,WV,Clay,9.788868
54017,WV,Doddridge,5.8124175
54019,WV,Fayette,3.1123919
54021,WV,Gilmer,.11307101
54023,WV,Grant,.02535497
54025,WV,Greenbrier,.60189164
54027,WV,Hampshire,4.5249214
54029,WV,Hancock,3.3950617
54031,WV,Hardy,.039159656
54033,WV,Harrison,2.0438108
54035,WV,Jackson,3.9625459
54037,WV,Jefferson,2.6089892
54039,WV,Kanawha,5.6603775
54041,WV,Lewis,.7984032
54043,WV,Lincoln,2.7563396
54045,WV,Logan,0
54049,WV,Marion,9.942481
54051,WV,Marshall,3.898051
54053,WV,Mason,.53088522
54055,WV,Mercer,2.4004085
54057,WV,Mineral,1.3172684
54061,WV,Monongalia,4.9217
54063,WV,Monroe,.55414015
54065,WV,Morgan,12.05298
54067,WV,Nicholas,1.419834
54069,WV,Ohio,.77608508
54071,WV,Pendleton,.069043331
54075,WV,Pocahontas,.8108108
54077,WV,Preston,3.6516855
54079,WV,Putnam,8.527668
54081,WV,Raleigh,3.6333334
54083,WV,Randolph,.78849226
54085,WV,Ritchie,.78864354
54087,WV,Roane,.90682787
54089,WV,Summers,1.291364
54091,WV,Taylor,3.19206
54093,WV,Tucker,3
54095,WV,Tyler,1.518535
54097,WV,Upshur,1.1754334
54099,WV,Wayne,2.8403525
54101,WV,Webster,5.120482
54103,WV,Wetzel,5.4375529
54105,WV,Wirt,3.2706094
54107,WV,Wood,1.536701
54109,WV,Wyoming,10.144928
55001,WI,Adams,.16845053
55003,WI,Ashland,1.1964108
55005,WI,Barron,.3002364
55007,WI,Bayfield,6.5186143
55009,WI,Brown,.29591957
55011,WI,Buffalo,.070860423
55013,WI,Burnett,.54838711
55015,WI,Calumet,.14587037
55017,WI,Chippewa,.35387605
55019,WI,Clark,.15477912
55021,WI,Columbia,.55249649
55023,WI,Crawford,1.8037384
55025,WI,Dane,.62319893
55027,WI,Dodge,.34890789
55029,WI,Door,1.6966587
55031,WI,Douglas,1.5380671
55033,WI,Dunn,.27813345
55035,WI,Eau Claire,.40425438
55037,WI,Florence,2.309237
55039,WI,Fond du Lac,.10719153
55041,WI,Forest,2.034374
55043,WI,Grant,.084981918
55045,WI,Green,.26854616
55047,WI,Green Lake,.28385258
55049,WI,Iowa,.30869886
55051,WI,Iron,.46345812
55053,WI,Jackson,.17396842
55055,WI,Jefferson,.26635006
55057,WI,Juneau,.16911116
55059,WI,Kenosha,1.431766
55061,WI,Kewaunee,.16954729
55063,WI,La Crosse,.26351678
55065,WI,Lafayette,.058818411
55067,WI,Langlade,.59959769
55069,WI,Lincoln,1.4315339
55071,WI,Manitowoc,.18152516
55073,WI,Marathon,.2324083
55075,WI,Marinette,.60134071
55077,WI,Marquette,.10476464
55078,WI,Menominee,0
55079,WI,Milwaukee,1.3918067
55081,WI,Monroe,.27865356
55083,WI,Oconto,.25676727
55085,WI,Oneida,.76558334
55087,WI,Outagamie,.44535178
55089,WI,Ozaukee,2.3975885
55091,WI,Pepin,.63008809
55093,WI,Pierce,.42652276
55095,WI,Polk,.53522676
55097,WI,Portage,.22095104
55099,WI,Price,.27871916
55101,WI,Racine,1.2635798
55103,WI,Richland,.63143671
55105,WI,Rock,.62603855
55107,WI,Rusk,.18846472
55109,WI,St. Croix,.30794784
55111,WI,Sauk,.47089392
55113,WI,Sawyer,.14619306
55115,WI,Shawano,.12276698
55117,WI,Sheboygan,.26562566
55119,WI,Taylor,.2483571
55121,WI,Trempealeau,.22351895
55123,WI,Vernon,1.214703
55125,WI,Vilas,.35314891
55127,WI,Walworth,.69144648
55129,WI,Washburn,.78108186
55131,WI,Washington,1.2560418
55133,WI,Waukesha,1.1985835
55135,WI,Waupaca,.5667581
55137,WI,Waushara,.46813619
55139,WI,Winnebago,.17223263
55141,WI,Wood,.64869046
56001,WY,Albany,.16914316
56003,WY,Big Horn,.21275158
56005,WY,Campbell,.27992854
56007,WY,Carbon,.059813179
56009,WY,Converse,.24285832
56011,WY,Crook,.12823571
56013,WY,Fremont,.58156556
56015,WY,Goshen,.029607277
56017,WY,Hot Springs,.13377926
56019,WY,Johnson,.19145232
56021,WY,Laramie,.10432831
56023,WY,Lincoln,.54128194
56025,WY,Natrona,.32150596
56027,WY,Niobrara,.088257357
56029,WY,Park,.21837762
56031,WY,Platte,.10662289
56033,WY,Sheridan,.23911844
56035,WY,Sublette,.12552147
56037,WY,Sweetwater,.44469675
56039,WY,Teton,.26560426
56041,WY,Uinta,.44530752
