CountyFIPS,state,county,veg_acrespth12
01001,AL,Autauga,17.181694
01003,AL,Baldwin,11.975041
01005,AL,Barbour,1.1782466
01007,AL,Bibb,2.8707712
01009,AL,Blount,10.125312
01011,AL,Bullock,12.634357
01013,AL,Butler,3.9200313
01015,AL,Calhoun,.39220366
01017,AL,Chambers,1.1445341
01019,AL,Cherokee,4.4191675
01021,AL,Chilton,9.4056797
01023,AL,Choctaw,3.839622
01025,AL,Clarke,1.8294623
01029,AL,Cleburne,1.1393338
01031,AL,Coffee,2.4622359
01033,AL,Colbert,1.1198413
01035,AL,Conecuh,5.6171131
01037,AL,Coosa,1.071907
01039,AL,Covington,1.0576974
01041,AL,Crenshaw,3.0105369
01043,AL,Cullman,16.535198
01045,AL,Dale,1.1525316
01047,AL,Dallas,9.3274422
01049,AL,DeKalb,16.238617
01051,AL,Elmore,2.2627809
01053,AL,Escambia,1.1305674
01055,AL,Etowah,4.9215713
01057,AL,Fayette,2.653302
01059,AL,Franklin,2.9069767
01061,AL,Geneva,24.957417
01063,AL,Greene,13.242785
01065,AL,Hale,2.986819
01067,AL,Henry,8.1164122
01069,AL,Houston,41.497749
01071,AL,Jackson,17.544851
01073,AL,Jefferson,.065378956
01075,AL,Lamar,3.5082796
01077,AL,Lauderdale,1.1653
01079,AL,Lawrence,2.338939
01081,AL,Lee,.1149433
01083,AL,Limestone,2.2331398
01085,AL,Lowndes,2.7644675
01087,AL,Macon,3.4669662
01089,AL,Madison,.4668861
01091,AL,Marengo,4.8902144
01093,AL,Marion,1.8023922
01095,AL,Marshall,2.1543491
01097,AL,Mobile,.80966765
01099,AL,Monroe,3.6750054
01101,AL,Montgomery,.043613654
01103,AL,Morgan,1.7816705
01105,AL,Perry,11.689588
01107,AL,Pickens,2.2733145
01109,AL,Pike,2.869657
01111,AL,Randolph,4.9496198
01115,AL,St. Clair,6.8694224
01117,AL,Shelby,.25394613
01119,AL,Sumter,8.6238937
01121,AL,Talladega,.20749167
01123,AL,Tallapoosa,.36440492
01125,AL,Tuscaloosa,.54899949
01127,AL,Walker,6.8898826
01129,AL,Washington,5.5506864
01131,AL,Wilcox,4.6634402
01133,AL,Winston,1.2822634
02020,AK,Anchorage,2.7694709
02090,AK,Fairbanks North Star,3.3874664
04001,AZ,Apache,53.464207
04003,AZ,Cochise,24.664867
04005,AZ,Coconino,5.7729926
04007,AZ,Gila,.32056722
04012,AZ,La Paz,487.49448
04013,AZ,Maricopa,4.428381
04017,AZ,Navajo,18.910055
04019,AZ,Pima,.083587371
04021,AZ,Pinal,25.659803
04025,AZ,Yavapai,.64009637
04027,AZ,Yuma,444.00742
05003,AR,Ashley,27.825602
05005,AR,Baxter,.43831882
05007,AR,Benton,2.5496516
05009,AR,Boone,1.2591084
05011,AR,Bradley,59.840427
05013,AR,Calhoun,6.7847719
05015,AR,Carroll,1.2330009
05019,AR,Clark,3.4632413
05027,AR,Columbia,2.5381749
05029,AR,Conway,.28295213
05031,AR,Craighead,1.7508229
05033,AR,Crawford,7.5909295
05035,AR,Crittenden,0
05037,AR,Cross,95.942421
05043,AR,Drew,3.3031433
05045,AR,Faulkner,.93618745
05051,AR,Garland,.22727743
05053,AR,Grant,6.5975494
05057,AR,Hempstead,3.5332527
05059,AR,Hot Spring,2.1274683
05063,AR,Independence,.16243875
05065,AR,Izard,1.6277004
05067,AR,Jackson,73.190086
05069,AR,Jefferson,1.3937843
05071,AR,Johnson,.46330258
05075,AR,Lawrence,1.9953052
05077,AR,Lee,7.4854722
05079,AR,Lincoln,85.530502
05081,AR,Little River,1.626646
05083,AR,Logan,1.0905621
05085,AR,Lonoke,18.159254
05087,AR,Madison,1.343484
05091,AR,Miller,1.1916493
05093,AR,Mississippi,3.7102087
05097,AR,Montgomery,.85818493
05099,AR,Nevada,7.0722947
05101,AR,Newton,1.1130348
05103,AR,Ouachita,1.4177135
05105,AR,Perry,1.3544892
05107,AR,Phillips,2.5056617
05111,AR,Poinsett,.82375717
05113,AR,Polk,.14679258
05115,AR,Pope,1.1501414
05119,AR,Pulaski,4.522037
05121,AR,Randolph,2.744483
05123,AR,St. Francis,11.613736
05125,AR,Saline,1.2706367
05127,AR,Scott,.81766146
05129,AR,Searcy,2.2525342
05131,AR,Sebastian,.25107294
05133,AR,Sevier,.34948742
05135,AR,Sharp,3.9259346
05137,AR,Stone,1.3487781
05139,AR,Union,1.8841147
05143,AR,Washington,.63315964
05145,AR,White,1.1311642
05147,AR,Woodruff,62.977638
05149,AR,Yell,.68778944
06003,CA,Alpine,0
06005,CA,Amador,.16172943
06007,CA,Butte,1.1663389
06009,CA,Calaveras,1.2512568
06011,CA,Colusa,887.2251
06013,CA,Contra Costa,5.851069
06015,CA,Del Norte,.24821815
06017,CA,El Dorado,.48732135
06019,CA,Fresno,206.18163
06021,CA,Glenn,70.148453
06023,CA,Humboldt,2.0934947
06025,CA,Imperial,470.19266
06029,CA,Kern,97.778831
06031,CA,Kings,210.68643
06033,CA,Lake,.48457184
06035,CA,Lassen,12.205262
06037,CA,Los Angeles,1.2940257
06039,CA,Madera,30.743954
06041,CA,Marin,.83977485
06043,CA,Mariposa,.11201344
06045,CA,Mendocino,2.9135532
06047,CA,Merced,227.40919
06049,CA,Modoc,444.87302
06053,CA,Monterey,594.93341
06055,CA,Napa,.20855057
06057,CA,Nevada,.63079929
06059,CA,Orange,.30103487
06061,CA,Placer,.33498055
06063,CA,Plumas,.41395012
06065,CA,Riverside,11.760239
06067,CA,Sacramento,3.8205936
06069,CA,San Benito,472.49713
06071,CA,San Bernardino,2.0889375
06073,CA,San Diego,1.1239314
06075,CA,San Francisco,0
06077,CA,San Joaquin,98.982986
06079,CA,San Luis Obispo,108.60966
06081,CA,San Mateo,2.4411156
06083,CA,Santa Barbara,153.0683
06085,CA,Santa Clara,6.2965765
06087,CA,Santa Cruz,62.337536
06089,CA,Shasta,.84631294
06091,CA,Sierra,0
06093,CA,Siskiyou,163.11044
06095,CA,Solano,28.89666
06097,CA,Sonoma,1.8726592
06099,CA,Stanislaus,39.781879
06101,CA,Sutter,189.71411
06103,CA,Tehama,.93321943
06105,CA,Trinity,1.7026947
06107,CA,Tulare,9.7824116
06109,CA,Tuolumne,.1293207
06111,CA,Ventura,42.29031
06113,CA,Yolo,238.54544
06115,CA,Yuba,1.1789542
08001,CO,Adams,2.5199249
08003,CO,Alamosa,1214.1176
08005,CO,Arapahoe,.018444523
08011,CO,Bent,.17205781
08013,CO,Boulder,1.7018603
08014,CO,Broomfield,0
08015,CO,Chaffee,0
08017,CO,Cheyenne,0
08019,CO,Clear Creek,0
08021,CO,Conejos,135.31473
08023,CO,Costilla,1261.8717
08029,CO,Delta,37.281567
08035,CO,Douglas,.036829576
08037,CO,Eagle,0
08041,CO,El Paso,.040267751
08043,CO,Fremont,.33962345
08045,CO,Garfield,.21137924
08047,CO,Gilpin,0
08053,CO,Hinsdale,0
08057,CO,Jackson,0
08059,CO,Jefferson,.078780986
08067,CO,La Plata,.40147591
08069,CO,Larimer,10.666624
08073,CO,Lincoln,0
08075,CO,Logan,.64017558
08077,CO,Mesa,5.3682642
08079,CO,Mineral,0
08081,CO,Moffat,0
08083,CO,Montezuma,1.14052
08085,CO,Montrose,76.575356
08087,CO,Morgan,40.220154
08089,CO,Otero,113.07326
08091,CO,Ouray,.65934068
08093,CO,Park,0
08101,CO,Pueblo,9.6694355
08105,CO,Rio Grande,1825.3048
08109,CO,Saguache,2867.7007
08111,CO,San Juan,0
08113,CO,San Miguel,.52742618
08115,CO,Sedgwick,0
08117,CO,Summit,0
08121,CO,Washington,0
08123,CO,Weld,49.542439
08125,CO,Yuma,190.12833
09001,CT,Fairfield,.4020367
09003,CT,Hartford,5.6066494
09005,CT,Litchfield,5.1318984
09007,CT,Middlesex,2.4711797
09009,CT,New Haven,1.9550399
09011,CT,New London,1.5197126
09013,CT,Tolland,7.1083498
09015,CT,Windham,4.6633091
10001,DE,Kent,103.10182
10003,DE,New Castle,1.4078808
10005,DE,Sussex,108.41364
12001,FL,Alachua,15.329659
12003,FL,Baker,5.7297058
12005,FL,Bay,.11051652
12007,FL,Bradford,7.1131096
12011,FL,Broward,.42232817
12015,FL,Charlotte,18.841621
12017,FL,Citrus,.17952548
12019,FL,Clay,.077183917
12021,FL,Collier,39.041847
12023,FL,Columbia,7.6865311
12027,FL,DeSoto,45.018387
12033,FL,Escambia,.4010638
12035,FL,Flagler,61.746803
12037,FL,Franklin,0
12039,FL,Gadsden,33.311855
12041,FL,Gilchrist,177.27219
12047,FL,Hamilton,213.82921
12049,FL,Hardee,121.57278
12051,FL,Hendry,261.52744
12053,FL,Hernando,.75701976
12055,FL,Highlands,16.510542
12057,FL,Hillsborough,10.072518
12059,FL,Holmes,5.7780032
12061,FL,Indian River,2.6237202
12063,FL,Jackson,79.282112
12065,FL,Jefferson,15.356439
12067,FL,Lafayette,59.117214
12069,FL,Lake,.90318155
12071,FL,Lee,5.1142488
12073,FL,Leon,.126828
12075,FL,Levy,68.456108
12077,FL,Liberty,0
12079,FL,Madison,17.605076
12081,FL,Manatee,97.723038
12083,FL,Marion,3.2565684
12086,FL,Miami-Dade,12.810669
12087,FL,Monroe,0
12089,FL,Nassau,.25463706
12091,FL,Okaloosa,.66769361
12099,FL,Palm Beach,58.739868
12101,FL,Pasco,.47384503
12105,FL,Polk,3.8565004
12107,FL,Putnam,42.167934
12109,FL,St. Johns,73.466805
12113,FL,Santa Rosa,1.1554927
12117,FL,Seminole,.19936943
12119,FL,Sumter,3.9404171
12121,FL,Suwannee,184.19963
12125,FL,Union,29.268932
12127,FL,Volusia,.17903014
12129,FL,Wakulla,1.0388261
12131,FL,Walton,1.2740188
12133,FL,Washington,4.7110934
13001,GA,Appling,18.675814
13003,GA,Atkinson,29.854368
13005,GA,Bacon,30.324717
13007,GA,Baker,.89100087
13009,GA,Baldwin,.5596453
13011,GA,Banks,.54839593
13013,GA,Barrow,.21368435
13015,GA,Bartow,.29843321
13019,GA,Berrien,124.93446
13021,GA,Bibb,0
13025,GA,Brantley,1.6180357
13027,GA,Brooks,398.36404
13029,GA,Bryan,.37170115
13031,GA,Bulloch,15.098898
13033,GA,Burke,6.4892926
13039,GA,Camden,0
13045,GA,Carroll,.026928049
13047,GA,Catoosa,1.1843967
13049,GA,Charlton,0
13051,GA,Chatham,0
13053,GA,Chattahoochee,0
13055,GA,Chattooga,.66305238
13057,GA,Cherokee,.12229424
13059,GA,Clarke,.19963899
13061,GA,Clay,9.0293455
13067,GA,Cobb,.022603787
13069,GA,Coffee,5.6637497
13071,GA,Colquitt,423.14615
13073,GA,Columbia,.1357722
13075,GA,Cook,188.67589
13077,GA,Coweta,.13765468
13081,GA,Crisp,109.80144
13085,GA,Dawson,.2235636
13087,GA,Decatur,773.9574
13091,GA,Dodge,67.06974
13093,GA,Dooly,47.270447
13097,GA,Douglas,.029893132
13099,GA,Early,0
13101,GA,Echols,1190.5835
13103,GA,Effingham,.74930221
13105,GA,Elbert,.66380721
13107,GA,Emanuel,.65654135
13109,GA,Evans,24.856955
13111,GA,Fannin,.34088972
13113,GA,Fayette,.083790302
13115,GA,Floyd,.24991149
13117,GA,Forsyth,.12791269
13119,GA,Franklin,1.9595333
13121,GA,Fulton,.039884806
13123,GA,Gilmer,.88611633
13125,GA,Glascock,0
13129,GA,Gordon,.41290414
13131,GA,Grady,72.39801
13135,GA,Gwinnett,.017862288
13137,GA,Habersham,.87398517
13139,GA,Hall,.44321451
13141,GA,Hancock,1.32714
13143,GA,Haralson,.84563619
13145,GA,Harris,1.2267305
13147,GA,Hart,1.9160085
13149,GA,Heard,1.7160017
13151,GA,Henry,.19194686
13153,GA,Houston,.62201381
13155,GA,Irwin,24.781342
13157,GA,Jackson,4.1352386
13159,GA,Jasper,2.2810891
13163,GA,Jefferson,7.9863439
13167,GA,Johnson,8.4917107
13171,GA,Lamar,2.2172949
13173,GA,Lanier,2.2013783
13175,GA,Laurens,3.0008752
13177,GA,Lee,19.882307
13185,GA,Lowndes,14.046828
13189,GA,McDuffie,1.0621104
13193,GA,Macon,88.893555
13195,GA,Madison,2.3532767
13197,GA,Marion,68.124573
13199,GA,Meriwether,1.2668918
13205,GA,Mitchell,259.29614
13209,GA,Montgomery,64.197533
13211,GA,Morgan,.22434101
13213,GA,Murray,5.4342308
13215,GA,Muscogee,0
13217,GA,Newton,.18793274
13219,GA,Oconee,.95419848
13221,GA,Oglethorpe,.82203043
13223,GA,Paulding,.020692367
13225,GA,Peach,1.565173
13227,GA,Pickens,1.0909215
13229,GA,Pierce,3.5013263
13231,GA,Pike,1.9677292
13233,GA,Polk,.53511053
13235,GA,Pulaski,59.37714
13243,GA,Randolph,0
13245,GA,Richmond,.1882586
13251,GA,Screven,14.575412
13253,GA,Seminole,213.43518
13255,GA,Spalding,.031382393
13257,GA,Stephens,0
13261,GA,Sumter,144.42339
13263,GA,Talbot,1.2236158
13267,GA,Tattnall,365.65897
13269,GA,Taylor,52.556141
13271,GA,Telfair,65.047119
13275,GA,Thomas,3.4334958
13277,GA,Tift,215.53934
13279,GA,Toombs,239.47446
13283,GA,Treutlen,9.3291874
13287,GA,Turner,127.15105
13289,GA,Twiggs,.23507287
13291,GA,Union,1.6303335
13293,GA,Upson,.18798406
13295,GA,Walker,.68928093
13297,GA,Walton,.47160357
13301,GA,Warren,5.5675287
13303,GA,Washington,2.0143886
13305,GA,Wayne,37.126102
13307,GA,Webster,25.411596
13309,GA,Wheeler,80.708412
13311,GA,White,1.8505751
13313,GA,Whitfield,0
13315,GA,Wilcox,424.521
13317,GA,Wilkes,5.6739001
13319,GA,Wilkinson,2.3041475
13321,GA,Worth,156.16847
15001,HI,Hawaii,6.0811524
15003,HI,Honolulu,4.552012
15007,HI,Kauai,1.954749
15009,HI,Maui,7.0531826
16001,ID,Ada,2.4258964
16005,ID,Bannock,42.856121
16009,ID,Benewah,0
16011,ID,Bingham,1658.2826
16013,ID,Blaine,65.189606
16017,ID,Bonner,.098916858
16019,ID,Bonneville,254.81192
16021,ID,Boundary,.92336106
16027,ID,Canyon,80.866386
16029,ID,Caribou,926.98041
16031,ID,Cassia,1252.6945
16039,ID,Elmore,364.22809
16041,ID,Franklin,39.837841
16043,ID,Fremont,1672.8505
16045,ID,Gem,1.680168
16047,ID,Gooding,585.30664
16049,ID,Idaho,.85339838
16051,ID,Jefferson,1085.5438
16053,ID,Jerome,462.48779
16055,ID,Kootenai,.99794787
16057,ID,Latah,.23573169
16061,ID,Lewis,0
16063,ID,Lincoln,233.44749
16065,ID,Madison,972.21045
16067,ID,Minidoka,1493.5135
16069,ID,Nez Perce,.2021938
16073,ID,Owyhee,181.53117
16075,ID,Payette,133.55092
16077,ID,Power,4500.7681
16079,ID,Shoshone,0
16081,ID,Teton,693.82495
16083,ID,Twin Falls,190.51804
16085,ID,Valley,1.5771213
16087,ID,Washington,142.16028
17001,IL,Adams,2.0100055
17003,IL,Alexander,.77800828
17005,IL,Bond,.34273964
17007,IL,Boone,16.085293
17011,IL,Bureau,14.618521
17013,IL,Calhoun,18.706469
17017,IL,Cass,51.901566
17019,IL,Champaign,.28910232
17021,IL,Christian,3.3308232
17023,IL,Clark,.79754603
17027,IL,Clinton,.18393946
17029,IL,Coles,.45002812
17031,IL,Cook,.12976117
17035,IL,Cumberland,6.2145858
17037,IL,DeKalb,21.551683
17041,IL,Douglas,1.2613522
17045,IL,Edgar,1.2112536
17049,IL,Effingham,1.7461149
17051,IL,Fayette,4.6557879
17057,IL,Fulton,.73728186
17065,IL,Hamilton,1.0761689
17071,IL,Henderson,52.900299
17073,IL,Henry,17.709705
17077,IL,Jackson,1.5263033
17085,IL,Jo Daviess,4.7065091
17089,IL,Kane,2.2612295
17091,IL,Kankakee,30.038588
17093,IL,Kendall,5.6100035
17095,IL,Knox,.2868343
17097,IL,Lake,.5559563
17099,IL,LaSalle,61.722176
17101,IL,Lawrence,19.071608
17103,IL,Lee,110.27254
17105,IL,Livingston,.46726546
17109,IL,McDonough,.80000001
17111,IL,McHenry,6.1636486
17113,IL,McLean,1.1471677
17115,IL,Macon,.20889531
17117,IL,Macoupin,1.0809665
17119,IL,Madison,7.2587023
17121,IL,Marion,1.9016781
17123,IL,Marshall,19.957642
17125,IL,Mason,562.43463
17127,IL,Massac,1.1221122
17129,IL,Menard,.55018473
17133,IL,Monroe,7.3207321
17135,IL,Montgomery,.27019724
17137,IL,Morgan,1.0181571
17139,IL,Moultrie,6.2775478
17141,IL,Ogle,21.71526
17143,IL,Peoria,10.75809
17145,IL,Perry,.77756941
17147,IL,Piatt,1.3316386
17149,IL,Pike,9.1596479
17157,IL,Randolph,.090942159
17161,IL,Rock Island,2.5793262
17163,IL,St. Clair,2.2780147
17165,IL,Saline,.76094359
17167,IL,Sangamon,.88812619
17175,IL,Stark,24.583263
17177,IL,Stephenson,.36217219
17179,IL,Tazewell,50.35041
17181,IL,Union,38.236797
17183,IL,Vermilion,.099004999
17185,IL,Wabash,0
17187,IL,Warren,.16921428
17189,IL,Washington,2.5326853
17193,IL,White,74.053719
17195,IL,Whiteside,132.71611
17197,IL,Will,.44990319
17199,IL,Williamson,.41931233
17201,IL,Winnebago,.20549986
17203,IL,Woodford,15.531937
18001,IN,Adams,3.6306603
18003,IN,Allen,2.144882
18005,IN,Bartholomew,36.009327
18007,IN,Benton,1.9302827
18011,IN,Boone,.74497986
18013,IN,Brown,2.3249636
18015,IN,Carroll,3.1805983
18017,IN,Cass,19.949867
18019,IN,Clark,3.4135182
18021,IN,Clay,.48458642
18023,IN,Clinton,1.2445362
18025,IN,Crawford,3.4745047
18027,IN,Daviess,13.561431
18029,IN,Dearborn,.40197772
18031,IN,Decatur,4.6434875
18033,IN,DeKalb,.85100347
18035,IN,Delaware,7.7621756
18037,IN,Dubois,.42757377
18039,IN,Elkhart,3.7494543
18043,IN,Floyd,1.4730277
18047,IN,Franklin,1.2617474
18049,IN,Fulton,10.216434
18051,IN,Gibson,23.557793
18053,IN,Grant,12.336049
18055,IN,Greene,.57554829
18057,IN,Hamilton,.5142169
18059,IN,Hancock,1.216941
18061,IN,Harrison,6.0151529
18063,IN,Hendricks,.21233253
18065,IN,Henry,12.849661
18069,IN,Huntington,.35141784
18071,IN,Jackson,14.059304
18073,IN,Jasper,2.6883326
18077,IN,Jefferson,.24601759
18079,IN,Jennings,1.0642449
18081,IN,Johnson,.27162746
18083,IN,Knox,207.43311
18085,IN,Kosciusko,14.624404
18087,IN,LaGrange,47.982349
18089,IN,Lake,1.7396876
18091,IN,LaPorte,29.247547
18093,IN,Lawrence,.73855245
18095,IN,Madison,8.014801
18097,IN,Marion,.44299415
18099,IN,Marshall,2.2344229
18103,IN,Miami,.08219403
18105,IN,Monroe,.084911264
18107,IN,Montgomery,.83839864
18109,IN,Morgan,1.0838933
18111,IN,Newton,1.777841
18113,IN,Noble,1.4124889
18117,IN,Orange,.35547429
18119,IN,Owen,1.9660161
18121,IN,Parke,19.652571
18125,IN,Pike,.86078721
18127,IN,Porter,3.8307242
18129,IN,Posey,1.6783763
18131,IN,Pulaski,.61241674
18133,IN,Putnam,.85000134
18137,IN,Ripley,6.4755507
18141,IN,St. Joseph,1.7784514
18143,IN,Scott,1.893541
18145,IN,Shelby,7.7753487
18147,IN,Spencer,.3355222
18151,IN,Steuben,1.5806112
18153,IN,Sullivan,52.839973
18155,IN,Switzerland,.96181589
18157,IN,Tippecanoe,1.7093921
18159,IN,Tipton,49.275177
18163,IN,Vanderburgh,.96763134
18165,IN,Vermillion,0
18167,IN,Vigo,.68143725
18169,IN,Wabash,1.8190227
18171,IN,Warren,0
18173,IN,Warrick,.26454589
18175,IN,Washington,9.9183617
18177,IN,Wayne,.77613604
18179,IN,Wells,1.3715936
18181,IN,White,2.8694406
18183,IN,Whitley,1.1415868
19001,IA,Adair,.80128205
19005,IA,Allamakee,4.5316153
19007,IA,Appanoose,2.1264865
19011,IA,Benton,2.7079303
19013,IA,Black Hawk,1.6852142
19015,IA,Boone,4.6876788
19017,IA,Bremer,.44973221
19025,IA,Calhoun,1.0084711
19027,IA,Carroll,.48367593
19029,IA,Cass,.87450808
19031,IA,Cedar,1.4676306
19033,IA,Cerro Gordo,3.1340075
19037,IA,Chickasaw,7.7348967
19043,IA,Clayton,.50206405
19045,IA,Clinton,.30788809
19049,IA,Dallas,2.7560418
19051,IA,Davis,4.1431694
19055,IA,Delaware,1.2519206
19057,IA,Des Moines,.49678332
19061,IA,Dubuque,.46205384
19065,IA,Fayette,.62457961
19067,IA,Floyd,2.1731031
19069,IA,Franklin,.95029932
19071,IA,Fremont,3.9199216
19079,IA,Hamilton,2.0878189
19083,IA,Hardin,7.6498332
19085,IA,Harrison,.75747144
19087,IA,Henry,.49842995
19089,IA,Howard,5.7411275
19097,IA,Jackson,4.4180379
19099,IA,Jasper,1.8330051
19101,IA,Jefferson,2.2743177
19103,IA,Johnson,1.8258437
19105,IA,Jones,.48529553
19107,IA,Keokuk,1.0578958
19109,IA,Kossuth,77.218567
19111,IA,Lee,.84248364
19113,IA,Linn,1.1518757
19115,IA,Louisa,117.82877
19117,IA,Lucas,14.852051
19123,IA,Mahaska,1.4278703
19125,IA,Marion,.66042268
19127,IA,Marshall,1.0464324
19129,IA,Mills,.74094033
19131,IA,Mitchell,107.09966
19137,IA,Montgomery,0
19139,IA,Muscatine,20.41958
19141,IA,O'Brien,1.4117315
19143,IA,Osceola,0
19145,IA,Page,.50806552
19147,IA,Palo Alto,55.60944
19149,IA,Plymouth,1.2864839
19153,IA,Polk,.299503
19155,IA,Pottawattamie,.64587659
19157,IA,Poweshiek,1.3317708
19161,IA,Sac,.78654999
19163,IA,Scott,.45606387
19165,IA,Shelby,.82767755
19167,IA,Sioux,1.0191306
19169,IA,Story,.56602955
19171,IA,Tama,1.3687693
19173,IA,Taylor,0
19177,IA,Van Buren,2.4148109
19179,IA,Wapello,1.1596334
19181,IA,Warren,2.4692936
19183,IA,Washington,1.5511657
19185,IA,Wayne,2.9869518
19187,IA,Webster,.34847876
19191,IA,Winneshiek,1.9954391
19193,IA,Woodbury,.21487103
19195,IA,Worth,28.047321
20003,KS,Anderson,11.125158
20005,KS,Atchison,.53593761
20007,KS,Barber,0
20011,KS,Bourbon,1.6164882
20015,KS,Butler,.27355623
20019,KS,Chautauqua,0
20021,KS,Cherokee,.28295213
20023,KS,Cheyenne,0
20025,KS,Clark,0
20027,KS,Clay,.58754408
20029,KS,Cloud,1.2772752
20031,KS,Coffey,.70480442
20033,KS,Comanche,0
20035,KS,Cowley,1.2960511
20037,KS,Crawford,.48241717
20041,KS,Dickinson,0
20043,KS,Doniphan,9.6606073
20045,KS,Douglas,1.7659265
20047,KS,Edwards,0
20049,KS,Elk,0
20051,KS,Ellis,0
20055,KS,Finney,84.279945
20059,KS,Franklin,1.8164953
20061,KS,Geary,.28986272
20063,KS,Gove,0
20065,KS,Graham,0
20067,KS,Grant,83.386543
20069,KS,Gray,0
20071,KS,Greeley,0
20077,KS,Harper,0
20079,KS,Harvey,4.738656
20083,KS,Hodgeman,0
20085,KS,Jackson,.67069083
20087,KS,Jefferson,5.236156
20091,KS,Johnson,.15715408
20095,KS,Kingman,.38319069
20099,KS,Labette,.18859918
20101,KS,Lane,0
20103,KS,Leavenworth,.9905448
20107,KS,Linn,0
20109,KS,Logan,0
20111,KS,Lyon,.47701389
20113,KS,McPherson,.23847647
20117,KS,Marshall,0
20121,KS,Miami,5.395463
20123,KS,Mitchell,0
20125,KS,Montgomery,.1160463
20129,KS,Morton,0
20133,KS,Neosho,.7289958
20135,KS,Ness,0
20137,KS,Norton,0
20139,KS,Osage,.37096575
20143,KS,Ottawa,2.6389575
20145,KS,Pawnee,.43484563
20149,KS,Pottawatomie,1.6568153
20153,KS,Rawlins,0
20155,KS,Reno,2.288579
20157,KS,Republic,47.265221
20159,KS,Rice,0
20161,KS,Riley,2.4379056
20163,KS,Rooks,0
20165,KS,Rush,0
20167,KS,Russell,0
20169,KS,Saline,.51919222
20173,KS,Sedgwick,.11504125
20175,KS,Seward,0
20177,KS,Shawnee,1.6591159
20181,KS,Sherman,0
20183,KS,Smith,0
20193,KS,Thomas,.75509691
20197,KS,Wabaunsee,3.7132249
20199,KS,Wallace,0
20201,KS,Washington,9.2511778
20203,KS,Wichita,0
20205,KS,Wilson,.76720738
20209,KS,Wyandotte,.87162638
21001,KY,Adair,1.4447774
21003,KY,Allen,26.581028
21005,KY,Anderson,1.0619632
21007,KY,Ballard,1.204529
21009,KY,Barren,1.5246048
21011,KY,Bath,6.0184793
21013,KY,Bell,1.4207573
21015,KY,Boone,2.4515772
21017,KY,Bourbon,3.8026619
21019,KY,Boyd,.081224874
21021,KY,Boyle,2.1739881
21023,KY,Bracken,.9441756
21025,KY,Breathitt,2.3465571
21027,KY,Breckinridge,1.9919326
21029,KY,Bullitt,.32926798
21031,KY,Butler,.70361972
21033,KY,Caldwell,3.0169413
21037,KY,Campbell,1.0748206
21039,KY,Carlisle,0
21041,KY,Carroll,1.5642252
21043,KY,Carter,2.3315117
21045,KY,Casey,15.864128
21047,KY,Christian,4.9701262
21049,KY,Clark,.67123479
21051,KY,Clay,6.1759925
21053,KY,Clinton,.6828602
21055,KY,Crittenden,8.4324322
21057,KY,Cumberland,3.0616708
21059,KY,Daviess,3.250869
21061,KY,Edmonson,.90646887
21063,KY,Elliott,2.7100272
21065,KY,Estill,.75945872
21067,KY,Fayette,.35348991
21069,KY,Fleming,1.3068299
21071,KY,Floyd,.17884974
21073,KY,Franklin,2.442668
21077,KY,Gallatin,4.5871558
21079,KY,Garrard,2.5364242
21081,KY,Grant,1.5515903
21083,KY,Graves,1.9981883
21085,KY,Grayson,1.9343108
21087,KY,Green,1.3263773
21089,KY,Greenup,3.7055202
21091,KY,Hancock,.34630036
21093,KY,Hardin,.75630254
21097,KY,Harrison,4.6231589
21099,KY,Hart,3.9111304
21101,KY,Henderson,1.4213723
21103,KY,Henry,4.0467334
21105,KY,Hickman,0
21107,KY,Hopkins,.87833929
21109,KY,Jackson,1.653638
21111,KY,Jefferson,.10917161
21113,KY,Jessamine,.82754725
21115,KY,Johnson,1.0671448
21117,KY,Kenton,.19157679
21119,KY,Knott,0
21121,KY,Knox,.91508633
21123,KY,Larue,1.7767038
21125,KY,Laurel,.41975185
21127,KY,Lawrence,6.1276059
21129,KY,Lee,1.9880716
21131,KY,Leslie,0
21133,KY,Letcher,.37606552
21135,KY,Lewis,2.8939371
21137,KY,Lincoln,7.3339615
21139,KY,Livingston,2.3302617
21141,KY,Logan,3.1855488
21143,KY,Lyon,2.2522523
21145,KY,McCracken,2.5453825
21149,KY,McLean,4.8324404
21151,KY,Madison,1.6132071
21153,KY,Magoffin,.84465945
21155,KY,Marion,4.9512377
21157,KY,Marshall,.44765621
21159,KY,Martin,.70505285
21161,KY,Mason,3.4963031
21163,KY,Meade,.81897289
21165,KY,Menifee,7.9164028
21167,KY,Mercer,3.7946219
21169,KY,Metcalfe,5.3058362
21171,KY,Monroe,5.072865
21173,KY,Montgomery,1.525695
21175,KY,Morgan,9.0538034
21177,KY,Muhlenberg,.5421437
21179,KY,Nelson,1.081812
21181,KY,Nicholas,4.1263518
21183,KY,Ohio,.54058552
21185,KY,Oldham,.40228498
21187,KY,Owen,1.3015991
21189,KY,Owsley,27.967548
21191,KY,Pendleton,2.9595981
21193,KY,Perry,.49518958
21197,KY,Powell,.96184677
21199,KY,Pulaski,3.3079202
21201,KY,Robertson,2.2583559
21203,KY,Rockcastle,1.9325368
21205,KY,Rowan,1.2380993
21207,KY,Russell,2.4508407
21209,KY,Scott,3.9345198
21211,KY,Shelby,6.4350653
21213,KY,Simpson,.28444648
21215,KY,Spencer,4.5386648
21217,KY,Taylor,1.4111196
21219,KY,Todd,25.387535
21221,KY,Trigg,4.2390547
21223,KY,Trimble,14.062145
21225,KY,Union,.9928515
21227,KY,Warren,.72689337
21229,KY,Washington,1.6005391
21231,KY,Wayne,3.1767423
21235,KY,Whitley,2.1332135
21237,KY,Wolfe,2.086231
21239,KY,Woodford,1.636204
22003,LA,Allen,1.681987
22009,LA,Avoyelles,57.759823
22011,LA,Beauregard,4.6566734
22013,LA,Bienville,11.08757
22015,LA,Bossier,.21925372
22017,LA,Caddo,.33029461
22019,LA,Calcasieu,.57583845
22021,LA,Caldwell,0
22023,LA,Cameron,.90511388
22027,LA,Claiborne,5.1005278
22031,LA,De Soto,.77849859
22033,LA,East Baton Rouge,.3062132
22037,LA,East Feliciana,1.1525356
22039,LA,Evangeline,26.336863
22041,LA,Franklin,224.6711
22043,LA,Grant,3.1724753
22045,LA,Iberia,1.3663419
22047,LA,Iberville,.15011859
22049,LA,Jackson,2.7095265
22051,LA,Jefferson,.057548922
22053,LA,Jefferson Davis,.35001749
22057,LA,Lafourche,1.2572783
22059,LA,La Salle,.33617964
22061,LA,Lincoln,1.4228678
22063,LA,Livingston,.31843755
22065,LA,Madison,3.2811091
22067,LA,Morehouse,44.800056
22069,LA,Natchitoches,.7092917
22071,LA,Orleans,0
22073,LA,Ouachita,.66335207
22075,LA,Plaquemines,4.9380651
22079,LA,Rapides,2.5212183
22081,LA,Red River,12.414099
22083,LA,Richland,9.8522167
22085,LA,Sabine,2.2630951
22087,LA,St. Bernard,.19272929
22089,LA,St. Charles,.85745317
22091,LA,St. Helena,2.3554993
22093,LA,St. James,2.7229095
22095,LA,St. John the Baptist,.71529162
22097,LA,St. Landry,8.1819925
22099,LA,St. Martin,.32251945
22103,LA,St. Tammany,.14623304
22105,LA,Tangipahoa,2.2559674
22107,LA,Tensas,0
22111,LA,Union,2.3082387
22113,LA,Vermilion,.73332536
22115,LA,Vernon,1.0708615
22117,LA,Washington,9.1131315
22119,LA,Webster,.3911311
22123,LA,West Carroll,371.35648
22125,LA,West Feliciana,.97175431
22127,LA,Winn,1.7278043
23001,ME,Androscoggin,6.489522
23003,ME,Aroostook,820.92212
23005,ME,Cumberland,2.323101
23007,ME,Franklin,2.9705555
23009,ME,Hancock,3.3181784
23011,ME,Kennebec,1.9234405
23013,ME,Knox,7.1149235
23015,ME,Lincoln,13.532867
23017,ME,Oxford,19.999653
23019,ME,Penobscot,22.004206
23021,ME,Piscataquis,26.347792
23023,ME,Sagadahoc,1.4524121
23025,ME,Somerset,2.7576897
23027,ME,Waldo,3.3920953
23029,ME,Washington,1.6605676
23031,ME,York,3.7481411
24001,MD,Allegany,.70287365
24003,MD,Anne Arundel,.55020881
24005,MD,Baltimore,2.1941693
24009,MD,Calvert,4.4610496
24011,MD,Caroline,204.90271
24013,MD,Carroll,19.324509
24015,MD,Cecil,.90402585
24017,MD,Charles,2.6326959
24019,MD,Dorchester,275.03925
24021,MD,Frederick,2.2248287
24023,MD,Garrett,3.7124987
24025,MD,Harford,1.6489571
24027,MD,Howard,.5005272
24029,MD,Kent,68.30806
24031,MD,Montgomery,.45306775
24033,MD,Prince George's,.73954862
24035,MD,Queen Anne's,58.663536
24037,MD,St. Mary's,6.3842082
24039,MD,Somerset,9.3053532
24041,MD,Talbot,33.821251
24043,MD,Washington,3.5052915
24045,MD,Wicomico,18.242371
24047,MD,Worcester,8.6516266
25001,MA,Barnstable,.38639516
25003,MA,Berkshire,4.701508
25005,MA,Bristol,3.2413263
25009,MA,Essex,1.41206
25011,MA,Franklin,39.073643
25013,MA,Hampden,1.8946823
25015,MA,Hampshire,25.971598
25017,MA,Middlesex,.98071414
25021,MA,Norfolk,.46413088
25023,MA,Plymouth,1.3913635
25027,MA,Worcester,2.0351899
26001,MI,Alcona,.28283209
26003,MI,Alger,1.4743049
26005,MI,Allegan,59.339756
26007,MI,Alpena,2.909066
26009,MI,Antrim,64.704117
26011,MI,Arenac,75.051628
26013,MI,Baraga,2.294894
26015,MI,Barry,2.4716439
26017,MI,Bay,72.450783
26019,MI,Benzie,6.6705003
26021,MI,Berrien,50.020832
26023,MI,Branch,83.00206
26025,MI,Calhoun,3.80705
26027,MI,Cass,103.659
26029,MI,Charlevoix,4.1425338
26031,MI,Cheboygan,2.0947282
26033,MI,Chippewa,.64097631
26035,MI,Clare,1.0718461
26037,MI,Clinton,7.5853682
26041,MI,Delta,20.978071
26043,MI,Dickinson,32.500477
26045,MI,Eaton,11.108746
26047,MI,Emmet,5.3511705
26049,MI,Genesee,1.8822798
26051,MI,Gladwin,3.7233
26053,MI,Gogebic,0
26055,MI,Grand Traverse,10.61941
26057,MI,Gratiot,143.35672
26059,MI,Hillsdale,4.7965775
26061,MI,Houghton,1.7107013
26063,MI,Huron,22.974346
26065,MI,Ingham,2.9144504
26067,MI,Ionia,16.100515
26069,MI,Iosco,1.7343318
26071,MI,Iron,31.193295
26073,MI,Isabella,11.553
26075,MI,Jackson,3.1348159
26077,MI,Kalamazoo,7.9852843
26079,MI,Kalkaska,97.980682
26081,MI,Kent,4.6176987
26083,MI,Keweenaw,0
26087,MI,Lapeer,40.32642
26089,MI,Leelanau,6.983305
26091,MI,Lenawee,30.691389
26093,MI,Livingston,9.8922825
26099,MI,Macomb,3.543587
26101,MI,Manistee,18.272627
26103,MI,Marquette,3.9225516
26105,MI,Mason,161.06984
26109,MI,Menominee,2.1475492
26111,MI,Midland,6.7893858
26113,MI,Missaukee,25.813318
26115,MI,Monroe,44.453133
26117,MI,Montcalm,366.63867
26121,MI,Muskegon,13.454496
26123,MI,Newaygo,137.09543
26125,MI,Oakland,.24234663
26127,MI,Oceana,499.86667
26129,MI,Ogemaw,1.727035
26133,MI,Osceola,22.781002
26135,MI,Oscoda,3.1420925
26137,MI,Otsego,17.714571
26139,MI,Ottawa,15.303246
26141,MI,Presque Isle,132.92683
26143,MI,Roscommon,.24855012
26145,MI,Saginaw,37.024338
26147,MI,St. Clair,11.143016
26149,MI,St. Joseph,175.51228
26151,MI,Sanilac,15.259603
26153,MI,Schoolcraft,.95693779
26155,MI,Shiawassee,1.3425919
26157,MI,Tuscola,75.812408
26159,MI,Van Buren,113.06439
26161,MI,Washtenaw,5.7344117
26163,MI,Wayne,.4061335
26165,MI,Wexford,.92033011
27001,MN,Aitkin,6.5269237
27003,MN,Anoka,2.4462757
27007,MN,Beltrami,.46430388
27009,MN,Benton,44.288986
27013,MN,Blue Earth,34.164783
27015,MN,Brown,406.9978
27017,MN,Carlton,.67942476
27019,MN,Carver,1.2244072
27023,MN,Chippewa,471.80374
27027,MN,Clay,29.094292
27031,MN,Cook,0
27035,MN,Crow Wing,.65230536
27037,MN,Dakota,26.64691
27039,MN,Dodge,177.50223
27041,MN,Douglas,4.4462743
27043,MN,Faribault,418.75482
27045,MN,Fillmore,73.173065
27047,MN,Freeborn,316.7966
27049,MN,Goodhue,110.64178
27053,MN,Hennepin,.50986946
27055,MN,Houston,1.8604157
27059,MN,Isanti,3.1381574
27061,MN,Itasca,3.4040673
27063,MN,Jackson,2.5274618
27065,MN,Kanabec,2.439177
27067,MN,Kandiyohi,191.33345
27069,MN,Kittson,251.83049
27071,MN,Koochiching,.68249035
27075,MN,Lake,0
27079,MN,Le Sueur,84.629295
27085,MN,McLeod,90.765213
27089,MN,Marshall,162.21635
27091,MN,Martin,148.44666
27093,MN,Meeker,137.45123
27095,MN,Mille Lacs,2.0981467
27097,MN,Morrison,88.005074
27099,MN,Mower,369.96338
27103,MN,Nicollet,92.269402
27105,MN,Nobles,9.0837831
27107,MN,Norman,13.102409
27109,MN,Olmsted,60.000816
27111,MN,Otter Tail,189.09344
27115,MN,Pine,1.2322016
27119,MN,Polk,198.60904
27121,MN,Pope,235.15396
27123,MN,Ramsey,.22828072
27127,MN,Redwood,598.53784
27129,MN,Renville,2636.2097
27131,MN,Rice,8.3801908
27137,MN,St. Louis,.47908255
27139,MN,Scott,2.6540494
27141,MN,Sherburne,116.68807
27143,MN,Sibley,574.22729
27145,MN,Stearns,10.640613
27147,MN,Steele,260.06833
27149,MN,Stevens,.61620623
27151,MN,Swift,74.914162
27153,MN,Todd,87.675697
27157,MN,Wabasha,222.90732
27161,MN,Waseca,304.00333
27163,MN,Washington,6.1891227
27165,MN,Watonwan,111.37079
27169,MN,Winona,60.881584
27171,MN,Wright,2.8734729
27173,MN,Yellow Medicine,.49222288
28003,MS,Alcorn,1.3697526
28005,MS,Amite,4.1647387
28007,MS,Attala,1.3610427
28009,MS,Benton,1.6186843
28011,MS,Bolivar,4.4662533
28013,MS,Calhoun,959.44214
28015,MS,Carroll,28.563185
28017,MS,Chickasaw,202.53455
28019,MS,Choctaw,99.784637
28021,MS,Claiborne,1.3868146
28023,MS,Clarke,5.9996362
28025,MS,Clay,3.5335689
28027,MS,Coahoma,.46727154
28029,MS,Copiah,9.2000141
28031,MS,Covington,20.422787
28033,MS,DeSoto,.37868086
28035,MS,Forrest,2.8803043
28037,MS,Franklin,.63395458
28039,MS,George,8.6933727
28041,MS,Greene,42.136208
28045,MS,Hancock,.46330002
28047,MS,Harrison,.50077438
28049,MS,Hinds,.33846265
28051,MS,Holmes,.57733691
28053,MS,Humphreys,116.39523
28057,MS,Itawamba,1.7101325
28059,MS,Jackson,.17857781
28061,MS,Jasper,1.6929681
28065,MS,Jefferson Davis,11.590364
28067,MS,Jones,5.1549411
28069,MS,Kemper,9.0768633
28071,MS,Lafayette,1.5681759
28073,MS,Lamar,1.2618188
28075,MS,Lauderdale,1.1957848
28077,MS,Lawrence,6.9813566
28079,MS,Leake,1.2054417
28081,MS,Lee,.51719069
28085,MS,Lincoln,.14353792
28087,MS,Lowndes,2.7003002
28089,MS,Madison,.88335633
28091,MS,Marion,3.7554054
28093,MS,Marshall,10.146592
28095,MS,Monroe,9.3704491
28097,MS,Montgomery,21.59091
28099,MS,Neshoba,4.278399
28101,MS,Newton,.92605454
28103,MS,Noxubee,2.5067143
28105,MS,Oktibbeha,1.2459151
28107,MS,Panola,2.5560591
28109,MS,Pearl River,2.2690966
28111,MS,Perry,11.83383
28113,MS,Pike,.74848431
28115,MS,Pontotoc,5.3377266
28117,MS,Prentiss,3.1599321
28119,MS,Quitman,.64110786
28121,MS,Rankin,1.6350646
28123,MS,Scott,.49559277
28125,MS,Sharkey,0
28127,MS,Simpson,6.2837934
28129,MS,Smith,25.590792
28131,MS,Stone,6.0391159
28135,MS,Tallahatchie,3.0477705
28137,MS,Tate,4.3156381
28139,MS,Tippah,2.9603314
28141,MS,Tishomingo,1.5812293
28143,MS,Tunica,0
28145,MS,Union,.47509411
28147,MS,Walthall,2.18572
28153,MS,Wayne,3.7820015
28155,MS,Webster,30.043772
28157,MS,Wilkinson,1.1629137
28159,MS,Winston,5.4296255
28161,MS,Yalobusha,8.2530947
29001,MO,Adair,.23398198
29003,MO,Andrew,4.5425797
29007,MO,Audrain,1.6389605
29013,MO,Bates,5.2707233
29015,MO,Benton,3.009186
29019,MO,Boone,.52154326
29021,MO,Buchanan,1.1244462
29023,MO,Butler,21.86199
29025,MO,Caldwell,.54866672
29027,MO,Callaway,1.8001801
29031,MO,Cape Girardeau,1.3614969
29033,MO,Carroll,4.1749067
29035,MO,Carter,.63867158
29037,MO,Cass,1.0646236
29039,MO,Cedar,1.8076645
29041,MO,Chariton,52.892776
29043,MO,Christian,.67709053
29047,MO,Clay,.47035861
29049,MO,Clinton,3.3689761
29051,MO,Cole,.24880508
29053,MO,Cooper,2.167218
29055,MO,Crawford,.080716766
29059,MO,Dallas,4.0526848
29061,MO,Daviess,7.7472463
29063,MO,DeKalb,.69892055
29065,MO,Dent,1.7283318
29067,MO,Douglas,.73599762
29069,MO,Dunklin,131.47736
29071,MO,Franklin,1.8154371
29073,MO,Gasconade,1.2675117
29075,MO,Gentry,5.2894506
29077,MO,Greene,.2030587
29079,MO,Grundy,3.1924155
29081,MO,Harrison,.45771828
29083,MO,Henry,1.8957345
29089,MO,Howard,2.8462067
29091,MO,Howell,.54220581
29093,MO,Iron,0
29095,MO,Jackson,.26270813
29097,MO,Jasper,1.8107309
29099,MO,Jefferson,.32704973
29101,MO,Johnson,1.5422748
29103,MO,Knox,3.6701736
29105,MO,Laclede,.56476438
29107,MO,Lafayette,4.7426295
29109,MO,Lawrence,1.3542725
29111,MO,Lewis,5.8070865
29113,MO,Lincoln,.20620489
29115,MO,Linn,2.0831664
29119,MO,McDonald,5.1490159
29121,MO,Macon,1.2865046
29123,MO,Madison,0
29125,MO,Maries,3.2058368
29131,MO,Miller,1.4149418
29133,MO,Mississippi,340.88684
29135,MO,Moniteau,6.758049
29137,MO,Monroe,2.7624309
29141,MO,Morgan,6.0100331
29145,MO,Newton,64.820297
29147,MO,Nodaway,2.4812834
29149,MO,Oregon,1.6359174
29151,MO,Osage,.64935064
29153,MO,Ozark,.41588688
29157,MO,Perry,1.9425632
29159,MO,Pettis,1.7972002
29161,MO,Phelps,.088442743
29163,MO,Pike,3.5614073
29165,MO,Platte,1.693995
29167,MO,Polk,1.0296673
29169,MO,Pulaski,.22471489
29173,MO,Ralls,.7798031
29175,MO,Randolph,.51365125
29177,MO,Ray,.43378302
29179,MO,Reynolds,.9009009
29181,MO,Ripley,0
29183,MO,St. Charles,.16529015
29185,MO,St. Clair,4.2056565
29186,MO,Ste. Genevieve,.50358105
29187,MO,St. Francois,.15188105
29189,MO,St. Louis,.48862132
29195,MO,Saline,.68166327
29199,MO,Scotland,1.6366612
29201,MO,Scott,71.390228
29203,MO,Shannon,0
29205,MO,Shelby,0
29207,MO,Stoddard,3.1173532
29209,MO,Stone,.6956082
29211,MO,Sullivan,1.6760628
29213,MO,Taney,.11322464
29215,MO,Texas,1.0094343
29217,MO,Vernon,4.6238322
29219,MO,Warren,6.0687385
29221,MO,Washington,.23900573
29223,MO,Wayne,1.1216631
29225,MO,Webster,1.2387822
29229,MO,Wright,.64477998
30001,MT,Beaverhead,129.93263
30003,MT,Big Horn,0
30005,MT,Blaine,4.9676352
30009,MT,Carbon,1.7779534
30013,MT,Cascade,.44027543
30017,MT,Custer,0
30019,MT,Daniels,0
30021,MT,Dawson,0
30023,MT,Deer Lodge,0
30025,MT,Fallon,.99140781
30027,MT,Fergus,.96069866
30029,MT,Flathead,3.2417917
30031,MT,Gallatin,58.326134
30033,MT,Garfield,0
30035,MT,Glacier,2.7088366
30039,MT,Granite,0
30041,MT,Hill,.97353208
30047,MT,Lake,82.790695
30049,MT,Lewis and Clark,.20044097
30051,MT,Liberty,9.5953274
30057,MT,Madison,105.01101
30061,MT,Mineral,0
30063,MT,Missoula,.45013818
30067,MT,Park,.77051497
30069,MT,Petroleum,0
30071,MT,Phillips,0
30073,MT,Pondera,5.0145583
30075,MT,Powder River,0
30081,MT,Ravalli,1.6984615
30083,MT,Richland,34.798706
30085,MT,Roosevelt,0
30087,MT,Rosebud,0
30089,MT,Sanders,2.7262335
30093,MT,Silver Bow,0
30099,MT,Teton,5.6013179
30103,MT,Treasure,0
30107,MT,Wheatland,7.6190476
30111,MT,Yellowstone,1.020294
31001,NE,Adams,.031859308
31003,NE,Antelope,.45948842
31005,NE,Arthur,0
31007,NE,Banner,0
31009,NE,Blaine,0
31013,NE,Box Butte,361.0249
31015,NE,Boyd,0
31019,NE,Buffalo,.4406673
31021,NE,Burt,.4487659
31023,NE,Butler,3.4906116
31025,NE,Cass,2.0666904
31027,NE,Cedar,.68508792
31029,NE,Chase,660.63013
31033,NE,Cheyenne,17.894423
31035,NE,Clay,3.1181791
31041,NE,Custer,.55607045
31043,NE,Dakota,1.4427933
31047,NE,Dawson,.2909998
31049,NE,Deuel,0
31053,NE,Dodge,.62764359
31055,NE,Douglas,.49853826
31057,NE,Dundy,1719.0955
31059,NE,Fillmore,0
31063,NE,Frontier,0
31067,NE,Gage,.36788374
31069,NE,Garden,0
31071,NE,Garfield,0
31073,NE,Gosper,0
31075,NE,Grant,0
31081,NE,Hamilton,.55426228
31091,NE,Hooker,0
31093,NE,Howard,25.364616
31095,NE,Jefferson,0
31101,NE,Keith,106.52544
31103,NE,Keya Paha,0
31105,NE,Kimball,0
31107,NE,Knox,.349406
31109,NE,Lancaster,.31332588
31113,NE,Logan,0
31117,NE,McPherson,0
31119,NE,Madison,8.5718355
31125,NE,Nance,0
31127,NE,Nemaha,.41689828
31131,NE,Otoe,.9520787
31135,NE,Perkins,0
31145,NE,Red Willow,.54471177
31149,NE,Rock,0
31151,NE,Saline,.48355898
31153,NE,Sarpy,.66314995
31155,NE,Saunders,6.9631195
31157,NE,Scotts Bluff,.18963508
31167,NE,Stanton,2.7859719
31171,NE,Thomas,0
31173,NE,Thurston,0
31177,NE,Washington,3.2029171
31181,NE,Webster,.79893476
31183,NE,Wheeler,0
32001,NV,Churchill,2.8348398
32003,NV,Clark,.020017976
32011,NV,Eureka,0
32015,NV,Lander,.50590217
32021,NV,Mineral,0
32023,NV,Nye,0
32027,NV,Pershing,0
32033,NV,White Pine,0
33001,NH,Belknap,2.3004866
33003,NH,Carroll,3.1050689
33005,NH,Cheshire,3.5433738
33007,NH,Coos,1.2189405
33009,NH,Grafton,2.3858328
33011,NH,Hillsborough,2.7294786
33013,NH,Merrimack,2.8369856
33015,NH,Rockingham,1.917156
33017,NH,Strafford,2.5115547
33019,NH,Sullivan,4.5851378
34001,NJ,Atlantic,19.473244
34003,NJ,Bergen,.14782512
34005,NJ,Burlington,9.5495176
34007,NJ,Camden,3.623831
34009,NJ,Cape May,3.5563574
34011,NJ,Cumberland,62.450451
34013,NJ,Essex,.025390152
34015,NJ,Gloucester,34.195202
34017,NJ,Hudson,0
34019,NJ,Hunterdon,7.4074073
34021,NJ,Mercer,1.6956911
34023,NJ,Middlesex,1.6989273
34025,NJ,Monmouth,3.7229266
34027,NJ,Morris,1.8496366
34029,NJ,Ocean,1.4295753
34031,NJ,Passaic,.20775951
34033,NJ,Salem,179.5114
34035,NJ,Somerset,.3955287
34037,NJ,Sussex,4.685545
34039,NJ,Union,.049555834
34041,NJ,Warren,23.061615
35001,NM,Bernalillo,.4175657
35003,NM,Catron,0
35007,NM,Colfax,0
35009,NM,Curry,56.750736
35013,NM,DoÃ±a Ana,47.186001
35015,NM,Eddy,12.97341
35017,NM,Grant,.44321707
35019,NM,Guadalupe,1.5174507
35021,NM,Harding,0
35023,NM,Hidalgo,153.9908
35028,NM,Los Alamos,0
35029,NM,Luna,257.99097
35031,NM,McKinley,18.539658
35033,NM,Mora,1.496366
35035,NM,Otero,.272719
35041,NM,Roosevelt,36.873158
35045,NM,San Juan,74.439659
35047,NM,San Miguel,.48229295
35051,NM,Sierra,90.082504
35053,NM,Socorro,8.1602373
35055,NM,Taos,2.5890954
35061,NM,Valencia,1.5128199
36001,NY,Albany,2.4443655
36003,NY,Allegany,1.7820879
36005,NY,Bronx,0
36007,NY,Broome,1.207371
36009,NY,Cattaraugus,8.9313831
36011,NY,Cayuga,72.953941
36013,NY,Chautauqua,23.009354
36015,NY,Chemung,2.5650504
36017,NY,Chenango,7.7799168
36019,NY,Clinton,6.2421365
36021,NY,Columbia,15.587281
36023,NY,Cortland,4.7573547
36025,NY,Delaware,3.9939141
36027,NY,Dutchess,6.7312546
36029,NY,Erie,4.9878807
36031,NY,Essex,6.1862521
36033,NY,Franklin,22.380135
36035,NY,Fulton,2.034699
36037,NY,Genesee,454.68973
36039,NY,Greene,23.545364
36041,NY,Hamilton,6.2591281
36043,NY,Herkimer,17.257404
36045,NY,Jefferson,2.7324214
36047,NY,Kings,0
36049,NY,Lewis,12.80546
36051,NY,Livingston,115.81803
36053,NY,Madison,10.5661
36055,NY,Monroe,18.142628
36057,NY,Montgomery,15.232705
36061,NY,New York,0
36063,NY,Niagara,24.589439
36065,NY,Oneida,9.5815649
36067,NY,Onondaga,4.6270251
36069,NY,Ontario,63.92757
36071,NY,Orange,14.691492
36073,NY,Orleans,445.36014
36075,NY,Oswego,30.541573
36077,NY,Otsego,3.1540129
36079,NY,Putnam,.98350126
36083,NY,Rensselaer,8.293869
36085,NY,Richmond,0
36089,NY,St. Lawrence,5.0801544
36091,NY,Saratoga,1.2312891
36093,NY,Schenectady,3.0409658
36095,NY,Schoharie,27.782108
36097,NY,Schuyler,5.2756243
36099,NY,Seneca,16.788671
36101,NY,Steuben,53.191917
36103,NY,Suffolk,4.4746637
36105,NY,Sullivan,1.9621602
36107,NY,Tioga,4.1287866
36109,NY,Tompkins,12.760222
36111,NY,Ulster,17.031549
36113,NY,Warren,.1375705
36115,NY,Washington,16.639965
36117,NY,Wayne,51.786232
36119,NY,Westchester,.13519458
36121,NY,Wyoming,266.01657
36123,NY,Yates,128.0244
37001,NC,Alamance,1.573247
37003,NC,Alexander,6.7611423
37005,NC,Alleghany,88.313354
37007,NC,Anson,3.0014057
37009,NC,Ashe,6.4463844
37011,NC,Avery,4.5973096
37013,NC,Beaufort,9.6196346
37015,NC,Bertie,87.959587
37017,NC,Bladen,4.7549481
37019,NC,Brunswick,8.943922
37021,NC,Buncombe,2.9274125
37023,NC,Burke,1.4445246
37025,NC,Cabarrus,.46635467
37027,NC,Caldwell,.95216006
37029,NC,Camden,313.09808
37031,NC,Carteret,8.8145399
37033,NC,Caswell,10.055239
37035,NC,Catawba,.95793498
37037,NC,Chatham,4.2267227
37039,NC,Cherokee,5.0411448
37041,NC,Chowan,254.97386
37043,NC,Clay,.74997658
37045,NC,Cleveland,6.8862891
37047,NC,Columbus,45.26506
37049,NC,Craven,.64560843
37051,NC,Cumberland,7.690094
37053,NC,Currituck,18.184088
37055,NC,Dare,0
37057,NC,Davidson,3.2718511
37059,NC,Davie,.99213552
37061,NC,Duplin,49.802837
37063,NC,Durham,.29014841
37065,NC,Edgecombe,84.847939
37067,NC,Forsyth,.77671206
37069,NC,Franklin,8.1187286
37071,NC,Gaston,.66775239
37075,NC,Graham,1.1487651
37077,NC,Granville,7.6494408
37079,NC,Greene,104.61581
37081,NC,Guilford,.75843912
37083,NC,Halifax,19.711832
37085,NC,Harnett,13.081145
37087,NC,Haywood,7.3493137
37089,NC,Henderson,16.811466
37091,NC,Hertford,34.843204
37093,NC,Hoke,1.4268162
37095,NC,Hyde,1129.2517
37097,NC,Iredell,1.7386069
37099,NC,Jackson,5.3494391
37101,NC,Johnston,58.296913
37105,NC,Lee,2.4593616
37107,NC,Lenoir,18.159683
37109,NC,Lincoln,6.0281396
37111,NC,McDowell,2.0013788
37113,NC,Macon,4.7286911
37115,NC,Madison,9.6273594
37119,NC,Mecklenburg,.18277043
37121,NC,Mitchell,3.5772357
37123,NC,Montgomery,7.7026
37125,NC,Moore,2.412919
37127,NC,Nash,111.47971
37129,NC,New Hanover,.11471234
37131,NC,Northampton,3.7553396
37133,NC,Onslow,.81624216
37135,NC,Orange,.57386935
37139,NC,Pasquotank,147.71577
37141,NC,Pender,10.135135
37143,NC,Perquimans,41.814423
37145,NC,Person,2.0677507
37147,NC,Pitt,4.3718629
37149,NC,Polk,1.2346289
37151,NC,Randolph,1.4479715
37153,NC,Richmond,13.484358
37155,NC,Robeson,10.941032
37157,NC,Rockingham,2.06001
37159,NC,Rowan,7.682765
37161,NC,Rutherford,2.7677336
37163,NC,Sampson,234.23734
37165,NC,Scotland,2.0753202
37167,NC,Stanly,.24795027
37169,NC,Stokes,4.5336928
37171,NC,Surry,3.7266743
37173,NC,Swain,3.5491197
37175,NC,Transylvania,7.9232059
37177,NC,Tyrrell,598.98474
37181,NC,Vance,2.1530197
37183,NC,Wake,1.3993634
37185,NC,Warren,6.0232186
37187,NC,Washington,272.8631
37189,NC,Watauga,1.4985591
37191,NC,Wayne,26.00469
37193,NC,Wilkes,.30335861
37195,NC,Wilson,58.268814
37197,NC,Yadkin,2.7285845
37199,NC,Yancey,7.2665343
38001,ND,Adams,0
38007,ND,Billings,0
38009,ND,Bottineau,0
38011,ND,Bowman,0
38013,ND,Burke,0
38015,ND,Burleigh,.86232013
38019,ND,Cavalier,1.5220701
38023,ND,Divide,0
38025,ND,Dunn,0
38035,ND,Grand Forks,200.75618
38037,ND,Grant,0
38039,ND,Griggs,0
38041,ND,Hettinger,0
38043,ND,Kidder,3349.4866
38045,ND,LaMoure,0
38051,ND,McIntosh,0
38057,ND,Mercer,0
38059,ND,Morton,0
38061,ND,Mountrail,0
38063,ND,Nelson,0
38067,ND,Pembina,2466.7402
38075,ND,Renville,0
38083,ND,Sheridan,14.925373
38085,ND,Sioux,0
38087,ND,Slope,0
38091,ND,Steele,0
38097,ND,Traill,314.69312
38099,ND,Walsh,2883.7903
38101,ND,Ward,.33570361
38103,ND,Wells,3.754106
39001,OH,Adams,1.4812725
39005,OH,Ashland,6.7620873
39007,OH,Ashtabula,4.0790682
39009,OH,Athens,1.4696555
39011,OH,Auglaize,.32697546
39013,OH,Belmont,1.5221574
39015,OH,Brown,1.9369806
39017,OH,Butler,.4207097
39019,OH,Carroll,3.5335689
39023,OH,Clark,2.7115085
39025,OH,Clermont,.99878538
39027,OH,Clinton,1.81627
39029,OH,Columbiana,2.5741961
39031,OH,Coshocton,6.2735939
39033,OH,Crawford,5.1369462
39035,OH,Cuyahoga,.097171903
39037,OH,Darke,12.705246
39039,OH,Defiance,.12875979
39041,OH,Delaware,.96065193
39043,OH,Erie,9.6123667
39045,OH,Fairfield,1.9391146
39047,OH,Fayette,.72823107
39049,OH,Franklin,.28554967
39051,OH,Fulton,33.442451
39053,OH,Gallia,3.8931966
39055,OH,Geauga,6.0942478
39057,OH,Greene,4.1304469
39059,OH,Guernsey,2.2347209
39061,OH,Hamilton,.3140907
39063,OH,Hancock,1.1111552
39067,OH,Harrison,.70019096
39069,OH,Henry,125.77922
39071,OH,Highland,3.7886713
39073,OH,Hocking,1.2287109
39075,OH,Holmes,9.3052397
39077,OH,Huron,68.408089
39079,OH,Jackson,3.9811578
39081,OH,Jefferson,.61459219
39083,OH,Knox,2.8287148
39085,OH,Lake,.83719224
39087,OH,Lawrence,3.3323674
39089,OH,Licking,1.5203277
39091,OH,Logan,5.3468876
39093,OH,Lorain,3.2587221
39095,OH,Lucas,5.1700749
39097,OH,Madison,2.3981931
39099,OH,Mahoning,3.9305477
39101,OH,Marion,.80016911
39103,OH,Medina,4.96908
39105,OH,Meigs,42.06736
39107,OH,Mercer,2.5219755
39109,OH,Miami,5.5854545
39111,OH,Monroe,2.3329217
39113,OH,Montgomery,.32349631
39115,OH,Morgan,2.3397286
39117,OH,Morrow,4.4040265
39119,OH,Muskingum,3.3537898
39123,OH,Ottawa,34.156609
39125,OH,Paulding,4.927897
39127,OH,Perry,1.0830625
39129,OH,Pickaway,5.5357428
39131,OH,Pike,6.8445067
39133,OH,Portage,5.4742942
39135,OH,Preble,5.0410933
39137,OH,Putnam,56.072308
39139,OH,Richland,2.4714518
39141,OH,Ross,1.5622377
39143,OH,Sandusky,42.730381
39145,OH,Scioto,2.6206985
39147,OH,Seneca,20.165249
39149,OH,Shelby,.34605598
39151,OH,Stark,3.1829715
39153,OH,Summit,1.4948484
39155,OH,Trumbull,1.6248873
39157,OH,Tuscarawas,2.0972745
39159,OH,Union,2.2145669
39161,OH,Van Wert,.4178564
39163,OH,Vinton,1.9644881
39165,OH,Warren,1.1940353
39167,OH,Washington,15.217285
39169,OH,Wayne,12.132483
39171,OH,Williams,42.852959
39173,OH,Wood,9.2427044
40001,OK,Adair,2.0666726
40005,OK,Atoka,2.43309
40013,OK,Bryan,1.2891048
40015,OK,Caddo,63.572319
40017,OK,Canadian,.2774061
40019,OK,Carter,.43660858
40021,OK,Cherokee,.5825808
40023,OK,Choctaw,2.3080981
40025,OK,Cimarron,0
40027,OK,Cleveland,.25535783
40031,OK,Comanche,.31593332
40033,OK,Cotton,6.1838894
40037,OK,Creek,.90311289
40041,OK,Delaware,16.842665
40043,OK,Dewey,.62695926
40047,OK,Garfield,.13049932
40049,OK,Garvin,3.0065265
40051,OK,Grady,3.4112325
40061,OK,Haskell,.23315458
40063,OK,Hughes,1.4500109
40067,OK,Jefferson,323.59445
40069,OK,Johnston,2.2766597
40071,OK,Kay,.26263377
40073,OK,Kingfisher,4.866991
40079,OK,Le Flore,155.03023
40081,OK,Lincoln,.61380178
40083,OK,Logan,2.2209501
40085,OK,Love,1.9855784
40087,OK,McClain,2.4447129
40089,OK,McCurtain,5.5378318
40091,OK,McIntosh,7.4074073
40093,OK,Major,7.5629158
40095,OK,Marshall,1.1941425
40097,OK,Mayes,.65671062
40099,OK,Murray,2.2745616
40101,OK,Muskogee,7.5138936
40103,OK,Noble,1.0423906
40107,OK,Okfuskee,22.124613
40109,OK,Oklahoma,.024235047
40111,OK,Okmulgee,.58055884
40113,OK,Osage,1.3746277
40119,OK,Payne,1.0444663
40121,OK,Pittsburg,1.1306449
40123,OK,Pontotoc,1.3671259
40125,OK,Pottawatomie,.38197637
40127,OK,Pushmataha,.44539461
40131,OK,Rogers,.31667045
40133,OK,Seminole,.66734707
40139,OK,Texas,.55811357
40143,OK,Tulsa,.33668721
40145,OK,Wagoner,3.6924472
40147,OK,Washington,.019334506
40151,OK,Woods,.33967391
40153,OK,Woodward,.4363848
41001,OR,Baker,233.56477
41003,OR,Benton,68.277786
41005,OR,Clackamas,9.7055473
41007,OR,Clatsop,.026771611
41009,OR,Columbia,.24377857
41011,OR,Coos,.31867939
41015,OR,Curry,.31479067
41017,OR,Deschutes,.4018572
41023,OR,Grant,0
41025,OR,Harney,0
41027,OR,Hood River,2.2547417
41029,OR,Jackson,1.2940059
41033,OR,Josephine,1.90842
41035,OR,Klamath,86.003937
41041,OR,Lincoln,.34657541
41043,OR,Linn,46.984177
41045,OR,Malheur,564.46027
41047,OR,Marion,78.175934
41049,OR,Morrow,1920.5911
41051,OR,Multnomah,3.391813
41055,OR,Sherman,0
41057,OR,Tillamook,1.2629253
41059,OR,Umatilla,535.59729
41063,OR,Wallowa,14.8246
41065,OR,Wasco,.7067138
41067,OR,Washington,6.43328
41069,OR,Wheeler,0
41071,OR,Yamhill,39.705387
42001,PA,Adams,10.642696
42003,PA,Allegheny,.65237826
42005,PA,Armstrong,2.5155025
42007,PA,Beaver,1.4330097
42009,PA,Bedford,4.6986389
42011,PA,Berks,2.7375
42013,PA,Blair,4.8025823
42015,PA,Bradford,3.0559137
42017,PA,Bucks,2.2149684
42019,PA,Butler,6.6663427
42021,PA,Cambria,15.712873
42023,PA,Cameron,1.8189167
42025,PA,Carbon,5.3270926
42027,PA,Centre,13.943878
42029,PA,Chester,2.3024004
42031,PA,Clarion,12.631899
42033,PA,Clearfield,.44173405
42035,PA,Clinton,4.5033712
42037,PA,Columbia,61.384628
42039,PA,Crawford,5.167222
42041,PA,Cumberland,4.0846701
42043,PA,Dauphin,1.2371104
42047,PA,Elk,4.2048688
42049,PA,Erie,8.0049524
42051,PA,Fayette,4.3545651
42053,PA,Forest,.91371882
42055,PA,Franklin,7.5716605
42057,PA,Fulton,1.8290205
42059,PA,Greene,2.285264
42061,PA,Huntingdon,7.9933968
42063,PA,Indiana,10.971449
42065,PA,Jefferson,2.7424138
42067,PA,Juniata,7.6682191
42069,PA,Lackawanna,3.9211664
42071,PA,Lancaster,11.651631
42073,PA,Lawrence,2.3736293
42075,PA,Lebanon,6.0282745
42077,PA,Lehigh,4.7110343
42079,PA,Luzerne,4.5755272
42081,PA,Lycoming,9.9391375
42083,PA,McKean,.85559022
42085,PA,Mercer,6.1993818
42087,PA,Mifflin,3.8858168
42089,PA,Monroe,1.4592565
42091,PA,Montgomery,.87933695
42093,PA,Montour,12.493916
42095,PA,Northampton,1.8744361
42097,PA,Northumberland,16.388239
42099,PA,Perry,5.1593723
42101,PA,Philadelphia,.0058042649
42105,PA,Potter,203.05318
42107,PA,Schuylkill,18.710497
42109,PA,Snyder,30.682247
42111,PA,Somerset,4.67659
42113,PA,Sullivan,5.4238338
42115,PA,Susquehanna,2.1036394
42117,PA,Tioga,4.2232704
42119,PA,Union,8.4856539
42121,PA,Venango,2.1935484
42123,PA,Warren,3.6616712
42125,PA,Washington,3.1856301
42127,PA,Wayne,2.6499546
42129,PA,Westmoreland,2.8520145
42131,PA,Wyoming,15.16327
42133,PA,York,4.9699316
44001,RI,Bristol,3.7787213
44003,RI,Kent,.44278115
44005,RI,Newport,11.975687
44007,RI,Providence,1.1681519
44009,RI,Washington,3.4235177
45001,SC,Abbeville,2.4350326
45003,SC,Aiken,3.0378382
45005,SC,Allendale,72.336166
45007,SC,Anderson,1.4312725
45009,SC,Bamberg,175.64745
45011,SC,Barnwell,34.994839
45013,SC,Beaufort,12.816225
45015,SC,Berkeley,.43267658
45019,SC,Charleston,3.0044835
45021,SC,Cherokee,2.011061
45023,SC,Chester,5.4500918
45025,SC,Chesterfield,20.088511
45027,SC,Clarendon,52.232052
45029,SC,Colleton,59.617546
45031,SC,Darlington,3.4631019
45033,SC,Dillon,3.9663653
45035,SC,Dorchester,1.8258299
45037,SC,Edgefield,10.93311
45041,SC,Florence,5.1735754
45043,SC,Georgetown,1.3779593
45045,SC,Greenville,1.8294381
45047,SC,Greenwood,.34334272
45049,SC,Hampton,5.4035797
45051,SC,Horry,2.9210188
45055,SC,Kershaw,1.6387649
45057,SC,Lancaster,.64419156
45059,SC,Laurens,1.3736886
45061,SC,Lee,5.2462525
45063,SC,Lexington,25.187742
45067,SC,Marion,2.0688591
45069,SC,Marlboro,2.2732117
45071,SC,Newberry,1.4369346
45073,SC,Oconee,2.519702
45075,SC,Orangeburg,6.597302
45077,SC,Pickens,1.7214005
45079,SC,Richland,.15498401
45081,SC,Saluda,21.535534
45083,SC,Spartanburg,1.0260925
45085,SC,Sumter,2.2947028
45087,SC,Union,.95666653
45089,SC,Williamsburg,21.891731
45091,SC,York,.95925105
46003,SD,Aurora,0
46005,SD,Beadle,.55438519
46007,SD,Bennett,0
46009,SD,Bon Homme,0
46011,SD,Brookings,1.3454423
46017,SD,Buffalo,0
46019,SD,Butte,4.2960358
46021,SD,Campbell,0
46027,SD,Clay,1.55962
46029,SD,Codington,.43481413
46031,SD,Corson,0
46033,SD,Custer,0
46037,SD,Day,0
46039,SD,Deuel,1.8298261
46041,SD,Dewey,0
46043,SD,Douglas,0
46045,SD,Edmunds,0
46049,SD,Faulk,0
46053,SD,Gregory,0
46055,SD,Haakon,0
46059,SD,Hand,0
46061,SD,Hanson,5.0280981
46063,SD,Harding,0
46067,SD,Hutchinson,2.4934201
46069,SD,Hyde,0
46071,SD,Jackson,0
46073,SD,Jerauld,0
46075,SD,Jones,0
46077,SD,Kingsbury,0
46081,SD,Lawrence,1.1886708
46083,SD,Lincoln,1.1172029
46085,SD,Lyman,0
46087,SD,McCook,5.1748753
46089,SD,McPherson,0
46091,SD,Marshall,0
46093,SD,Meade,0
46095,SD,Mellette,0
46097,SD,Miner,0
46099,SD,Minnehaha,.42750877
46103,SD,Pennington,.066933125
46105,SD,Perkins,0
46107,SD,Potter,0
46109,SD,Roberts,.77294683
46111,SD,Sanborn,157.48709
46117,SD,Stanley,0
46121,SD,Todd,0
46123,SD,Tripp,.18238191
46127,SD,Union,0
46137,SD,Ziebach,0
47001,TN,Anderson,.305226
47003,TN,Bedford,.57360953
47005,TN,Benton,.55015588
47007,TN,Bledsoe,77.115593
47009,TN,Blount,3.306505
47011,TN,Bradley,1.1558752
47013,TN,Campbell,1.9535596
47015,TN,Cannon,1.8775275
47017,TN,Carroll,.2446868
47019,TN,Carter,.85437298
47021,TN,Cheatham,1.1717656
47023,TN,Chester,1.6850668
47025,TN,Claiborne,1.7337579
47027,TN,Clay,0
47029,TN,Cocke,18.103374
47031,TN,Coffee,1.6
47033,TN,Crockett,23.543905
47037,TN,Davidson,.23101161
47039,TN,Decatur,3.6026764
47041,TN,DeKalb,1.5870497
47043,TN,Dickson,1.2960341
47047,TN,Fayette,1.579697
47049,TN,Fentress,53.183773
47051,TN,Franklin,.80963713
47053,TN,Gibson,2.3760142
47055,TN,Giles,.48399365
47057,TN,Grainger,19.484823
47059,TN,Greene,4.3121657
47061,TN,Grundy,1.8344585
47065,TN,Hamilton,.11279761
47067,TN,Hancock,6.7405634
47069,TN,Hardeman,2.3752968
47071,TN,Hardin,.80725765
47073,TN,Hawkins,2.1566582
47075,TN,Haywood,1.8077239
47077,TN,Henderson,1.7841213
47079,TN,Henry,2.2254505
47081,TN,Hickman,.91127497
47085,TN,Humphreys,1.3661948
47087,TN,Jackson,1.2172854
47089,TN,Jefferson,7.0378089
47091,TN,Johnson,1.9864261
47093,TN,Knox,.1995026
47095,TN,Lake,0
47097,TN,Lauderdale,20.53581
47099,TN,Lawrence,6.9981499
47101,TN,Lewis,.16799664
47103,TN,Lincoln,16.149292
47105,TN,Loudon,.281277
47107,TN,McMinn,1.2965469
47109,TN,McNairy,1.4140488
47111,TN,Macon,1.2439469
47113,TN,Madison,.44667783
47117,TN,Marshall,.58177119
47119,TN,Maury,.36584473
47121,TN,Meigs,2.9955494
47123,TN,Monroe,.15502846
47125,TN,Montgomery,.3831397
47127,TN,Moore,3.1471283
47129,TN,Morgan,.91132778
47131,TN,Obion,2.2962112
47135,TN,Perry,1.0204082
47137,TN,Pickett,.98561007
47139,TN,Polk,2.1090691
47141,TN,Putnam,.83175391
47143,TN,Rhea,24.403841
47145,TN,Roane,1.739228
47147,TN,Robertson,4.4377813
47149,TN,Rutherford,.25880387
47153,TN,Sequatchie,.41594455
47155,TN,Sevier,.42191353
47157,TN,Shelby,.04682485
47159,TN,Smith,3.764509
47161,TN,Stewart,1.2750319
47163,TN,Sullivan,.22344799
47165,TN,Sumner,.66192091
47167,TN,Tipton,1.7677873
47169,TN,Trousdale,0
47171,TN,Unicoi,.65814734
47173,TN,Union,1.5696944
47175,TN,Van Buren,0
47177,TN,Warren,2.8912632
47179,TN,Washington,6.972518
47181,TN,Wayne,.82411116
47183,TN,Weakley,2.5301898
47185,TN,White,2.6067622
47187,TN,Williamson,.98440498
47189,TN,Wilson,1.4356959
48001,TX,Anderson,4.7922773
48003,TX,Andrews,0
48005,TX,Angelina,1.0956028
48007,TX,Aransas,.16886187
48011,TX,Armstrong,0
48013,TX,Atascosa,32.786533
48015,TX,Austin,4.2016807
48017,TX,Bailey,120.37556
48021,TX,Bastrop,2.9778597
48027,TX,Bell,.099041767
48029,TX,Bexar,1.0369676
48031,TX,Blanco,5.9310865
48033,TX,Borden,0
48037,TX,Bowie,.34406382
48039,TX,Brazoria,5.987618
48041,TX,Brazos,.13977148
48045,TX,Briscoe,0
48047,TX,Brooks,33.68597
48049,TX,Brown,2.0335402
48053,TX,Burnet,.57355237
48055,TX,Caldwell,2.299088
48057,TX,Calhoun,0
48059,TX,Callahan,.81366962
48061,TX,Cameron,13.219481
48063,TX,Camp,1.8457588
48065,TX,Carson,0
48067,TX,Cass,3.4124038
48071,TX,Chambers,0
48073,TX,Cherokee,6.67734
48077,TX,Clay,5.6099648
48081,TX,Coke,0
48083,TX,Coleman,0
48085,TX,Collin,.4131442
48089,TX,Colorado,.19331142
48091,TX,Comal,0
48093,TX,Comanche,75.763092
48095,TX,Concho,0
48097,TX,Cooke,2.088167
48101,TX,Cottle,0
48103,TX,Crane,0
48105,TX,Crockett,0
48107,TX,Crosby,0
48109,TX,Culberson,0
48111,TX,Dallam,151.08119
48113,TX,Dallas,.017504979
48117,TX,Deaf Smith,21.008619
48119,TX,Delta,1.6987542
48121,TX,Denton,.11435832
48123,TX,DeWitt,.43999022
48125,TX,Dickens,0
48129,TX,Donley,91.058243
48133,TX,Eastland,2.9875069
48135,TX,Ector,.22137362
48137,TX,Edwards,0
48139,TX,Ellis,.16907381
48141,TX,El Paso,1.4641817
48143,TX,Erath,1.5454776
48145,TX,Falls,19.483101
48147,TX,Fannin,.62329334
48153,TX,Floyd,179.57581
48155,TX,Foard,0
48157,TX,Fort Bend,.35896158
48159,TX,Franklin,1.317523
48161,TX,Freestone,1.8519471
48163,TX,Frio,551.80536
48165,TX,Gaines,293.34641
48167,TX,Galveston,.12608039
48169,TX,Garza,0
48171,TX,Gillespie,18.760681
48175,TX,Goliad,.81766146
48181,TX,Grayson,.5509823
48183,TX,Gregg,.21148184
48185,TX,Grimes,15.053361
48187,TX,Guadalupe,.40792081
48189,TX,Hale,110.68292
48191,TX,Hall,0
48193,TX,Hamilton,0
48195,TX,Hansford,0
48197,TX,Hardeman,0
48199,TX,Hardin,1.0344452
48201,TX,Harris,.099472046
48203,TX,Harrison,1.1161388
48207,TX,Haskell,0
48209,TX,Hays,.14237325
48211,TX,Hemphill,0
48213,TX,Henderson,2.6218131
48215,TX,Hidalgo,38.88578
48217,TX,Hill,1.3965684
48219,TX,Hockley,34.083046
48223,TX,Hopkins,.36725238
48229,TX,Hudspeth,739.2868
48231,TX,Hunt,1.4438612
48233,TX,Hutchinson,0
48235,TX,Irion,0
48237,TX,Jack,7.8827577
48241,TX,Jasper,4.7425098
48243,TX,Jeff Davis,0
48245,TX,Jefferson,.13922369
48247,TX,Jim Hogg,0
48251,TX,Johnson,.29988134
48253,TX,Jones,5.0861115
48257,TX,Kaufman,.4312163
48259,TX,Kendall,.16791672
48261,TX,Kenedy,0
48269,TX,King,0
48271,TX,Kinney,0
48277,TX,Lamar,.96443641
48281,TX,Lampasas,.54680121
48283,TX,La Salle,142.57675
48287,TX,Lee,3.3236644
48289,TX,Leon,7.1693153
48291,TX,Liberty,.091537967
48293,TX,Limestone,9.2706261
48295,TX,Lipscomb,0
48297,TX,Live Oak,.77067989
48301,TX,Loving,0
48303,TX,Lubbock,3.3589888
48307,TX,McCulloch,.9660669
48309,TX,McLennan,.42603669
48311,TX,McMullen,0
48319,TX,Mason,28.903162
48321,TX,Matagorda,.30092466
48323,TX,Maverick,1.0205361
48325,TX,Medina,94.490707
48327,TX,Menard,0
48331,TX,Milam,3.3964295
48337,TX,Montague,4.5065808
48339,TX,Montgomery,.078349866
48343,TX,Morris,8.7912092
48345,TX,Motley,0
48347,TX,Nacogdoches,2.0193431
48349,TX,Navarro,1.9131989
48351,TX,Newton,1.0472666
48353,TX,Nolan,0
48355,TX,Nueces,0
48357,TX,Ochiltree,0
48361,TX,Orange,.60270739
48363,TX,Palo Pinto,2.6959023
48365,TX,Panola,5.1220121
48367,TX,Parker,1.4274981
48369,TX,Parmer,469.91037
48371,TX,Pecos,62.941101
48373,TX,Polk,1.5064844
48377,TX,Presidio,15.600211
48379,TX,Rains,44.046421
48383,TX,Reagan,0
48385,TX,Real,0
48387,TX,Red River,3.0674846
48391,TX,Refugio,3.8695412
48393,TX,Roberts,0
48395,TX,Robertson,5.7125492
48397,TX,Rockwall,0
48399,TX,Runnels,1.0555609
48401,TX,Rusk,3.4735768
48403,TX,Sabine,1.4334862
48405,TX,San Augustine,1.9230769
48407,TX,San Jacinto,.92582303
48409,TX,San Patricio,.58153772
48413,TX,Schleicher,0
48417,TX,Shackelford,0
48419,TX,Shelby,26.624149
48423,TX,Smith,1.7760173
48425,TX,Somervell,2.795248
48427,TX,Starr,12.189027
48431,TX,Sterling,0
48433,TX,Stonewall,0
48435,TX,Sutton,0
48437,TX,Swisher,39.096218
48439,TX,Tarrant,.010625084
48443,TX,Terrell,0
48445,TX,Terry,66.836006
48447,TX,Throckmorton,0
48449,TX,Titus,4.2903986
48451,TX,Tom Green,.72251153
48453,TX,Travis,.042857364
48455,TX,Trinity,2.7934911
48457,TX,Tyler,5.5011654
48459,TX,Upshur,2.5034423
48461,TX,Upton,58.913776
48463,TX,Uvalde,200.07469
48465,TX,Val Verde,0
48467,TX,Van Zandt,32.904423
48469,TX,Victoria,2.9118276
48471,TX,Walker,2.0292859
48473,TX,Waller,27.493967
48475,TX,Ward,0
48477,TX,Washington,2.7449822
48481,TX,Wharton,5.6620736
48485,TX,Wichita,0
48489,TX,Willacy,24.593128
48491,TX,Williamson,.072294064
48493,TX,Wilson,21.732283
48497,TX,Wise,4.4183354
48499,TX,Wood,16.184046
48501,TX,Yoakum,267.35507
48507,TX,Zavala,283.01096
49003,UT,Box Elder,32.747097
49005,UT,Cache,6.4328089
49007,UT,Carbon,.047054395
49009,UT,Daggett,0
49011,UT,Davis,4.1846561
49013,UT,Duchesne,.57670128
49015,UT,Emery,12.085698
49019,UT,Grand,15.425817
49021,UT,Iron,6.184464
49023,UT,Juab,2.7129154
49027,UT,Millard,2.1558607
49031,UT,Piute,0
49035,UT,Salt Lake,.26579133
49037,UT,San Juan,10.386651
49039,UT,Sanpete,3.3581023
49041,UT,Sevier,2.216547
49045,UT,Tooele,.283977
49047,UT,Uintah,1.528038
49049,UT,Utah,.73875207
49051,UT,Wasatch,.11824524
49053,UT,Washington,.57400912
49055,UT,Wayne,2.5688074
49057,UT,Weber,1.7876916
50001,VT,Addison,3.7989798
50003,VT,Bennington,2.6987243
50005,VT,Caledonia,2.9591508
50007,VT,Chittenden,4.5164785
50011,VT,Franklin,4.2905111
50015,VT,Lamoille,4.6090336
50017,VT,Orange,11.121089
50019,VT,Orleans,2.5765607
50021,VT,Rutland,5.9919562
50023,VT,Washington,4.0938039
50025,VT,Windham,6.2042632
50027,VT,Windsor,2.6674728
51001,VA,Accomack,188.20917
51003,VA,Albemarle,.5198015
51005,VA,Alleghany,0
51007,VA,Amelia,1.2558869
51009,VA,Amherst,.46226385
51011,VA,Appomattox,1.4533924
51013,VA,Arlington,0
51015,VA,Augusta,2.3302128
51017,VA,Bath,8.6225481
51019,VA,Bedford,1.3594847
51021,VA,Bland,.74649149
51023,VA,Botetourt,1.7170744
51025,VA,Brunswick,2.0533881
51029,VA,Buckingham,.4691807
51031,VA,Campbell,.3825973
51033,VA,Caroline,12.560387
51035,VA,Carroll,37.210236
51037,VA,Charlotte,24.760061
51041,VA,Chesterfield,.51835692
51043,VA,Clarke,2.9417944
51045,VA,Craig,2.6933436
51047,VA,Culpeper,.92096448
51053,VA,Dinwiddie,2.9003961
51057,VA,Essex,0
51059,VA,Fairfax,.00535024
51061,VA,Fauquier,1.1247413
51063,VA,Floyd,14.570651
51065,VA,Fluvanna,.57872605
51067,VA,Franklin,.97616386
51069,VA,Frederick,.41138414
51071,VA,Giles,.58896285
51073,VA,Gloucester,.62274933
51075,VA,Goochland,1.3584411
51077,VA,Grayson,.52545154
51079,VA,Greene,1.008118
51081,VA,Greensville,2.8963284
51083,VA,Halifax,9.8362484
51085,VA,Hanover,11.181695
51087,VA,Henrico,.21842217
51089,VA,Henry,.47252727
51091,VA,Highland,.44404975
51093,VA,Isle of Wight,1.1293373
51095,VA,James City,1.3132261
51097,VA,King and Queen,6.78829
51099,VA,King George,21.702024
51101,VA,King William,3.6304457
51103,VA,Lancaster,.53437835
51105,VA,Lee,6.4230604
51107,VA,Loudoun,.60289925
51109,VA,Louisa,1.7901363
51111,VA,Lunenburg,2.2981219
51113,VA,Madison,7.5159431
51115,VA,Mathews,3.1453607
51117,VA,Mecklenburg,1.3550563
51121,VA,Montgomery,.38666123
51125,VA,Nelson,24.219118
51127,VA,New Kent,18.484674
51131,VA,Northampton,685.49908
51133,VA,Northumberland,2.8298836
51135,VA,Nottoway,3.8678586
51137,VA,Orange,.3511647
51141,VA,Patrick,21.093836
51143,VA,Pittsylvania,2.1569157
51145,VA,Powhatan,.56824237
51147,VA,Prince Edward,.43146223
51149,VA,Prince George,2.6891842
51153,VA,Prince William,.22523935
51157,VA,Rappahannock,5.9052477
51161,VA,Roanoke,2.7942867
51165,VA,Rockingham,3.3471613
51167,VA,Russell,1.0557804
51169,VA,Scott,11.715665
51171,VA,Shenandoah,2.6284909
51173,VA,Smyth,2.8864555
51175,VA,Southampton,35.352993
51177,VA,Spotsylvania,.3249352
51181,VA,Surry,7.1491098
51183,VA,Sussex,21.531502
51185,VA,Tazewell,.18080322
51191,VA,Washington,3.632731
51193,VA,Westmoreland,86.455002
51195,VA,Wise,.29347748
51197,VA,Wythe,2.6623886
51199,VA,York,.27318257
51550,VA,Chesapeake,.93764651
51650,VA,Hampton,0
51700,VA,Newport News,0
51800,VA,Suffolk,1.4312866
51810,VA,Virginia Beach,.67081267
53001,WA,Adams,1811.4124
53003,WA,Asotin,1.0969924
53005,WA,Benton,402.83347
53007,WA,Chelan,.32562241
53009,WA,Clallam,4.2740397
53011,WA,Clark,.50774658
53015,WA,Cowlitz,11.626081
53017,WA,Douglas,.25416836
53019,WA,Ferry,.51927823
53021,WA,Franklin,644.62384
53023,WA,Garfield,0
53025,WA,Grant,1109.9913
53027,WA,Grays Harbor,46.541775
53029,WA,Island,1.8422248
53031,WA,Jefferson,1.2406948
53033,WA,King,.4778021
53035,WA,Kitsap,.43569735
53037,WA,Kittitas,43.943108
53041,WA,Lewis,41.433502
53043,WA,Lincoln,238.3643
53045,WA,Mason,1.3657606
53047,WA,Okanogan,3.3680639
53053,WA,Pierce,1.997569
53055,WA,San Juan,3.1000886
53057,WA,Skagit,164.83665
53059,WA,Skamania,0
53061,WA,Snohomish,5.6492243
53063,WA,Spokane,3.2108934
53065,WA,Stevens,1.2394702
53067,WA,Thurston,1.5067339
53069,WA,Wahkiakum,1.002004
53071,WA,Walla Walla,355.44711
53073,WA,Whatcom,13.490372
53075,WA,Whitman,52.381054
53077,WA,Yakima,40.718025
54001,WV,Barbour,.23723385
54003,WV,Berkeley,1.5135943
54009,WV,Brooke,0
54011,WV,Cabell,.40246847
54013,WV,Calhoun,.65806794
54017,WV,Doddridge,2.683254
54019,WV,Fayette,.17427675
54021,WV,Gilmer,1.8235697
54023,WV,Grant,.33752427
54025,WV,Greenbrier,2.9837427
54027,WV,Hampshire,2.1540802
54029,WV,Hancock,.98850042
54033,WV,Harrison,.33247563
54035,WV,Jackson,2.2521753
54037,WV,Jefferson,2.200099
54039,WV,Kanawha,.11452249
54041,WV,Lewis,.66922188
54043,WV,Lincoln,.73940569
54045,WV,Logan,.055035774
54047,WV,McDowell,0
54049,WV,Marion,.5107702
54051,WV,Marshall,.94827324
54053,WV,Mason,5.2492476
54055,WV,Mercer,.36883801
54057,WV,Mineral,7.7369437
54059,WV,Mingo,0
54061,WV,Monongalia,.49731946
54063,WV,Monroe,6.8853188
54065,WV,Morgan,2.2922635
54067,WV,Nicholas,1.6009759
54069,WV,Ohio,.24971056
54071,WV,Pendleton,.93147039
54073,WV,Pleasants,1.9742037
54075,WV,Pocahontas,1.1485012
54077,WV,Preston,6.2842979
54079,WV,Putnam,2.2631636
54081,WV,Raleigh,.6577366
54083,WV,Randolph,1.4276488
54085,WV,Ritchie,1.26533
54087,WV,Roane,9.2529593
54089,WV,Summers,.5083884
54091,WV,Taylor,1.5886091
54093,WV,Tucker,3.1677465
54095,WV,Tyler,1.5505593
54097,WV,Upshur,1.388662
54099,WV,Wayne,.62357599
54101,WV,Webster,.66489363
54103,WV,Wetzel,.79239303
54105,WV,Wirt,.51581842
54107,WV,Wood,.32338539
54109,WV,Wyoming,0
55001,WI,Adams,1342.7054
55003,WI,Ashland,.88011569
55005,WI,Barron,217.69792
55007,WI,Bayfield,2.1862991
55009,WI,Brown,2.363272
55011,WI,Buffalo,13.264388
55013,WI,Burnett,3.3847556
55015,WI,Calumet,51.017536
55017,WI,Chippewa,4.8232532
55019,WI,Clark,4.7587266
55021,WI,Columbia,57.388378
55023,WI,Crawford,8.8870077
55025,WI,Dane,4.1819401
55027,WI,Dodge,115.3794
55029,WI,Door,315.90161
55031,WI,Douglas,.77591914
55033,WI,Dunn,90.68148
55035,WI,Eau Claire,15.699179
55037,WI,Florence,2.4630542
55039,WI,Fond du Lac,176.06229
55043,WI,Grant,1.2940415
55045,WI,Green,18.08029
55047,WI,Green Lake,555.96332
55049,WI,Iowa,103.45263
55051,WI,Iron,6.395153
55053,WI,Jackson,8.9944763
55055,WI,Jefferson,31.62149
55059,WI,Kenosha,7.4696379
55061,WI,Kewaunee,70.547676
55063,WI,La Crosse,.50537497
55065,WI,Lafayette,1.7211704
55067,WI,Langlade,963.75891
55069,WI,Lincoln,2.8787081
55071,WI,Manitowoc,63.378975
55073,WI,Marathon,36.076656
55075,WI,Marinette,62.765343
55077,WI,Marquette,162.40611
55078,WI,Menominee,0
55079,WI,Milwaukee,.1999868
55081,WI,Monroe,2.5938325
55083,WI,Oconto,83.079636
55085,WI,Oneida,54.08506
55087,WI,Outagamie,11.977889
55089,WI,Ozaukee,33.328358
55091,WI,Pepin,28.224173
55093,WI,Pierce,5.6815386
55095,WI,Polk,70.221367
55097,WI,Portage,980.78015
55099,WI,Price,.28826752
55101,WI,Racine,25.7862
55103,WI,Richland,12.69877
55105,WI,Rock,26.870384
55107,WI,Rusk,.90813833
55109,WI,St. Croix,36.517578
55111,WI,Sauk,57.031361
55113,WI,Sawyer,2.4167724
55115,WI,Shawano,15.018623
55117,WI,Sheboygan,47.995827
55119,WI,Taylor,2.1969438
55121,WI,Trempealeau,106.43513
55123,WI,Vernon,10.923897
55127,WI,Walworth,18.242685
55129,WI,Washburn,13.201945
55131,WI,Washington,14.127509
55133,WI,Waukesha,1.5202057
55135,WI,Waupaca,86.518692
55137,WI,Waushara,1117.6278
55139,WI,Winnebago,6.9880333
55141,WI,Wood,15.930845
56003,WY,Big Horn,.16970725
56007,WY,Carbon,0
56013,WY,Fremont,.85098106
56019,WY,Johnson,0
56023,WY,Lincoln,.44585633
56029,WY,Park,.27717146
56033,WY,Sheridan,.54065013
56035,WY,Sublette,0
56037,WY,Sweetwater,0
56039,WY,Teton,0
56041,WY,Uinta,0
56043,WY,Washakie,0
56045,WY,Weston,0
