CountyFIPS,state,county,pct_loclfarm12
01001,AL,Autauga,13.110539
01003,AL,Baldwin,10.41456
01005,AL,Barbour,2.2767076
01007,AL,Bibb,6.8783069
01009,AL,Blount,7.0910554
01011,AL,Bullock,4.3956046
01013,AL,Butler,7.6167078
01015,AL,Calhoun,8.4459457
01017,AL,Chambers,7.30897
01019,AL,Cherokee,2.4955437
01021,AL,Chilton,10.681399
01023,AL,Choctaw,5.6451612
01025,AL,Clarke,6.8441067
01027,AL,Clay,2.7431421
01029,AL,Cleburne,4.1055717
01031,AL,Coffee,4.115684
01033,AL,Colbert,3.7845707
01035,AL,Conecuh,3.7572255
01037,AL,Coosa,11.842105
01039,AL,Covington,3.5204568
01041,AL,Crenshaw,2.4347825
01043,AL,Cullman,3.6870952
01045,AL,Dale,4.7227926
01047,AL,Dallas,3.9525692
01049,AL,DeKalb,3.7346437
01051,AL,Elmore,7.246377
01053,AL,Escambia,5.0660791
01055,AL,Etowah,5.2754984
01057,AL,Fayette,6.0386472
01059,AL,Franklin,2.909091
01061,AL,Geneva,4.3264503
01063,AL,Greene,7.5657897
01065,AL,Hale,4.3859649
01067,AL,Henry,2.811245
01069,AL,Houston,4.9019608
01071,AL,Jackson,5.1598835
01073,AL,Jefferson,14.974619
01075,AL,Lamar,3.9660056
01077,AL,Lauderdale,3.6152797
01079,AL,Lawrence,2.6434557
01081,AL,Lee,5.0793653
01083,AL,Limestone,5.6910567
01085,AL,Lowndes,3.6281178
01087,AL,Macon,9.659091
01089,AL,Madison,7.6476283
01091,AL,Marengo,3.006012
01093,AL,Marion,2.7972028
01095,AL,Marshall,3.4551494
01097,AL,Mobile,12.750716
01099,AL,Monroe,2.9166667
01101,AL,Montgomery,4.6434493
01103,AL,Morgan,3.6378334
01105,AL,Perry,3.8560412
01107,AL,Pickens,4.387991
01109,AL,Pike,2
01111,AL,Randolph,3.1096563
01113,AL,Russell,5.3571429
01115,AL,St. Clair,5.5555553
01117,AL,Shelby,8.2294264
01119,AL,Sumter,3.7383177
01121,AL,Talladega,5.9730248
01123,AL,Tallapoosa,5.2173915
01125,AL,Tuscaloosa,10.462776
01127,AL,Walker,3.9419086
01129,AL,Washington,5.6603775
01131,AL,Wilcox,4.7468352
01133,AL,Winston,3.2692308
02020,AK,Anchorage,30.927835
02090,AK,Fairbanks North Star,28.571428
02110,AK,Juneau,34.615383
02122,AK,Kenai Peninsula,34.567902
04001,AZ,Apache,2.3251655
04003,AZ,Cochise,11.16194
04005,AZ,Coconino,5.1362214
04007,AZ,Gila,8.7179489
04009,AZ,Graham,6.0679612
04011,AZ,Greenlee,8.8050318
04012,AZ,La Paz,5.5999999
04013,AZ,Maricopa,8.7938681
04015,AZ,Mohave,14.328359
04017,AZ,Navajo,4.6281853
04019,AZ,Pima,11.929825
04021,AZ,Pinal,5.5437102
04023,AZ,Santa Cruz,11.440678
04025,AZ,Yavapai,13.297873
04027,AZ,Yuma,6.405694
05001,AR,Arkansas,.60975611
05003,AR,Ashley,5.319149
05005,AR,Baxter,3.2085562
05007,AR,Benton,3.0134447
05009,AR,Boone,2.0280812
05011,AR,Bradley,3.2432432
05013,AR,Calhoun,6.521739
05015,AR,Carroll,3.374778
05017,AR,Chicot,1.2779553
05019,AR,Clark,2.8871391
05021,AR,Clay,.32786885
05023,AR,Cleburne,1.7565871
05025,AR,Cleveland,0
05027,AR,Columbia,2.8776979
05029,AR,Conway,1.2254902
05031,AR,Craighead,2.4013722
05033,AR,Crawford,5.4176073
05035,AR,Crittenden,1.9011407
05037,AR,Cross,2.1538463
05039,AR,Dallas,4.4444447
05041,AR,Desha,2.0491803
05043,AR,Drew,2.5974026
05045,AR,Faulkner,4.2701864
05047,AR,Franklin,2.0506635
05049,AR,Fulton,4.9136786
05051,AR,Garland,6.371191
05053,AR,Grant,9.7276268
05055,AR,Greene,2.2503517
05057,AR,Hempstead,2.0053475
05059,AR,Hot Spring,5.4104476
05061,AR,Howard,1.4492754
05063,AR,Independence,3.1904287
05065,AR,Izard,2.0537124
05067,AR,Jackson,2.5171626
05069,AR,Jefferson,3.8288288
05071,AR,Johnson,3.3653846
05073,AR,Lafayette,2.2813687
05075,AR,Lawrence,.53667265
05077,AR,Lee,2.7272727
05079,AR,Lincoln,.79575598
05081,AR,Little River,3.3482144
05083,AR,Logan,2.0639834
05085,AR,Lonoke,5.0847459
05087,AR,Madison,3.52
05089,AR,Marion,4.7422681
05091,AR,Miller,4.1904764
05093,AR,Mississippi,1.4409221
05095,AR,Monroe,0
05097,AR,Montgomery,2.2271714
05099,AR,Nevada,2.8490028
05101,AR,Newton,2.1604939
05103,AR,Ouachita,6.5934067
05105,AR,Perry,5.0119333
05107,AR,Phillips,1.7730496
05109,AR,Pike,2.8901734
05111,AR,Poinsett,1.2594458
05113,AR,Polk,2.0156775
05115,AR,Pope,3.1729784
05117,AR,Prairie,.67415732
05119,AR,Pulaski,9.11271
05121,AR,Randolph,1.6491754
05123,AR,St. Francis,4.2944784
05125,AR,Saline,8.8082905
05127,AR,Scott,1.6611296
05129,AR,Searcy,2.8716216
05131,AR,Sebastian,2.8571429
05133,AR,Sevier,1.2891344
05135,AR,Sharp,1.3888888
05137,AR,Stone,3.0592735
05139,AR,Union,6.7857141
05141,AR,Van Buren,2.3850086
05143,AR,Washington,5.2358112
05145,AR,White,3.7037036
05147,AR,Woodruff,2.3041475
05149,AR,Yell,1.2594458
06001,CA,Alameda,9.9557524
06003,CA,Alpine,0
06005,CA,Amador,11.279826
06007,CA,Butte,10.359922
06009,CA,Calaveras,16.892912
06011,CA,Colusa,3.8363171
06013,CA,Contra Costa,13.621263
06015,CA,Del Norte,24.793388
06017,CA,El Dorado,22.017673
06019,CA,Fresno,6.739398
06021,CA,Glenn,6.7887111
06023,CA,Humboldt,21.827957
06025,CA,Imperial,4.9881234
06027,CA,Inyo,18.4
06029,CA,Kern,6.9143448
06031,CA,Kings,5.871212
06033,CA,Lake,15.871121
06035,CA,Lassen,16.964285
06037,CA,Los Angeles,16.228748
06039,CA,Madera,4.1141338
06041,CA,Marin,20.433437
06043,CA,Mariposa,10.164835
06045,CA,Mendocino,17.950819
06047,CA,Merced,4.4247789
06049,CA,Modoc,7.7803202
06051,CA,Mono,2.7777777
06053,CA,Monterey,7.2094994
06055,CA,Napa,5.7566767
06057,CA,Nevada,25.471699
06059,CA,Orange,20.833334
06061,CA,Placer,22.583025
06063,CA,Plumas,17.730497
06065,CA,Riverside,11.461513
06067,CA,Sacramento,17.60355
06069,CA,San Benito,9.5541401
06071,CA,San Bernardino,18.014412
06073,CA,San Diego,12.508723
06075,CA,San Francisco,16.666666
06077,CA,San Joaquin,6.9273744
06079,CA,San Luis Obispo,12.265567
06081,CA,San Mateo,19.760479
06083,CA,Santa Barbara,11.208516
06085,CA,Santa Clara,18.344965
06087,CA,Santa Cruz,16.791605
06089,CA,Shasta,17.033678
06091,CA,Sierra,4.1666665
06093,CA,Siskiyou,9.6878366
06095,CA,Solano,12.790698
06097,CA,Sonoma,13.942442
06099,CA,Stanislaus,5.3101616
06101,CA,Sutter,5.964654
06103,CA,Tehama,9.6959267
06105,CA,Trinity,29.554655
06107,CA,Tulare,7.6455078
06109,CA,Tuolumne,16.368286
06111,CA,Ventura,8.9767447
06113,CA,Yolo,13.452027
06115,CA,Yuba,15.345912
08001,CO,Adams,11.414982
08003,CO,Alamosa,5.2795029
08005,CO,Arapahoe,10.463576
08007,CO,Archuleta,11.827957
08009,CO,Baca,1.0854816
08011,CO,Bent,4.33213
08013,CO,Boulder,14.736842
08014,CO,Broomfield,0
08015,CO,Chaffee,12.556054
08017,CO,Cheyenne,1.4492754
08019,CO,Clear Creek,12
08021,CO,Conejos,3.8016529
08023,CO,Costilla,5.5776892
08025,CO,Crowley,7.4561405
08027,CO,Custer,4.0404038
08029,CO,Delta,14.48
08031,CO,Denver,20
08033,CO,Dolores,3.5335689
08035,CO,Douglas,11.111111
08037,CO,Eagle,13.333333
08039,CO,Elbert,9.6992483
08041,CO,El Paso,8.2089548
08043,CO,Fremont,8.2818298
08045,CO,Garfield,9.7600002
08047,CO,Gilpin,0
08049,CO,Grand,6.3414636
08051,CO,Gunnison,6.147541
08053,CO,Hinsdale,0
08055,CO,Huerfano,4.9140048
08057,CO,Jackson,8.5714283
08059,CO,Jefferson,9.0211134
08061,CO,Kiowa,2.278481
08063,CO,Kit Carson,4.2613635
08065,CO,Lake,13.043478
08067,CO,La Plata,10.320285
08069,CO,Larimer,12.553846
08071,CO,Las Animas,3.4883721
08073,CO,Lincoln,5.8189654
08075,CO,Logan,3.030303
08077,CO,Mesa,14.090106
08079,CO,Mineral,0
08081,CO,Moffat,4.8780489
08083,CO,Montezuma,8.4358521
08085,CO,Montrose,9.0425529
08087,CO,Morgan,4.6419096
08089,CO,Otero,4.0665436
08091,CO,Ouray,10.185185
08093,CO,Park,11.483253
08095,CO,Phillips,2.1943574
08097,CO,Pitkin,9.7560978
08099,CO,Prowers,1.8083183
08101,CO,Pueblo,4.6979866
08103,CO,Rio Blanco,5.7507987
08105,CO,Rio Grande,8.4880638
08107,CO,Routt,7.6345429
08109,CO,Saguache,8.6642599
08113,CO,San Miguel,14.074074
08115,CO,Sedgwick,3.5398231
08117,CO,Summit,5.2631578
08119,CO,Teller,23.577236
08121,CO,Washington,3.0339806
08123,CO,Weld,7.0638299
08125,CO,Yuma,1.558753
09001,CT,Fairfield,22.551252
09003,CT,Hartford,28.253614
09005,CT,Litchfield,23.860811
09007,CT,Middlesex,16.988417
09009,CT,New Haven,21.726618
09011,CT,New London,20.231823
09013,CT,Tolland,27.33564
09015,CT,Windham,27.456648
10001,DE,Kent,6.9524913
10003,DE,New Castle,13.101604
10005,DE,Sussex,5.7660627
12001,FL,Alachua,9.1456079
12003,FL,Baker,7.6115484
12005,FL,Bay,7.826087
12007,FL,Bradford,7.2340426
12009,FL,Brevard,19.493177
12011,FL,Broward,6.9918699
12013,FL,Calhoun,6.4220185
12015,FL,Charlotte,6.338028
12017,FL,Citrus,7.8711987
12019,FL,Clay,9.6774197
12021,FL,Collier,2.8213167
12023,FL,Columbia,6.4550266
12027,FL,DeSoto,4.7846889
12029,FL,Dixie,2.9411764
12031,FL,Duval,12.5
12033,FL,Escambia,12.071331
12035,FL,Flagler,8.474576
12037,FL,Franklin,5
12039,FL,Gadsden,5.4726367
12041,FL,Gilchrist,4.4750428
12043,FL,Glades,3.3232629
12045,FL,Gulf,14.705882
12047,FL,Hamilton,2.3972602
12049,FL,Hardee,1.7311609
12051,FL,Hendry,2.4630542
12053,FL,Hernando,7.5093865
12055,FL,Highlands,4.4375644
12057,FL,Hillsborough,8.1914034
12059,FL,Holmes,2.372035
12061,FL,Indian River,5.2060738
12063,FL,Jackson,6.2931032
12065,FL,Jefferson,9.886548
12067,FL,Lafayette,5.8823528
12069,FL,Lake,7.7914796
12071,FL,Lee,13.981043
12073,FL,Leon,13.028169
12075,FL,Levy,4.2735043
12077,FL,Liberty,0
12079,FL,Madison,3.1390135
12081,FL,Manatee,6.2409286
12083,FL,Marion,4.4186049
12085,FL,Martin,8.5178871
12086,FL,Miami-Dade,16.790792
12087,FL,Monroe,3.5714285
12089,FL,Nassau,7.6576576
12091,FL,Okaloosa,8.5953875
12093,FL,Okeechobee,2.6548672
12095,FL,Orange,7.0996981
12097,FL,Osceola,2.4657533
12099,FL,Palm Beach,7.523066
12101,FL,Pasco,7.2300467
12103,FL,Pinellas,9.3220339
12105,FL,Polk,4.4306417
12107,FL,Putnam,8.6046515
12109,FL,St. Johns,11.170213
12111,FL,St. Lucie,5.4187193
12113,FL,Santa Rosa,6.6066065
12115,FL,Sarasota,7.0671377
12117,FL,Seminole,13.782051
12119,FL,Sumter,4.1697149
12121,FL,Suwannee,6.8720379
12123,FL,Taylor,8.2872925
12125,FL,Union,6.1855669
12127,FL,Volusia,8.4372711
12129,FL,Wakulla,11.695907
12131,FL,Walton,7.6119404
12133,FL,Washington,6.1576357
13001,GA,Appling,1.8947369
13003,GA,Atkinson,11.85567
13005,GA,Bacon,3.7313433
13007,GA,Baker,1.3333334
13009,GA,Baldwin,5.6451612
13011,GA,Banks,3.2755299
13013,GA,Barrow,5.9210525
13015,GA,Bartow,5.2401748
13017,GA,Ben Hill,3.8277512
13019,GA,Berrien,2.8947368
13021,GA,Bibb,12.38938
13023,GA,Bleckley,1.826484
13025,GA,Brantley,3.7209303
13027,GA,Brooks,5.7692308
13029,GA,Bryan,10
13031,GA,Bulloch,5.3308825
13033,GA,Burke,7.6335878
13035,GA,Butts,9.2857141
13037,GA,Calhoun,3.97351
13039,GA,Camden,20.289856
13043,GA,Candler,1.2605042
13045,GA,Carroll,2.4202421
13047,GA,Catoosa,9.2936802
13049,GA,Charlton,9.5238094
13051,GA,Chatham,14.285714
13053,GA,Chattahoochee,0
13055,GA,Chattooga,6.8493152
13057,GA,Cherokee,7.6744184
13059,GA,Clarke,10
13061,GA,Clay,0
13063,GA,Clayton,0
13065,GA,Clinch,11.25
13067,GA,Cobb,14.545455
13069,GA,Coffee,3.0664396
13071,GA,Colquitt,3.5123968
13073,GA,Columbia,4.8275862
13075,GA,Cook,1.7094017
13077,GA,Coweta,5.3221288
13079,GA,Crawford,9.6774197
13081,GA,Crisp,2.4590163
13083,GA,Dade,8.333333
13085,GA,Dawson,4.3956046
13087,GA,Decatur,2.5139666
13089,GA,DeKalb,20
13091,GA,Dodge,4.2394013
13093,GA,Dooly,3.7931035
13095,GA,Dougherty,1.6528926
13097,GA,Douglas,10.256411
13099,GA,Early,.29940119
13101,GA,Echols,12.5
13103,GA,Effingham,15.053763
13105,GA,Elbert,2.43309
13107,GA,Emanuel,4.3378997
13109,GA,Evans,5.4455447
13111,GA,Fannin,8.5858583
13113,GA,Fayette,8.7301588
13115,GA,Floyd,7.1556349
13117,GA,Forsyth,7.3954983
13119,GA,Franklin,3.0967741
13121,GA,Fulton,20.320856
13123,GA,Gilmer,5.4054055
13125,GA,Glascock,1.0416666
13127,GA,Glynn,13.207547
13129,GA,Gordon,4.9180326
13131,GA,Grady,2.9723992
13133,GA,Greene,4.6632123
13135,GA,Gwinnett,12.290503
13137,GA,Habersham,4.9763031
13139,GA,Hall,5.7877812
13141,GA,Hancock,10.526316
13143,GA,Haralson,6.0200667
13145,GA,Harris,6.7460318
13147,GA,Hart,5.1369863
13149,GA,Heard,4.7619047
13151,GA,Henry,12.204724
13153,GA,Houston,12.831859
13155,GA,Irwin,1.072386
13157,GA,Jackson,4.7803617
13159,GA,Jasper,6.2761507
13161,GA,Jeff Davis,3.6458333
13163,GA,Jefferson,4.4692736
13165,GA,Jenkins,.44642857
13167,GA,Johnson,4.7058825
13169,GA,Jones,7.4285712
13171,GA,Lamar,5.9523811
13173,GA,Lanier,3.4883721
13175,GA,Laurens,3.4582133
13177,GA,Lee,4.1666665
13179,GA,Liberty,23.913044
13181,GA,Lincoln,1.3333334
13183,GA,Long,5.970149
13185,GA,Lowndes,7.0559611
13187,GA,Lumpkin,2.7272727
13189,GA,McDuffie,4.8076925
13191,GA,McIntosh,14.285714
13193,GA,Macon,3.5842295
13195,GA,Madison,7.3825502
13197,GA,Marion,6.4039407
13199,GA,Meriwether,4.7457628
13201,GA,Miller,4.3715849
13205,GA,Mitchell,1.8058691
13207,GA,Monroe,7.1038251
13209,GA,Montgomery,2.1834061
13211,GA,Morgan,4.1958041
13213,GA,Murray,3.75
13215,GA,Muscogee,0
13217,GA,Newton,7.0175438
13219,GA,Oconee,9.6000004
13221,GA,Oglethorpe,7.3891625
13223,GA,Paulding,11.971831
13225,GA,Peach,10.526316
13227,GA,Pickens,4.961832
13229,GA,Pierce,4.2134833
13231,GA,Pike,7.4324327
13233,GA,Polk,4.2492919
13235,GA,Pulaski,6.818182
13237,GA,Putnam,1.2121212
13239,GA,Quitman,0
13241,GA,Rabun,12.280702
13243,GA,Randolph,1.5228426
13245,GA,Richmond,4.0650406
13247,GA,Rockdale,12.621359
13249,GA,Schley,2.173913
13251,GA,Screven,4.6511626
13253,GA,Seminole,0
13255,GA,Spalding,8.9147291
13257,GA,Stephens,7.7981653
13259,GA,Stewart,0
13261,GA,Sumter,4.0650406
13263,GA,Talbot,8.8888893
13265,GA,Taliaferro,7.2727275
13267,GA,Tattnall,4.0707965
13269,GA,Taylor,6.25
13271,GA,Telfair,2.6666667
13273,GA,Terrell,3.6290324
13275,GA,Thomas,2.4570024
13277,GA,Tift,4.5614033
13279,GA,Toombs,5.2238808
13281,GA,Towns,3.6697247
13283,GA,Treutlen,5.3691278
13285,GA,Troup,5.6603775
13287,GA,Turner,3.0534351
13289,GA,Twiggs,6.4814816
13291,GA,Union,7.2289157
13293,GA,Upson,5.7432432
13295,GA,Walker,6.818182
13297,GA,Walton,5.4507337
13299,GA,Ware,3.5714285
13301,GA,Warren,1.4925373
13303,GA,Washington,4.6568627
13305,GA,Wayne,4.8780489
13307,GA,Webster,1.9607843
13309,GA,Wheeler,1.4705882
13311,GA,White,7.0234113
13313,GA,Whitfield,2.3809524
13315,GA,Wilcox,3.8356164
13317,GA,Wilkes,3.1545742
13319,GA,Wilkinson,7.0175438
13321,GA,Worth,1.4373716
15001,HI,Hawaii,18.402617
15003,HI,Honolulu,26.226227
15007,HI,Kauai,34.517765
15009,HI,Maui,31.205673
16001,ID,Ada,18.572588
16003,ID,Adams,9.8290596
16005,ID,Bannock,10.989011
16007,ID,Bear Lake,6.0851927
16009,ID,Benewah,9.4890509
16011,ID,Bingham,9.644269
16013,ID,Blaine,7.5268817
16015,ID,Boise,14.285714
16017,ID,Bonner,19.533527
16019,ID,Bonneville,7.8387456
16021,ID,Boundary,15.945946
16023,ID,Butte,7.009346
16025,ID,Camas,5.2631578
16027,ID,Canyon,12.526813
16029,ID,Caribou,8.4862385
16031,ID,Cassia,4.9401197
16033,ID,Clark,0
16035,ID,Clearwater,10.9375
16037,ID,Custer,4.0441175
16039,ID,Elmore,18.624641
16041,ID,Franklin,5.5155873
16043,ID,Fremont,4.3261232
16045,ID,Gem,14.578313
16047,ID,Gooding,7.2147651
16049,ID,Idaho,7.6607389
16051,ID,Jefferson,5.025773
16053,ID,Jerome,5
16055,ID,Kootenai,15.169903
16057,ID,Latah,9.1168089
16059,ID,Lemhi,10.571428
16061,ID,Lewis,.92592591
16063,ID,Lincoln,7.0967741
16065,ID,Madison,7.2033896
16067,ID,Minidoka,4.0192928
16069,ID,Nez Perce,10.697675
16071,ID,Oneida,3.3797216
16073,ID,Owyhee,8.3044987
16075,ID,Payette,12.366412
16077,ID,Power,4.2207794
16079,ID,Shoshone,27.777779
16081,ID,Teton,10.309278
16083,ID,Twin Falls,7.187017
16085,ID,Valley,14.529915
16087,ID,Washington,11.806798
17001,IL,Adams,3.312789
17003,IL,Alexander,2.0833333
17005,IL,Bond,2.8744326
17007,IL,Boone,8.1419621
17009,IL,Brown,1.9370461
17011,IL,Bureau,2.935606
17013,IL,Calhoun,5.6485357
17015,IL,Carroll,5.4432349
17017,IL,Cass,4.2600899
17019,IL,Champaign,4.1920733
17021,IL,Christian,2.0833333
17023,IL,Clark,2.6587887
17025,IL,Clay,.64599484
17027,IL,Clinton,2.6229508
17029,IL,Coles,4.2613635
17031,IL,Cook,20.472441
17033,IL,Crawford,4.6744576
17035,IL,Cumberland,3.8199182
17037,IL,DeKalb,6.931818
17039,IL,De Witt,2.3483367
17041,IL,Douglas,4.7619047
17043,IL,DuPage,6.7567568
17045,IL,Edgar,1.3372957
17047,IL,Edwards,1.6438357
17049,IL,Effingham,2.1505377
17051,IL,Fayette,3.2258065
17053,IL,Ford,3.2967033
17055,IL,Franklin,5.203938
17057,IL,Fulton,3.298969
17059,IL,Gallatin,1.4778326
17061,IL,Greene,1.7416545
17063,IL,Grundy,2.5522041
17065,IL,Hamilton,1.5827339
17067,IL,Hancock,1.8348624
17069,IL,Hardin,2.6666667
17071,IL,Henderson,.75757575
17073,IL,Henry,3.058995
17075,IL,Iroquois,3.1292517
17077,IL,Jackson,6.0025544
17079,IL,Jasper,2.3076923
17081,IL,Jefferson,2.9162748
17083,IL,Jersey,6.2868371
17085,IL,Jo Daviess,3.7433155
17087,IL,Johnson,3.0465951
17089,IL,Kane,8.8135595
17091,IL,Kankakee,4.0342298
17093,IL,Kendall,10.439561
17095,IL,Knox,3.271028
17097,IL,Lake,14.326648
17099,IL,LaSalle,4.9905243
17101,IL,Lawrence,3.1662269
17103,IL,Lee,4.5508981
17105,IL,Livingston,4.1512232
17107,IL,Logan,3.080873
17109,IL,McDonough,1.6216216
17111,IL,McHenry,11.196487
17113,IL,McLean,4.2310276
17115,IL,Macon,3.4124629
17117,IL,Macoupin,3.5294118
17119,IL,Madison,6.3063064
17121,IL,Marion,3.2986112
17123,IL,Marshall,4.7727275
17125,IL,Mason,2.4489796
17127,IL,Massac,2.6699028
17129,IL,Menard,4.6070461
17131,IL,Mercer,2.2377622
17133,IL,Monroe,3.374778
17135,IL,Montgomery,2.7424095
17137,IL,Morgan,3.6988111
17139,IL,Moultrie,7.233273
17141,IL,Ogle,5.6620207
17143,IL,Peoria,5.9978189
17145,IL,Perry,3.0357144
17147,IL,Piatt,2.5821595
17149,IL,Pike,1.0309278
17151,IL,Pope,.85959888
17153,IL,Pulaski,2.173913
17155,IL,Putnam,2.7322404
17157,IL,Randolph,3.0264816
17159,IL,Richland,3.6101084
17161,IL,Rock Island,4.5045047
17163,IL,St. Clair,5.191257
17165,IL,Saline,1.0351967
17167,IL,Sangamon,5.9523811
17169,IL,Schuyler,1.4760147
17171,IL,Scott,1.6853932
17173,IL,Shelby,2.7301092
17175,IL,Stark,3.1609194
17177,IL,Stephenson,4.6918125
17179,IL,Tazewell,4.6709127
17181,IL,Union,6.0995183
17183,IL,Vermilion,3.3472803
17185,IL,Wabash,.46948355
17187,IL,Warren,2.8099174
17189,IL,Washington,2.960103
17191,IL,Wayne,1.68492
17193,IL,White,1.7182131
17195,IL,Whiteside,4.7747746
17197,IL,Will,6.9160995
17199,IL,Williamson,4.5584044
17201,IL,Winnebago,9.2936802
17203,IL,Woodford,8.9770355
18001,IN,Adams,4.7425475
18003,IN,Allen,5.7971015
18005,IN,Bartholomew,7.8651686
18007,IN,Benton,3.1496062
18009,IN,Blackford,4.1825094
18011,IN,Boone,7.2487645
18013,IN,Brown,8.0924854
18015,IN,Carroll,6.5173116
18017,IN,Cass,5.9593024
18019,IN,Clark,10.097087
18021,IN,Clay,5.1813474
18023,IN,Clinton,6.365159
18025,IN,Crawford,5.9171596
18027,IN,Daviess,7.8490567
18029,IN,Dearborn,8.7344027
18031,IN,Decatur,4.4262295
18033,IN,DeKalb,4.9783549
18035,IN,Delaware,6.7213116
18037,IN,Dubois,4.4444447
18039,IN,Elkhart,11.078886
18041,IN,Fayette,4.0345821
18043,IN,Floyd,11.191336
18045,IN,Fountain,4.5652175
18047,IN,Franklin,5.9147182
18049,IN,Fulton,5.206738
18051,IN,Gibson,4.5840406
18053,IN,Grant,4.5999999
18055,IN,Greene,4.6913581
18057,IN,Hamilton,10.869565
18059,IN,Hancock,8.609271
18061,IN,Harrison,6.8252325
18063,IN,Hendricks,8.6455336
18065,IN,Henry,5.5555553
18067,IN,Howard,4.2016807
18069,IN,Huntington,4.8920865
18071,IN,Jackson,6.1827955
18073,IN,Jasper,4.5528455
18075,IN,Jay,3.1100478
18077,IN,Jefferson,9.105691
18079,IN,Jennings,5.1136365
18081,IN,Johnson,7.8291817
18083,IN,Knox,4.8387098
18085,IN,Kosciusko,6.4153972
18087,IN,LaGrange,7.8958249
18089,IN,Lake,6.5116277
18091,IN,LaPorte,8.618331
18093,IN,Lawrence,5.75
18095,IN,Madison,4.613297
18097,IN,Marion,10.38961
18099,IN,Marshall,7.9726653
18101,IN,Martin,4.5936394
18103,IN,Miami,4.6546545
18105,IN,Monroe,10.173161
18107,IN,Montgomery,5.6010928
18109,IN,Morgan,8.5763292
18111,IN,Newton,6.8965516
18113,IN,Noble,6.1049013
18115,IN,Ohio,7.0175438
18117,IN,Orange,4.6025105
18119,IN,Owen,6.3752275
18121,IN,Parke,11.324041
18123,IN,Perry,3.3898306
18125,IN,Pike,.31152648
18127,IN,Porter,6.4449062
18129,IN,Posey,1.7156863
18131,IN,Pulaski,1.3059702
18133,IN,Putnam,7.0838251
18135,IN,Randolph,4.7927461
18137,IN,Ripley,9.0182648
18139,IN,Rush,4.4925127
18141,IN,St. Joseph,9.985528
18143,IN,Scott,4.6728973
18145,IN,Shelby,3.8664324
18147,IN,Spencer,5.527638
18149,IN,Starke,2.3483367
18151,IN,Steuben,3.9145908
18153,IN,Sullivan,4.1570439
18155,IN,Switzerland,3.3942559
18157,IN,Tippecanoe,10.11396
18159,IN,Tipton,3.4482758
18161,IN,Union,1.2396694
18163,IN,Vanderburgh,5.818182
18165,IN,Vermillion,2.9629629
18167,IN,Vigo,6.2222223
18169,IN,Wabash,6.1744967
18171,IN,Warren,3.8740921
18173,IN,Warrick,2.9023747
18175,IN,Washington,8.7845964
18177,IN,Wayne,6.5838509
18179,IN,Wells,4.7169809
18181,IN,White,3.0110936
18183,IN,Whitley,7.1830988
19001,IA,Adair,3.8567493
19003,IA,Adams,1.4989294
19005,IA,Allamakee,3.0662711
19007,IA,Appanoose,2.016129
19009,IA,Audubon,1.9292605
19011,IA,Benton,5.1028805
19013,IA,Black Hawk,5.9523811
19015,IA,Boone,5.5437102
19017,IA,Bremer,4.3788185
19019,IA,Buchanan,5.3023257
19021,IA,Buena Vista,2.4475524
19023,IA,Butler,3.5583942
19025,IA,Calhoun,2.7845037
19027,IA,Carroll,1.5962441
19029,IA,Cass,3.2716928
19031,IA,Cedar,3.7696335
19033,IA,Cerro Gordo,3.3333333
19035,IA,Cherokee,1.3664596
19037,IA,Chickasaw,4.150579
19039,IA,Clarke,4.1467304
19041,IA,Clay,1.5277778
19043,IA,Clayton,3.3608117
19045,IA,Clinton,4.6623793
19047,IA,Crawford,1.3333334
19049,IA,Dallas,4.9950051
19051,IA,Davis,5.6706653
19053,IA,Decatur,1.8284107
19055,IA,Delaware,2.2431259
19057,IA,Des Moines,2.2624435
19059,IA,Dickinson,4.3083901
19061,IA,Dubuque,3.4199727
19063,IA,Emmet,1.0526316
19065,IA,Fayette,2.177294
19067,IA,Floyd,3.9194915
19069,IA,Franklin,2.8135991
19071,IA,Fremont,1.6885554
19073,IA,Greene,4.2307692
19075,IA,Grundy,5.2917233
19077,IA,Guthrie,2.4125452
19079,IA,Hamilton,2.890933
19081,IA,Hancock,3.824522
19083,IA,Hardin,3.4188035
19085,IA,Harrison,2.1978023
19087,IA,Henry,2.2148395
19089,IA,Howard,3.3975084
19091,IA,Humboldt,1.3937283
19093,IA,Ida,1.4625229
19095,IA,Iowa,2.5515211
19097,IA,Jackson,3.1872511
19099,IA,Jasper,4.9180326
19101,IA,Jefferson,3.9416058
19103,IA,Johnson,6.5573769
19105,IA,Jones,4.7125354
19107,IA,Keokuk,1.2219959
19109,IA,Kossuth,3.4099333
19111,IA,Lee,4.0348964
19113,IA,Linn,3.9229672
19115,IA,Louisa,2.2875817
19117,IA,Lucas,2.3148148
19119,IA,Lyon,3.2484636
19121,IA,Madison,2.0811656
19123,IA,Mahaska,3.3596838
19125,IA,Marion,4.4921875
19127,IA,Marshall,3.2879817
19129,IA,Mills,3.4000001
19131,IA,Mitchell,5.8693247
19133,IA,Monona,2.6022305
19135,IA,Monroe,2.195946
19137,IA,Montgomery,2.2044089
19139,IA,Muscatine,5.2162848
19141,IA,O'Brien,1.4705882
19143,IA,Osceola,1.981982
19145,IA,Page,2.0297699
19147,IA,Palo Alto,2.0594966
19149,IA,Plymouth,1.8031555
19151,IA,Pocahontas,.53908354
19153,IA,Polk,7.5032344
19155,IA,Pottawattamie,3.3670034
19157,IA,Poweshiek,4.1079812
19159,IA,Ringgold,2.3041475
19161,IA,Sac,1.3129103
19163,IA,Scott,6.5876155
19165,IA,Shelby,3.2220943
19167,IA,Sioux,2.7812114
19169,IA,Story,6.2111802
19171,IA,Tama,2.2084806
19173,IA,Taylor,1.2519562
19175,IA,Union,3.2407408
19177,IA,Van Buren,3.3200531
19179,IA,Wapello,1.4824798
19181,IA,Warren,5.0224886
19183,IA,Washington,5.1799827
19185,IA,Wayne,2.0260491
19187,IA,Webster,3.0991735
19189,IA,Winnebago,2.8037384
19191,IA,Winneshiek,3.0618892
19193,IA,Woodbury,2.3638232
19195,IA,Worth,3.75
19197,IA,Wright,4
20001,KS,Allen,4.1538463
20003,KS,Anderson,4.9504952
20005,KS,Atchison,2.2913258
20007,KS,Barber,.79365081
20009,KS,Barton,2.7377522
20011,KS,Bourbon,3.654485
20013,KS,Brown,3.7254901
20015,KS,Butler,6.7257943
20017,KS,Chase,5.9523811
20019,KS,Chautauqua,1.9230769
20021,KS,Cherokee,2.7434843
20023,KS,Cheyenne,4.0712466
20025,KS,Clark,1.4134276
20027,KS,Clay,2.5878003
20029,KS,Cloud,2.6030369
20031,KS,Coffey,3.2983508
20033,KS,Comanche,1.2820513
20035,KS,Cowley,3.5353534
20037,KS,Crawford,3.427896
20039,KS,Decatur,.68259388
20041,KS,Dickinson,3.3630068
20043,KS,Doniphan,3.0805688
20045,KS,Douglas,9.1005287
20047,KS,Edwards,0
20049,KS,Elk,2.8571429
20051,KS,Ellis,2.9457364
20053,KS,Ellsworth,.68965518
20055,KS,Finney,1.8036072
20057,KS,Ford,.91603053
20059,KS,Franklin,3.0273438
20061,KS,Geary,2.1008403
20063,KS,Gove,2.5316455
20065,KS,Graham,.69605571
20067,KS,Grant,.91185409
20069,KS,Gray,1.1961722
20071,KS,Greeley,3.0534351
20073,KS,Greenwood,3.8112524
20075,KS,Hamilton,1.0075567
20077,KS,Harper,2.2821577
20079,KS,Harvey,6.8548388
20081,KS,Haskell,0
20083,KS,Hodgeman,0
20085,KS,Jackson,3.4155598
20087,KS,Jefferson,7.429719
20089,KS,Jewell,.88300222
20091,KS,Johnson,8.5814362
20093,KS,Kearny,1.1661807
20095,KS,Kingman,1.980198
20097,KS,Kiowa,1.4888338
20099,KS,Labette,3.8894575
20101,KS,Lane,1.5873016
20103,KS,Leavenworth,8.7378645
20105,KS,Lincoln,1.8561485
20107,KS,Linn,2.6286967
20109,KS,Logan,.61538464
20111,KS,Lyon,4.5454545
20113,KS,McPherson,2.8770707
20115,KS,Marion,4.0774717
20117,KS,Marshall,2.0100503
20119,KS,Meade,1.3667426
20121,KS,Miami,6.0536399
20123,KS,Mitchell,1.9277109
20125,KS,Montgomery,4.644269
20127,KS,Morris,1.3215859
20129,KS,Morton,0
20131,KS,Nemaha,1.7718716
20133,KS,Neosho,3.2763534
20135,KS,Ness,1.615799
20137,KS,Norton,1.907357
20139,KS,Osage,3.3530571
20141,KS,Osborne,2.6239066
20143,KS,Ottawa,2.0952382
20145,KS,Pawnee,1.7456359
20147,KS,Phillips,4.3083901
20149,KS,Pottawatomie,3.8202248
20151,KS,Pratt,1.2891344
20153,KS,Rawlins,1.9543974
20155,KS,Reno,5.7562766
20157,KS,Republic,1.9130435
20159,KS,Rice,2.8195488
20161,KS,Riley,5.679513
20163,KS,Rooks,2.7272727
20165,KS,Rush,1.3257576
20167,KS,Russell,.99206346
20169,KS,Saline,2.3738873
20171,KS,Scott,.74349445
20173,KS,Sedgwick,5.3571429
20175,KS,Seward,1.1019284
20177,KS,Shawnee,5.6900725
20179,KS,Sheridan,1.0416666
20181,KS,Sherman,1.4423077
20183,KS,Smith,.804829
20185,KS,Stafford,1.6791044
20187,KS,Stanton,.35971224
20189,KS,Stevens,1.2698413
20191,KS,Sumner,2.3722627
20193,KS,Thomas,3.4782608
20195,KS,Trego,2.0833333
20197,KS,Wabaunsee,2.4311182
20199,KS,Wallace,0
20201,KS,Washington,2.1857924
20203,KS,Wichita,.75471699
20205,KS,Wilson,5.4373522
20207,KS,Woodson,1.9047619
20209,KS,Wyandotte,9.7560978
21001,KY,Adair,1.6090105
21003,KY,Allen,5.8333335
21005,KY,Anderson,5.7692308
21007,KY,Ballard,2.2058823
21009,KY,Barren,2.9427502
21011,KY,Bath,3.3333333
21013,KY,Bell,9.876543
21015,KY,Boone,7.8947368
21017,KY,Bourbon,3.8588755
21019,KY,Boyd,12.149532
21021,KY,Boyle,7.4193549
21023,KY,Bracken,3.7478704
21025,KY,Breathitt,18.333334
21027,KY,Breckinridge,3.8343558
21029,KY,Bullitt,4.7131147
21031,KY,Butler,3.2998564
21033,KY,Caldwell,2.4163568
21035,KY,Calloway,4.0194883
21037,KY,Campbell,9.1269846
21039,KY,Carlisle,2.4615386
21041,KY,Carroll,7.553957
21043,KY,Carter,6.1068702
21045,KY,Casey,6.0822897
21047,KY,Christian,4.4953351
21049,KY,Clark,5.2095132
21051,KY,Clay,9.4650202
21053,KY,Clinton,2.1653543
21055,KY,Crittenden,4.2229729
21057,KY,Cumberland,2.1563342
21059,KY,Daviess,5.2568698
21061,KY,Edmonson,3.6050158
21063,KY,Elliott,5.6555271
21065,KY,Estill,5.7894735
21067,KY,Fayette,7.1030641
21069,KY,Fleming,2.3919044
21071,KY,Floyd,8.0459766
21073,KY,Franklin,6.2176166
21075,KY,Fulton,2.8089888
21077,KY,Gallatin,8.1081085
21079,KY,Garrard,3.6024845
21081,KY,Grant,4.6798029
21083,KY,Graves,3.6754508
21085,KY,Grayson,3.4115138
21087,KY,Green,2
21089,KY,Greenup,6.4569535
21091,KY,Hancock,4.2857141
21093,KY,Hardin,5.0847459
21095,KY,Harlan,11.764706
21097,KY,Harrison,5.8270679
21099,KY,Hart,4.3002915
21101,KY,Henderson,3.0107527
21103,KY,Henry,6.329114
21105,KY,Hickman,2.3489933
21107,KY,Hopkins,4.240766
21109,KY,Jackson,5.9523811
21111,KY,Jefferson,9.1623039
21113,KY,Jessamine,5.3892217
21115,KY,Johnson,4.0816326
21117,KY,Kenton,7.6252723
21119,KY,Knott,0
21121,KY,Knox,2.4691358
21123,KY,Larue,6.3888888
21125,KY,Laurel,5.4671969
21127,KY,Lawrence,5.1546392
21129,KY,Lee,8.4507046
21131,KY,Leslie,0
21133,KY,Letcher,5.5555553
21135,KY,Lewis,3.106509
21137,KY,Lincoln,4.2429285
21139,KY,Livingston,2.4813895
21141,KY,Logan,1.981132
21143,KY,Lyon,5.9360728
21145,KY,McCracken,6.935123
21147,KY,McCreary,4.516129
21149,KY,McLean,5.0847459
21151,KY,Madison,4.5939293
21153,KY,Magoffin,5.2631578
21155,KY,Marion,2.6574802
21157,KY,Marshall,3.3379693
21159,KY,Martin,10
21161,KY,Mason,3.4700315
21163,KY,Meade,5.570292
21165,KY,Menifee,3.4013605
21167,KY,Mercer,5.0609183
21169,KY,Metcalfe,2.5974026
21171,KY,Monroe,2.3310022
21173,KY,Montgomery,2.4630542
21175,KY,Morgan,4.4668589
21177,KY,Muhlenberg,2.6984127
21179,KY,Nelson,2.7149322
21181,KY,Nicholas,3.6842105
21183,KY,Ohio,3.8135593
21185,KY,Oldham,13.365155
21187,KY,Owen,4.1369472
21189,KY,Owsley,12.269938
21191,KY,Pendleton,5.5555553
21193,KY,Perry,22.44898
21195,KY,Pike,10.714286
21197,KY,Powell,4.3668122
21199,KY,Pulaski,2.6269703
21201,KY,Robertson,.39840639
21203,KY,Rockcastle,2.9542098
21205,KY,Rowan,3.6516855
21207,KY,Russell,2.4793389
21209,KY,Scott,5.4892602
21211,KY,Shelby,5.4677205
21213,KY,Simpson,3.6402569
21215,KY,Spencer,7.7504725
21217,KY,Taylor,3.6613271
21219,KY,Todd,5.970149
21221,KY,Trigg,7.3047857
21223,KY,Trimble,5.6947608
21225,KY,Union,0
21227,KY,Warren,4.4902911
21229,KY,Washington,3.3630068
21231,KY,Wayne,3.8560412
21233,KY,Webster,1.6
21235,KY,Whitley,6.25
21237,KY,Wolfe,3.030303
21239,KY,Woodford,5.8906031
22001,LA,Acadia,3.6860881
22003,LA,Allen,4.6620045
22005,LA,Ascension,6
22007,LA,Assumption,2.4691358
22009,LA,Avoyelles,3.2017076
22011,LA,Beauregard,4.5348835
22013,LA,Bienville,4.7210302
22015,LA,Bossier,7.4152541
22017,LA,Caddo,6.514658
22019,LA,Calcasieu,4.2128601
22021,LA,Caldwell,4.7457628
22023,LA,Cameron,2.3391812
22025,LA,Catahoula,1.2345679
22027,LA,Claiborne,3.3898306
22029,LA,Concordia,2.3861172
22031,LA,De Soto,4.6337819
22033,LA,East Baton Rouge,7.8703704
22035,LA,East Carroll,2.6431718
22037,LA,East Feliciana,3.7593985
22039,LA,Evangeline,2.5641026
22041,LA,Franklin,.87431693
22043,LA,Grant,10.084034
22045,LA,Iberia,6.0931902
22047,LA,Iberville,3.030303
22049,LA,Jackson,4.0816326
22051,LA,Jefferson,3.5087719
22053,LA,Jefferson Davis,3.3536584
22055,LA,Lafayette,5.3797469
22057,LA,Lafourche,8.3538084
22059,LA,La Salle,0
22061,LA,Lincoln,5.7803469
22063,LA,Livingston,6.6666665
22065,LA,Madison,.67796612
22067,LA,Morehouse,2.5345621
22069,LA,Natchitoches,5.5555553
22071,LA,Orleans,50
22073,LA,Ouachita,4.4444447
22075,LA,Plaquemines,20
22077,LA,Pointe Coupee,3.562341
22079,LA,Rapides,5.1582651
22081,LA,Red River,3.1746032
22083,LA,Richland,1.1811024
22085,LA,Sabine,3.0612245
22087,LA,St. Bernard,16.071428
22089,LA,St. Charles,10
22091,LA,St. Helena,5.0938339
22093,LA,St. James,9.5238094
22095,LA,St. John the Baptist,0
22097,LA,St. Landry,4.6337819
22099,LA,St. Martin,12.647058
22101,LA,St. Mary,5.46875
22103,LA,St. Tammany,9.2715235
22105,LA,Tangipahoa,6.3551402
22107,LA,Tensas,3.9840639
22109,LA,Terrebonne,4.7619047
22111,LA,Union,2.6634383
22113,LA,Vermilion,4.1385136
22115,LA,Vernon,3.821656
22117,LA,Washington,5.3268766
22119,LA,Webster,3.5794184
22121,LA,West Baton Rouge,.94339621
22123,LA,West Carroll,1.7735335
22125,LA,West Feliciana,7.9754601
22127,LA,Winn,5.5865922
23001,ME,Androscoggin,36.933044
23003,ME,Aroostook,20
23005,ME,Cumberland,33.008358
23007,ME,Franklin,24.742268
23009,ME,Hancock,34.90099
23011,ME,Kennebec,22.847683
23013,ME,Knox,33.757961
23015,ME,Lincoln,33.430233
23017,ME,Oxford,24.863884
23019,ME,Penobscot,29.689808
23021,ME,Piscataquis,28.571428
23023,ME,Sagadahoc,34.497818
23025,ME,Somerset,26.079447
23027,ME,Waldo,29.541864
23029,ME,Washington,29.846939
23031,ME,York,25.417202
24001,MD,Allegany,5.8419242
24003,MD,Anne Arundel,12.335958
24005,MD,Baltimore,14.21875
24009,MD,Calvert,14.498141
24011,MD,Caroline,4.4072948
24013,MD,Carroll,10.897436
24015,MD,Cecil,7.6612902
24017,MD,Charles,13.089005
24019,MD,Dorchester,2.8368795
24021,MD,Frederick,12.767584
24023,MD,Garrett,13.043478
24025,MD,Harford,15.463918
24027,MD,Howard,12.969283
24029,MD,Kent,4.6321526
24031,MD,Montgomery,13.148149
24033,MD,Prince George's,16.426514
24035,MD,Queen Anne's,6.0377359
24037,MD,St. Mary's,13.29114
24039,MD,Somerset,2.0979021
24041,MD,Talbot,3.3536584
24043,MD,Washington,13.953488
24045,MD,Wicomico,7.647059
24047,MD,Worcester,4.010695
25001,MA,Barnstable,24.324324
25003,MA,Berkshire,36.190475
25005,MA,Bristol,24.267782
25007,MA,Dukes,28.40909
25009,MA,Essex,22.796934
25011,MA,Franklin,30.897436
25013,MA,Hampden,24.742268
25015,MA,Hampshire,27.659575
25017,MA,Middlesex,36.806496
25019,MA,Nantucket,40
25021,MA,Norfolk,21.632652
25023,MA,Plymouth,19.030304
25025,MA,Suffolk,80
25027,MA,Worcester,32.371796
26001,MI,Alcona,11.914893
26003,MI,Alger,30.107527
26005,MI,Allegan,11.891117
26007,MI,Alpena,15.065502
26009,MI,Antrim,20.481928
26011,MI,Arenac,7.6009502
26013,MI,Baraga,19.298246
26015,MI,Barry,11.057226
26017,MI,Bay,10.052219
26019,MI,Benzie,22.099447
26021,MI,Berrien,14.957667
26023,MI,Branch,7.3055029
26025,MI,Calhoun,9.9706745
26027,MI,Cass,10.526316
26029,MI,Charlevoix,15.151515
26031,MI,Cheboygan,17.571884
26033,MI,Chippewa,12.958435
26035,MI,Clare,11.304348
26037,MI,Clinton,10.549645
26039,MI,Crawford,18.367348
26041,MI,Delta,12.367491
26043,MI,Dickinson,9.2592592
26045,MI,Eaton,10.146173
26047,MI,Emmet,17.421602
26049,MI,Genesee,14.251497
26051,MI,Gladwin,11.069418
26053,MI,Gogebic,19.354839
26055,MI,Grand Traverse,19.444445
26057,MI,Gratiot,6.6059227
26059,MI,Hillsdale,6.9281044
26061,MI,Houghton,23.163841
26063,MI,Huron,4.06639
26065,MI,Ingham,14.406779
26067,MI,Ionia,11.091073
26069,MI,Iosco,13.427562
26071,MI,Iron,14.529915
26073,MI,Isabella,9.375
26075,MI,Jackson,10.158434
26077,MI,Kalamazoo,15.122616
26079,MI,Kalkaska,12.053572
26081,MI,Kent,16.307161
26083,MI,Keweenaw,0
26085,MI,Lake,10.5
26087,MI,Lapeer,15.975286
26089,MI,Leelanau,15.587045
26091,MI,Lenawee,7.8491964
26093,MI,Livingston,14.850136
26095,MI,Luce,18.60465
26097,MI,Mackinac,15.53398
26099,MI,Macomb,18.326693
26101,MI,Manistee,16.049383
26103,MI,Marquette,25.595238
26105,MI,Mason,16.136364
26107,MI,Mecosta,11.296534
26109,MI,Menominee,9.798995
26111,MI,Midland,11.891891
26113,MI,Missaukee,10.39261
26115,MI,Monroe,9.7902098
26117,MI,Montcalm,10.026619
26119,MI,Montmorency,11.258278
26121,MI,Muskegon,12.256809
26123,MI,Newaygo,13.434453
26125,MI,Oakland,17.504656
26127,MI,Oceana,13.793103
26129,MI,Ogemaw,11.071428
26131,MI,Ontonagon,9.1743116
26133,MI,Osceola,11.066667
26135,MI,Oscoda,15.862069
26137,MI,Otsego,13.888889
26139,MI,Ottawa,13.793103
26141,MI,Presque Isle,14.860682
26143,MI,Roscommon,13.793103
26145,MI,Saginaw,7.2078905
26147,MI,St. Clair,13.060058
26149,MI,St. Joseph,9.3071356
26151,MI,Sanilac,6.5439672
26153,MI,Schoolcraft,18.461538
26155,MI,Shiawassee,11.035818
26157,MI,Tuscola,10.590015
26159,MI,Van Buren,16.352201
26161,MI,Washtenaw,14.805825
26163,MI,Wayne,25.783972
26165,MI,Wexford,16.806723
27001,MN,Aitkin,9.7664547
27003,MN,Anoka,17.929293
27005,MN,Becker,4.3360434
27007,MN,Beltrami,7.6788831
27009,MN,Benton,4.8016701
27011,MN,Big Stone,3.75
27013,MN,Blue Earth,3.1775701
27015,MN,Brown,2.7488151
27017,MN,Carlton,10.778443
27019,MN,Carver,7.9847908
27021,MN,Cass,7.1428571
27023,MN,Chippewa,2.9673591
27025,MN,Chisago,12.860577
27027,MN,Clay,3.8557215
27029,MN,Clearwater,4.8169556
27031,MN,Cook,38.888889
27033,MN,Cottonwood,3.9360394
27035,MN,Crow Wing,9.5684805
27037,MN,Dakota,11.547085
27039,MN,Dodge,5.3140097
27041,MN,Douglas,4.8579283
27043,MN,Faribault,1.9417475
27045,MN,Fillmore,5.2157116
27047,MN,Freeborn,4.0998216
27049,MN,Goodhue,7.486979
27051,MN,Grant,2.398524
27053,MN,Hennepin,17.22488
27055,MN,Houston,5.4347825
27057,MN,Hubbard,13.054187
27059,MN,Isanti,11.966825
27061,MN,Itasca,17.955112
27063,MN,Jackson,1.8159807
27065,MN,Kanabec,8.6419754
27067,MN,Kandiyohi,5.2671757
27069,MN,Kittson,.7352941
27071,MN,Koochiching,10.695188
27073,MN,Lac qui Parle,2.6995306
27075,MN,Lake,31.818182
27077,MN,Lake of the Woods,7.1428571
27079,MN,Le Sueur,6.2797337
27081,MN,Lincoln,1.4306152
27083,MN,Lyon,1.7699115
27085,MN,McLeod,5.7971015
27087,MN,Mahnomen,5.1612902
27089,MN,Marshall,1.7421603
27091,MN,Martin,2.0066891
27093,MN,Meeker,5.7541413
27095,MN,Mille Lacs,12.4487
27097,MN,Morrison,4.7010732
27099,MN,Mower,3.5137701
27101,MN,Murray,2.2346368
27103,MN,Nicollet,3.9267015
27105,MN,Nobles,2.914573
27107,MN,Norman,2.1311476
27109,MN,Olmsted,6.6086955
27111,MN,Otter Tail,4.8137159
27113,MN,Pennington,2.7184465
27115,MN,Pine,9.6551723
27117,MN,Pipestone,3.7676609
27119,MN,Polk,1.4372163
27121,MN,Pope,3.7593985
27123,MN,Ramsey,39.175259
27125,MN,Red Lake,2.484472
27127,MN,Redwood,2.9234738
27129,MN,Renville,2.8275213
27131,MN,Rice,6.9785275
27133,MN,Rock,4.7895503
27135,MN,Roseau,3.0706244
27137,MN,St. Louis,15.620438
27139,MN,Scott,10.035419
27141,MN,Sherburne,16.923077
27143,MN,Sibley,3.3719704
27145,MN,Stearns,4.7415023
27147,MN,Steele,4.7738695
27149,MN,Stevens,4.8214288
27151,MN,Swift,1.6229713
27153,MN,Todd,5.0750904
27155,MN,Traverse,1.0917031
27157,MN,Wabasha,3.850385
27159,MN,Wadena,5.9097977
27161,MN,Waseca,2.2360249
27163,MN,Washington,18.272425
27165,MN,Watonwan,1.3916501
27167,MN,Wilkin,2.5575447
27169,MN,Winona,8.2511215
27171,MN,Wright,11.688312
27173,MN,Yellow Medicine,2.3728814
28001,MS,Adams,3.1746032
28003,MS,Alcorn,1.3861386
28005,MS,Amite,2.3728814
28007,MS,Attala,3.0701754
28009,MS,Benton,3.8461537
28011,MS,Bolivar,.71599042
28013,MS,Calhoun,1.1272142
28015,MS,Carroll,1.7892644
28017,MS,Chickasaw,1.7391304
28019,MS,Choctaw,3.9370079
28021,MS,Claiborne,3.2128515
28023,MS,Clarke,5.7750759
28025,MS,Clay,2.8571429
28027,MS,Coahoma,4.029304
28029,MS,Copiah,3.1620553
28031,MS,Covington,3.4482758
28033,MS,DeSoto,8.0831413
28035,MS,Forrest,5.8495822
28037,MS,Franklin,4.2328043
28039,MS,George,6.6317625
28041,MS,Greene,5.3164558
28043,MS,Grenada,1.2658228
28045,MS,Hancock,4.8387098
28047,MS,Harrison,9.6676741
28049,MS,Hinds,5.0620823
28051,MS,Holmes,.37664783
28053,MS,Humphreys,1.5267175
28055,MS,Issaquena,0
28057,MS,Itawamba,4.288939
28059,MS,Jackson,8.8019562
28061,MS,Jasper,1.7977529
28063,MS,Jefferson,4.33213
28065,MS,Jefferson Davis,3.5608308
28067,MS,Jones,3.3441207
28069,MS,Kemper,1.3227513
28071,MS,Lafayette,2.6726058
28073,MS,Lamar,4.9528303
28075,MS,Lauderdale,9.1152811
28077,MS,Lawrence,2.0151134
28079,MS,Leake,2.5117738
28081,MS,Lee,2.8571429
28083,MS,Leflore,2
28085,MS,Lincoln,4.7058825
28087,MS,Lowndes,5.8111382
28089,MS,Madison,1.1678832
28091,MS,Marion,4.710145
28093,MS,Marshall,4.1884818
28095,MS,Monroe,2.2038567
28097,MS,Montgomery,.57971013
28099,MS,Neshoba,3.1019201
28101,MS,Newton,2.3131673
28103,MS,Noxubee,2.4778762
28105,MS,Oktibbeha,4.9751244
28107,MS,Panola,2.4161074
28109,MS,Pearl River,6.1500616
28111,MS,Perry,6.7741938
28113,MS,Pike,3.5781543
28115,MS,Pontotoc,2.0247469
28117,MS,Prentiss,1.5873016
28119,MS,Quitman,1.1527377
28121,MS,Rankin,3.1343284
28123,MS,Scott,2.5139666
28125,MS,Sharkey,.78125
28127,MS,Simpson,1.8151815
28129,MS,Smith,2.0408163
28131,MS,Stone,7.0110703
28133,MS,Sunflower,1.7142857
28135,MS,Tallahatchie,.39292732
28137,MS,Tate,3.3391917
28139,MS,Tippah,1.0130246
28141,MS,Tishomingo,2.0905924
28143,MS,Tunica,0
28145,MS,Union,2.4709303
28147,MS,Walthall,1.9005848
28149,MS,Warren,4.6218486
28151,MS,Washington,1.0563381
28153,MS,Wayne,2.1653543
28155,MS,Webster,1.1049724
28157,MS,Wilkinson,2.0202019
28159,MS,Winston,5.7312255
28161,MS,Yalobusha,1.9230769
28163,MS,Yazoo,1.4880953
29001,MO,Adair,3.5279806
29003,MO,Andrew,3.2687652
29005,MO,Atchison,1.2658228
29007,MO,Audrain,6.1083746
29009,MO,Barry,3.3637002
29011,MO,Barton,4.8936172
29013,MO,Bates,3.1650984
29015,MO,Benton,5
29017,MO,Bollinger,4.5685277
29019,MO,Boone,9.5644751
29021,MO,Buchanan,2.2008252
29023,MO,Butler,6.4833007
29025,MO,Caldwell,1.2560387
29027,MO,Callaway,6.1397319
29029,MO,Camden,3.9399624
29031,MO,Cape Girardeau,4.5654082
29033,MO,Carroll,1.3489208
29035,MO,Carter,5.1020408
29037,MO,Cass,5.2842808
29039,MO,Cedar,3.0525031
29041,MO,Chariton,1.6964285
29043,MO,Christian,6.5420561
29045,MO,Clark,1.6344725
29047,MO,Clay,5.8823528
29049,MO,Clinton,4.0897098
29051,MO,Cole,5.2132702
29053,MO,Cooper,3.3405173
29055,MO,Crawford,6.7746687
29057,MO,Dade,3.4059947
29059,MO,Dallas,5.3030305
29061,MO,Daviess,2.7522936
29063,MO,DeKalb,3.2444959
29065,MO,Dent,6.53789
29067,MO,Douglas,3.1504066
29069,MO,Dunklin,3.768116
29071,MO,Franklin,8.4736557
29073,MO,Gasconade,4.1909199
29075,MO,Gentry,2.9661016
29077,MO,Greene,5.3652968
29079,MO,Grundy,4.0638609
29081,MO,Harrison,2.7592769
29083,MO,Henry,2.1252797
29085,MO,Hickory,1.4373716
29087,MO,Holt,1.9607843
29089,MO,Howard,3.6601307
29091,MO,Howell,2.931596
29093,MO,Iron,4.7619047
29095,MO,Jackson,8.4165478
29097,MO,Jasper,4.387991
29099,MO,Jefferson,11.914893
29101,MO,Johnson,4.4659023
29103,MO,Knox,2.3021584
29105,MO,Laclede,2.5751073
29107,MO,Lafayette,5.9625211
29109,MO,Lawrence,4.1103301
29111,MO,Lewis,2.0576131
29113,MO,Lincoln,4.8192773
29115,MO,Linn,3.7536092
29117,MO,Livingston,2.3612752
29119,MO,McDonald,4.1036716
29121,MO,Macon,2.9434547
29123,MO,Madison,4.2895441
29125,MO,Maries,6.5789475
29127,MO,Marion,2.9829545
29129,MO,Mercer,1.2345679
29131,MO,Miller,2.0730503
29133,MO,Mississippi,.97560978
29135,MO,Moniteau,4.9586778
29137,MO,Monroe,3.5815268
29139,MO,Montgomery,3.7735848
29141,MO,Morgan,6.0737529
29143,MO,New Madrid,0
29145,MO,Newton,4.1191382
29147,MO,Nodaway,2.8753994
29149,MO,Oregon,2.9255319
29151,MO,Osage,3.7668161
29153,MO,Ozark,3.5993741
29155,MO,Pemiscot,0
29157,MO,Perry,3.9957938
29159,MO,Pettis,3.8138826
29161,MO,Phelps,7.9387188
29163,MO,Pike,3.5892322
29165,MO,Platte,5.8430719
29167,MO,Polk,5.1827245
29169,MO,Pulaski,5
29171,MO,Putnam,1.6949153
29173,MO,Ralls,1.2448133
29175,MO,Randolph,2.6894865
29177,MO,Ray,5.2495699
29179,MO,Reynolds,1.9283746
29181,MO,Ripley,2.0501139
29183,MO,St. Charles,6.5371027
29185,MO,St. Clair,1.6483517
29186,MO,Ste. Genevieve,7.2368422
29187,MO,St. Francois,5.1036682
29189,MO,St. Louis,10.138248
29195,MO,Saline,3.4410844
29197,MO,Schuyler,1.9379845
29199,MO,Scotland,2.3738873
29201,MO,Scott,3.0991735
29203,MO,Shannon,3.0973451
29205,MO,Shelby,2.9619181
29207,MO,Stoddard,2.3153253
29209,MO,Stone,5.8236275
29211,MO,Sullivan,1.3784461
29213,MO,Taney,3.8647344
29215,MO,Texas,3.3179011
29217,MO,Vernon,4.2772861
29219,MO,Warren,5.6360707
29221,MO,Washington,6.4030132
29223,MO,Wayne,3.4063261
29225,MO,Webster,4.8448558
29227,MO,Worth,2.0833333
29229,MO,Wright,4.2536116
30001,MT,Beaverhead,6.9767442
30003,MT,Big Horn,1.3282733
30005,MT,Blaine,1.6483517
30007,MT,Broadwater,8.3623695
30009,MT,Carbon,5.5096416
30011,MT,Carter,2.1406727
30013,MT,Cascade,4.6153846
30015,MT,Chouteau,1.8087856
30017,MT,Custer,2.3640661
30019,MT,Daniels,.88757396
30021,MT,Dawson,1.2371134
30023,MT,Deer Lodge,3.2258065
30025,MT,Fallon,3.3898306
30027,MT,Fergus,2.0253165
30029,MT,Flathead,8.5024157
30031,MT,Gallatin,7.3086843
30033,MT,Garfield,3.030303
30035,MT,Glacier,3.1561463
30037,MT,Golden Valley,3.1847134
30039,MT,Granite,3.0674846
30041,MT,Hill,1.7456359
30043,MT,Jefferson,5.9850373
30045,MT,Judith Basin,3.0864198
30047,MT,Lake,12.975779
30049,MT,Lewis and Clark,6.6856332
30051,MT,Liberty,3.6184211
30053,MT,Lincoln,8.6153851
30055,MT,McCone,1.0224949
30057,MT,Madison,5.4290719
30059,MT,Meagher,7.352941
30061,MT,Mineral,2.1052632
30063,MT,Missoula,11.616955
30065,MT,Musselshell,5.05618
30067,MT,Park,7.6241136
30069,MT,Petroleum,4
30071,MT,Phillips,3.1558185
30073,MT,Pondera,2.7722771
30075,MT,Powder River,1.5243902
30077,MT,Powell,7.2243347
30079,MT,Prairie,5.3763442
30081,MT,Ravalli,11.47427
30083,MT,Richland,2.7573528
30085,MT,Roosevelt,.330033
30087,MT,Rosebud,4.1189933
30089,MT,Sanders,8.333333
30091,MT,Sheridan,.94876659
30093,MT,Silver Bow,1.4285715
30095,MT,Stillwater,4.890388
30097,MT,Sweet Grass,6.0240965
30099,MT,Teton,3.638814
30101,MT,Toole,2.1276596
30103,MT,Treasure,2.7522936
30105,MT,Valley,.76452601
30107,MT,Wheatland,3.2467532
30109,MT,Wibaux,1.744186
30111,MT,Yellowstone,4.8120298
31001,NE,Adams,2.6455026
31003,NE,Antelope,1.0430248
31005,NE,Arthur,1.1764706
31007,NE,Banner,4.6632123
31009,NE,Blaine,4.2735043
31011,NE,Boone,1.0835913
31013,NE,Box Butte,4.0772533
31015,NE,Boyd,3.0075188
31017,NE,Brown,1.5243902
31019,NE,Buffalo,5.2581263
31021,NE,Burt,3.2142856
31023,NE,Butler,2.1428571
31025,NE,Cass,5.1983585
31027,NE,Cedar,1.9169329
31029,NE,Chase,2.0467837
31031,NE,Cherry,1.590106
31033,NE,Cheyenne,3.0630631
31035,NE,Clay,4.5951862
31037,NE,Colfax,.54151624
31039,NE,Cuming,2.3965142
31041,NE,Custer,3.3284023
31043,NE,Dakota,2.8806584
31045,NE,Dawes,4.4624748
31047,NE,Dawson,4.7146401
31049,NE,Deuel,3.7974684
31051,NE,Dixon,2.4561403
31053,NE,Dodge,2.3468058
31055,NE,Douglas,7.3232322
31057,NE,Dundy,1.9920319
31059,NE,Fillmore,2.3305085
31061,NE,Franklin,1.183432
31063,NE,Frontier,4.1009464
31065,NE,Furnas,1.0282776
31067,NE,Gage,2.4544735
31069,NE,Garden,1.532567
31071,NE,Garfield,.88495576
31073,NE,Gosper,3.0769231
31075,NE,Grant,0
31077,NE,Greeley,1.285347
31079,NE,Hall,2.1922429
31081,NE,Hamilton,1.3986014
31083,NE,Harlan,1.9444444
31085,NE,Hayes,1.2765957
31087,NE,Hitchcock,4.347826
31089,NE,Holt,3.1274433
31091,NE,Hooker,4.8780489
31093,NE,Howard,3.0791788
31095,NE,Jefferson,1.7543859
31097,NE,Johnson,2.2146509
31099,NE,Kearney,1.744186
31101,NE,Keith,2.0618556
31103,NE,Keya Paha,2.0491803
31105,NE,Kimball,2.9850745
31107,NE,Knox,1.8518518
31109,NE,Lancaster,7.2984748
31111,NE,Lincoln,3.5958905
31113,NE,Logan,8.0536909
31115,NE,Loup,3.6231885
31117,NE,McPherson,0
31119,NE,Madison,2.5232403
31121,NE,Merrick,2.6422765
31123,NE,Morrill,2.34375
31125,NE,Nance,1.1267606
31127,NE,Nemaha,5.5432372
31129,NE,Nuckolls,1.3793104
31131,NE,Otoe,4.0133781
31133,NE,Pawnee,1.6666666
31135,NE,Perkins,3.0456853
31137,NE,Phelps,2.4691358
31139,NE,Pierce,3.2496307
31141,NE,Platte,2.4416137
31143,NE,Polk,1.2875537
31145,NE,Red Willow,2.9629629
31147,NE,Richardson,3.5326087
31149,NE,Rock,1.2145749
31151,NE,Saline,2.3809524
31153,NE,Sarpy,8.0808077
31155,NE,Saunders,3.986711
31157,NE,Scotts Bluff,4.6583853
31159,NE,Seward,3.8306451
31161,NE,Sheridan,2.4253731
31163,NE,Sherman,2.4154589
31165,NE,Sioux,3.6723163
31167,NE,Stanton,2.5848143
31169,NE,Thayer,3.9351852
31171,NE,Thomas,0
31173,NE,Thurston,0
31175,NE,Valley,1.7412935
31177,NE,Washington,5.9683313
31179,NE,Wayne,1.9305019
31181,NE,Webster,2.8368795
31183,NE,Wheeler,1.5151515
31185,NE,York,3.5120149
32001,NV,Churchill,5.9523811
32003,NV,Clark,11.904762
32005,NV,Douglas,9.8039217
32007,NV,Elko,8.514493
32009,NV,Esmeralda,0
32011,NV,Eureka,.99009901
32013,NV,Humboldt,3.3426185
32015,NV,Lander,15.32258
32017,NV,Lincoln,21.621622
32019,NV,Lyon,10.38961
32021,NV,Mineral,.84033614
32023,NV,Nye,12.626263
32027,NV,Pershing,8.4415588
32029,NV,Storey,0
32031,NV,Washoe,18.16284
32033,NV,White Pine,5.625
32510,NV,Carson City,0
33001,NH,Belknap,24.834436
33003,NH,Carroll,43.298969
33005,NH,Cheshire,39.312038
33007,NH,Coos,23.890785
33009,NH,Grafton,27.799999
33011,NH,Hillsborough,28.052326
33013,NH,Merrimack,31.166666
33015,NH,Rockingham,31.155016
33017,NH,Strafford,29.096045
33019,NH,Sullivan,30.201342
34001,NJ,Atlantic,17.661692
34003,NJ,Bergen,28.333334
34005,NJ,Burlington,18.257757
34007,NJ,Camden,16
34009,NJ,Cape May,25.657894
34011,NJ,Cumberland,13.722127
34013,NJ,Essex,23.076923
34015,NJ,Gloucester,15.410959
34019,NJ,Hunterdon,21.492744
34021,NJ,Mercer,23.897058
34023,NJ,Middlesex,27.272728
34025,NJ,Monmouth,17.861483
34027,NJ,Morris,27.049181
34029,NJ,Ocean,21.910112
34031,NJ,Passaic,35.897434
34033,NJ,Salem,11.636364
34035,NJ,Somerset,20.25
34037,NJ,Sussex,25.197741
34039,NJ,Union,37.5
34041,NJ,Warren,20.535715
35001,NM,Bernalillo,16.302187
35003,NM,Catron,3.4188035
35005,NM,Chaves,4.3697481
35006,NM,Cibola,4.5977011
35007,NM,Colfax,3.4482758
35009,NM,Curry,2.1666667
35011,NM,De Baca,2.9556651
35013,NM,DoÃ±a Ana,9.2948713
35015,NM,Eddy,4.7186933
35017,NM,Grant,10.07371
35019,NM,Guadalupe,4.3010755
35021,NM,Harding,5.4455447
35023,NM,Hidalgo,8.7719297
35025,NM,Lea,2.826087
35027,NM,Lincoln,5.2486186
35028,NM,Los Alamos,0
35029,NM,Luna,6.3157897
35031,NM,McKinley,3.874619
35033,NM,Mora,3.5175879
35035,NM,Otero,17.901234
35037,NM,Quay,1.8083183
35039,NM,Rio Arriba,14.376322
35041,NM,Roosevelt,3.6764705
35043,NM,Sandoval,7.6773567
35045,NM,San Juan,7.2678843
35047,NM,San Miguel,5.1311288
35049,NM,Santa Fe,13.706294
35051,NM,Sierra,5.078125
35053,NM,Socorro,9.232955
35055,NM,Taos,9.5625639
35057,NM,Torrance,4.4142613
35059,NM,Union,3.3994334
35061,NM,Valencia,5.3515868
36001,NY,Albany,18.218624
36003,NY,Allegany,12.5
36005,NY,Bronx,0
36007,NY,Broome,18.294849
36009,NY,Cattaraugus,13.583815
36011,NY,Cayuga,15.712683
36013,NY,Chautauqua,13.465346
36015,NY,Chemung,15.053763
36017,NY,Chenango,14.371981
36019,NY,Clinton,18.242123
36021,NY,Columbia,28.74494
36023,NY,Cortland,19.305019
36025,NY,Delaware,23.011364
36027,NY,Dutchess,21.386431
36029,NY,Erie,20.210728
36031,NY,Essex,26.436781
36033,NY,Franklin,18.60465
36035,NY,Fulton,10.900474
36037,NY,Genesee,13.114754
36039,NY,Greene,23.443224
36041,NY,Hamilton,30.76923
36043,NY,Herkimer,14.701601
36045,NY,Jefferson,15.753425
36047,NY,Kings,40
36049,NY,Lewis,14.195583
36051,NY,Livingston,15.885023
36053,NY,Madison,15.990454
36055,NY,Monroe,21.052631
36057,NY,Montgomery,12.746586
36059,NY,Nassau,10.909091
36061,NY,New York,0
36063,NY,Niagara,23.289474
36065,NY,Oneida,15.478424
36067,NY,Onondaga,19.676945
36069,NY,Ontario,17.233294
36071,NY,Orange,18.237082
36073,NY,Orleans,20.328543
36075,NY,Oswego,19.025875
36077,NY,Otsego,16.180904
36079,NY,Putnam,22.222221
36081,NY,Queens,50
36083,NY,Rensselaer,22.626263
36085,NY,Richmond,0
36087,NY,Rockland,39.130436
36089,NY,St. Lawrence,18.035303
36091,NY,Saratoga,18.353344
36093,NY,Schenectady,13.017752
36095,NY,Schoharie,22.74436
36097,NY,Schuyler,22.646311
36099,NY,Seneca,15.924658
36101,NY,Steuben,13.79724
36103,NY,Suffolk,25.331125
36105,NY,Sullivan,18.691589
36107,NY,Tioga,18.47015
36109,NY,Tompkins,22.580645
36111,NY,Ulster,28.189301
36113,NY,Warren,21.367521
36115,NY,Washington,19.388954
36117,NY,Wayne,16.036655
36119,NY,Westchester,13.740458
36121,NY,Wyoming,19.354839
36123,NY,Yates,18.389553
37001,NC,Alamance,12.84153
37003,NC,Alexander,6.9651742
37005,NC,Alleghany,2.9982364
37007,NC,Anson,4.1958041
37009,NC,Ashe,7.2807016
37011,NC,Avery,8.2815733
37013,NC,Beaufort,6.3186812
37015,NC,Bertie,2.1538463
37017,NC,Bladen,7.723577
37019,NC,Brunswick,11.811024
37021,NC,Buncombe,15.849056
37023,NC,Burke,12.139917
37025,NC,Cabarrus,8.4889641
37027,NC,Caldwell,9.4890509
37029,NC,Camden,10
37031,NC,Carteret,23.200001
37033,NC,Caswell,11.049724
37035,NC,Catawba,5.8739257
37037,NC,Chatham,10.456942
37039,NC,Cherokee,7.4509802
37041,NC,Chowan,11.347518
37043,NC,Clay,10.38961
37045,NC,Cleveland,5.6949806
37047,NC,Columbus,4.3775649
37049,NC,Craven,6.640625
37051,NC,Cumberland,9.5115681
37053,NC,Currituck,18.292683
37055,NC,Dare,0
37057,NC,Davidson,9.6986818
37059,NC,Davie,7.34375
37061,NC,Duplin,4.2553191
37063,NC,Durham,17.672413
37065,NC,Edgecombe,6.25
37067,NC,Forsyth,17.069487
37069,NC,Franklin,11.808118
37071,NC,Gaston,12.115385
37073,NC,Gates,4.3956046
37075,NC,Graham,9.3457947
37077,NC,Granville,9.1680813
37079,NC,Greene,5.3846154
37081,NC,Guilford,9.6673594
37083,NC,Halifax,7.0381231
37085,NC,Harnett,8.2810535
37087,NC,Haywood,11.22278
37089,NC,Henderson,22.222221
37091,NC,Hertford,6.1728396
37093,NC,Hoke,3.4653466
37095,NC,Hyde,3.164557
37097,NC,Iredell,5.1537824
37099,NC,Jackson,11.020409
37101,NC,Johnston,8.4255323
37103,NC,Jones,10
37105,NC,Lee,8.5365858
37107,NC,Lenoir,4.4887781
37109,NC,Lincoln,10.599078
37111,NC,McDowell,8.9820356
37113,NC,Macon,11.349693
37115,NC,Madison,15.438108
37117,NC,Martin,2.8011205
37119,NC,Mecklenburg,16.033754
37121,NC,Mitchell,13.286714
37123,NC,Montgomery,14
37125,NC,Moore,11.002786
37127,NC,Nash,8.6046515
37129,NC,New Hanover,18
37131,NC,Northampton,2.5078371
37133,NC,Onslow,8.6455336
37135,NC,Orange,18.60465
37137,NC,Pamlico,15
37139,NC,Pasquotank,5.8823528
37141,NC,Pender,8.6567163
37143,NC,Perquimans,4.8648648
37145,NC,Person,10.886076
37147,NC,Pitt,6.1381073
37149,NC,Polk,10.689655
37151,NC,Randolph,4.9798117
37153,NC,Richmond,7.5812273
37155,NC,Robeson,6.1636558
37157,NC,Rockingham,12.195122
37159,NC,Rowan,9.9901085
37161,NC,Rutherford,11.442006
37163,NC,Sampson,4.1237111
37165,NC,Scotland,4
37167,NC,Stanly,8.4337349
37169,NC,Stokes,9.3952484
37171,NC,Surry,7.8025479
37173,NC,Swain,10.638298
37175,NC,Transylvania,19.004524
37177,NC,Tyrrell,7.6923075
37179,NC,Union,4.6270065
37181,NC,Vance,5.7851238
37183,NC,Wake,18.26309
37185,NC,Warren,5.46875
37187,NC,Washington,3.2051282
37189,NC,Watauga,10.01642
37191,NC,Wayne,4.7957373
37193,NC,Wilkes,5.6584363
37195,NC,Wilson,6.060606
37197,NC,Yadkin,7.8781514
37199,NC,Yancey,11.777778
38001,ND,Adams,.25510204
38003,ND,Barnes,.81871343
38005,ND,Benson,1.9538188
38007,ND,Billings,2.0304568
38009,ND,Bottineau,2.6651216
38011,ND,Bowman,2.2988505
38013,ND,Burke,.61475408
38015,ND,Burleigh,1.5779092
38017,ND,Cass,1.8595041
38019,ND,Cavalier,1.9490255
38021,ND,Dickey,1.1049724
38023,ND,Divide,0
38025,ND,Dunn,1.7515924
38027,ND,Eddy,2.4169185
38029,ND,Emmons,.16420361
38031,ND,Foster,.96774191
38033,ND,Golden Valley,2.7888446
38035,ND,Grand Forks,1.0309278
38037,ND,Grant,.98425198
38039,ND,Griggs,.65789473
38041,ND,Hettinger,1.8218623
38043,ND,Kidder,1.4311271
38045,ND,LaMoure,.62305295
38047,ND,Logan,.79155672
38049,ND,McHenry,.54884744
38051,ND,McIntosh,1.2738854
38053,ND,McKenzie,1.9163764
38055,ND,McLean,.69124424
38057,ND,Mercer,1.6587678
38059,ND,Morton,1.8038331
38061,ND,Mountrail,.74626863
38063,ND,Nelson,.82918739
38065,ND,Oliver,3.1034484
38067,ND,Pembina,2.0547945
38069,ND,Pierce,0
38071,ND,Ramsey,1.2216405
38073,ND,Ransom,1.6423358
38075,ND,Renville,0
38077,ND,Richland,3.3957846
38079,ND,Rolette,2.1571648
38081,ND,Sargent,.5586592
38083,ND,Sheridan,.54054052
38085,ND,Sioux,1.1363636
38087,ND,Slope,1.3574661
38089,ND,Stark,1.4336917
38091,ND,Steele,0
38093,ND,Stutsman,1.459144
38095,ND,Towner,1.5122874
38097,ND,Traill,.85470086
38099,ND,Walsh,2.4948025
38101,ND,Ward,2.4973986
38103,ND,Wells,2.0257826
38105,ND,Williams,.26385224
39001,OH,Adams,5.5514436
39003,OH,Allen,4.0929203
39005,OH,Ashland,12.959381
39007,OH,Ashtabula,18.289354
39009,OH,Athens,9.2797785
39011,OH,Auglaize,3.6538463
39013,OH,Belmont,6.7142859
39015,OH,Brown,4.858593
39017,OH,Butler,10.751445
39019,OH,Carroll,14.324693
39021,OH,Champaign,9.1638031
39023,OH,Clark,7.1337581
39025,OH,Clermont,11.435523
39027,OH,Clinton,7.1146245
39029,OH,Columbiana,13.110048
39031,OH,Coshocton,6.8627453
39033,OH,Crawford,5.3627758
39035,OH,Cuyahoga,30.701754
39037,OH,Darke,4.4890728
39039,OH,Defiance,2.7184465
39041,OH,Delaware,12.715232
39043,OH,Erie,12.463768
39045,OH,Fairfield,11.993243
39047,OH,Fayette,4.5634923
39049,OH,Franklin,14.175258
39051,OH,Fulton,6.6666665
39053,OH,Gallia,6.7920585
39055,OH,Geauga,20.12513
39057,OH,Greene,11.75
39059,OH,Guernsey,5.9446254
39061,OH,Hamilton,14.915255
39063,OH,Hancock,4.8134775
39065,OH,Hardin,5.4224463
39067,OH,Harrison,7.8828831
39069,OH,Henry,4.0094337
39071,OH,Highland,6.0906515
39073,OH,Hocking,9.5367851
39075,OH,Holmes,8.1767397
39077,OH,Huron,7.283237
39079,OH,Jackson,7.4144487
39081,OH,Jefferson,9.7363081
39083,OH,Knox,9.0975256
39085,OH,Lake,19.626167
39087,OH,Lawrence,9.9662161
39089,OH,Licking,10.781672
39091,OH,Logan,7.9493089
39093,OH,Lorain,17.708334
39095,OH,Lucas,12.727273
39097,OH,Madison,7.7253218
39099,OH,Mahoning,16.262976
39101,OH,Marion,6.7474051
39103,OH,Medina,18.369566
39105,OH,Meigs,12.585034
39107,OH,Mercer,1.7384106
39109,OH,Miami,7.6779027
39111,OH,Monroe,6.9258809
39113,OH,Montgomery,9.7402601
39115,OH,Morgan,5.8823528
39117,OH,Morrow,10.800971
39119,OH,Muskingum,7.942812
39121,OH,Noble,7.394958
39123,OH,Ottawa,6.7741938
39125,OH,Paulding,2.5147929
39127,OH,Perry,8.8698139
39129,OH,Pickaway,6.6002493
39131,OH,Pike,8.3673468
39133,OH,Portage,22.668242
39135,OH,Preble,6.709559
39137,OH,Putnam,3.2232704
39139,OH,Richland,11.386139
39141,OH,Ross,5.2040815
39143,OH,Sandusky,6.5128899
39145,OH,Scioto,6.9666181
39147,OH,Seneca,5.3908358
39149,OH,Shelby,4.6653142
39151,OH,Stark,16.866438
39153,OH,Summit,26.31579
39155,OH,Trumbull,12.837838
39157,OH,Tuscarawas,8.8757401
39159,OH,Union,6.8341708
39161,OH,Van Wert,4.1221375
39163,OH,Vinton,11.504425
39165,OH,Warren,11.464968
39167,OH,Washington,7.1301246
39169,OH,Wayne,12.5
39171,OH,Williams,4.0650406
39173,OH,Wood,6.1411548
39175,OH,Wyandot,3.7099495
40001,OK,Adair,3.1000886
40003,OK,Alfalfa,.77519381
40005,OK,Atoka,1.6319129
40007,OK,Beaver,1.0362694
40009,OK,Beckham,1.1811024
40011,OK,Blaine,1.3784461
40013,OK,Bryan,1.8867924
40015,OK,Caddo,2.1902807
40017,OK,Canadian,4.4376435
40019,OK,Carter,1.3626041
40021,OK,Cherokee,3.9740469
40023,OK,Choctaw,1.3471502
40025,OK,Cimarron,.36101082
40027,OK,Cleveland,6.0129509
40029,OK,Coal,.87565672
40031,OK,Comanche,4.2457089
40033,OK,Cotton,1.4
40035,OK,Craig,3.2462392
40037,OK,Creek,5.8525605
40039,OK,Custer,1.2542759
40041,OK,Delaware,1.33829
40043,OK,Dewey,.40376851
40045,OK,Ellis,1.1842105
40047,OK,Garfield,2.003643
40049,OK,Garvin,2.6702271
40051,OK,Grady,4.0216088
40053,OK,Grant,.99875158
40055,OK,Greer,.40160644
40057,OK,Harmon,0
40059,OK,Harper,.93984962
40061,OK,Haskell,1.5046296
40063,OK,Hughes,2.1715527
40065,OK,Jackson,1.1527377
40067,OK,Jefferson,1.6786571
40069,OK,Johnston,1.7054263
40071,OK,Kay,2.5176234
40073,OK,Kingfisher,2.1547503
40075,OK,Kiowa,.74962521
40077,OK,Latimer,2.6049204
40079,OK,Le Flore,2.278893
40081,OK,Lincoln,4.714757
40083,OK,Logan,4.82128
40085,OK,Love,2.0933979
40087,OK,McClain,5.0847459
40089,OK,McCurtain,2.6632848
40091,OK,McIntosh,4.0275049
40093,OK,Major,2.5527191
40095,OK,Marshall,3.8095238
40097,OK,Mayes,3.7395229
40099,OK,Murray,3.4042554
40101,OK,Muskogee,3.6887608
40103,OK,Noble,.60386473
40105,OK,Nowata,3.824522
40107,OK,Okfuskee,2.2701476
40109,OK,Oklahoma,6.1864405
40111,OK,Okmulgee,3.0097818
40113,OK,Osage,4
40115,OK,Ottawa,3.137255
40117,OK,Pawnee,3.690037
40119,OK,Payne,5.388813
40121,OK,Pittsburg,2.4250159
40123,OK,Pontotoc,4.2650418
40125,OK,Pottawatomie,4.8691416
40127,OK,Pushmataha,1.2295082
40129,OK,Roger Mills,.73746312
40131,OK,Rogers,6.8090019
40133,OK,Seminole,3.2258065
40135,OK,Sequoyah,1.4950166
40137,OK,Stephens,1.4774494
40139,OK,Texas,.9765625
40141,OK,Tillman,1.438849
40143,OK,Tulsa,6.853282
40145,OK,Wagoner,5.5045872
40147,OK,Washington,4.5622687
40149,OK,Washita,.71942449
40151,OK,Woods,1.0652463
40153,OK,Woodward,2.0408163
41001,OR,Baker,12.713179
41003,OR,Benton,25.282167
41005,OR,Clackamas,22.403204
41007,OR,Clatsop,20.603016
41009,OR,Columbia,24.101198
41011,OR,Coos,16.055046
41013,OR,Crook,17.059891
41015,OR,Curry,22.335026
41017,OR,Deschutes,19.173811
41019,OR,Douglas,17.955372
41021,OR,Gilliam,3.5294118
41023,OR,Grant,8.5427132
41025,OR,Harney,7.6458755
41027,OR,Hood River,23.465704
41029,OR,Jackson,21.95122
41031,OR,Jefferson,6.7510548
41033,OR,Josephine,28.687197
41035,OR,Klamath,8.9005232
41037,OR,Lake,9.383378
41039,OR,Lane,22.894737
41041,OR,Lincoln,26.243093
41043,OR,Linn,20.115219
41045,OR,Malheur,5.2111411
41047,OR,Marion,20.84145
41049,OR,Morrow,8.7281799
41051,OR,Multnomah,31.772575
41053,OR,Polk,17.060368
41055,OR,Sherman,3.2258065
41057,OR,Tillamook,21.785715
41059,OR,Umatilla,13.100436
41061,OR,Union,14.354644
41063,OR,Wallowa,13.02682
41065,OR,Wasco,14.179105
41067,OR,Washington,25.015217
41069,OR,Wheeler,3.9215686
41071,OR,Yamhill,22.238659
42001,PA,Adams,16.07744
42003,PA,Allegheny,16.588785
42005,PA,Armstrong,15.197957
42007,PA,Beaver,16.25387
42009,PA,Bedford,13.38843
42011,PA,Berks,15.105444
42013,PA,Blair,16
42015,PA,Bradford,8.5328426
42017,PA,Bucks,19.467957
42019,PA,Butler,15.268615
42021,PA,Cambria,15.789474
42023,PA,Cameron,22.222221
42025,PA,Carbon,13.333333
42027,PA,Centre,14.010067
42029,PA,Chester,12.023122
42031,PA,Clarion,10.276073
42033,PA,Clearfield,11.257035
42035,PA,Clinton,11.940298
42037,PA,Columbia,12.394068
42039,PA,Crawford,11.917098
42041,PA,Cumberland,10.388693
42043,PA,Dauphin,7.1516647
42045,PA,Delaware,21.052631
42047,PA,Elk,16.605165
42049,PA,Erie,12.30661
42051,PA,Fayette,7.4388947
42053,PA,Forest,23.214285
42055,PA,Franklin,14.035088
42057,PA,Fulton,7.1646342
42059,PA,Greene,8.6757994
42061,PA,Huntingdon,12.004802
42063,PA,Indiana,9.8627787
42065,PA,Jefferson,11.438475
42067,PA,Juniata,11.804613
42069,PA,Lackawanna,14.851485
42071,PA,Lancaster,13.823582
42073,PA,Lawrence,10.015175
42075,PA,Lebanon,12.223134
42077,PA,Lehigh,13.99177
42079,PA,Luzerne,16.007195
42081,PA,Lycoming,9.7763052
42083,PA,McKean,17.586206
42085,PA,Mercer,12.405064
42087,PA,Mifflin,7.4257426
42089,PA,Monroe,15.194346
42091,PA,Montgomery,16.778524
42093,PA,Montour,10.021787
42095,PA,Northampton,16.465864
42097,PA,Northumberland,12.868949
42099,PA,Perry,10.686164
42101,PA,Philadelphia,36.363636
42103,PA,Pike,18
42105,PA,Potter,10.633484
42107,PA,Schuylkill,12.515802
42109,PA,Snyder,16.291533
42111,PA,Somerset,15.789474
42113,PA,Sullivan,7.2625699
42115,PA,Susquehanna,11.243781
42117,PA,Tioga,9.6888885
42119,PA,Union,13.866232
42121,PA,Venango,14.870689
42123,PA,Warren,12.956811
42125,PA,Washington,9.5039167
42127,PA,Wayne,14.627286
42129,PA,Westmoreland,15.306123
42131,PA,Wyoming,11.023623
42133,PA,York,15.200369
44001,RI,Bristol,21.428572
44003,RI,Kent,15.873015
44005,RI,Newport,44.392525
44007,RI,Providence,30.82353
44009,RI,Washington,27.752293
45001,SC,Abbeville,7.8397212
45003,SC,Aiken,7.1687841
45005,SC,Allendale,4.9645391
45007,SC,Anderson,6.2750335
45009,SC,Bamberg,5.7142859
45011,SC,Barnwell,9.5717888
45013,SC,Beaufort,24.817518
45015,SC,Berkeley,8.0428953
45017,SC,Calhoun,4.6116505
45019,SC,Charleston,13.927577
45021,SC,Cherokee,3.4693878
45023,SC,Chester,7.5471697
45025,SC,Chesterfield,3.9051604
45027,SC,Clarendon,4.9763031
45029,SC,Colleton,4.7169809
45031,SC,Darlington,6.4935064
45033,SC,Dillon,4.3859649
45035,SC,Dorchester,6.082725
45037,SC,Edgefield,10.025707
45039,SC,Fairfield,5.1546392
45041,SC,Florence,4.7468352
45043,SC,Georgetown,3.3492823
45045,SC,Greenville,7.8110809
45047,SC,Greenwood,4.8319325
45049,SC,Hampton,2.1671827
45051,SC,Horry,5.0106611
45053,SC,Jasper,13.043478
45055,SC,Kershaw,4.5548654
45057,SC,Lancaster,6.5857887
45059,SC,Laurens,5.0847459
45061,SC,Lee,1.2953368
45063,SC,Lexington,6.8249259
45065,SC,McCormick,8.6021509
45067,SC,Marion,5.818182
45069,SC,Marlboro,2.6785715
45071,SC,Newberry,5.3872056
45073,SC,Oconee,6.7873302
45075,SC,Orangeburg,5.3030305
45077,SC,Pickens,5.2269602
45079,SC,Richland,9.0452261
45081,SC,Saluda,3.9182284
45083,SC,Spartanburg,9.7907324
45085,SC,Sumter,6.0194173
45087,SC,Union,6.439394
45089,SC,Williamsburg,5.0073638
45091,SC,York,5.1792827
46003,SD,Aurora,.67873305
46005,SD,Beadle,3.3156497
46007,SD,Bennett,2.2831051
46009,SD,Bon Homme,1.1922504
46011,SD,Brookings,4.0078201
46013,SD,Brown,1.7045455
46015,SD,Brule,3.6855037
46017,SD,Buffalo,2.5641026
46019,SD,Butte,3.4901366
46021,SD,Campbell,.82644629
46023,SD,Charles Mix,1.5810276
46025,SD,Clark,3.3500838
46027,SD,Clay,3.9045553
46029,SD,Codington,2.9453015
46031,SD,Corson,.30959752
46033,SD,Custer,5.605381
46035,SD,Davison,1.8735363
46037,SD,Day,1.010101
46039,SD,Deuel,1.9578314
46041,SD,Dewey,1.4619883
46043,SD,Douglas,1.843318
46045,SD,Edmunds,1.6587678
46047,SD,Fall River,6.1162081
46049,SD,Faulk,2.5
46051,SD,Grant,1.1326861
46053,SD,Gregory,1.980198
46055,SD,Haakon,0
46057,SD,Hamlin,4.7034764
46059,SD,Hand,.72289157
46061,SD,Hanson,1.6216216
46063,SD,Harding,4.4000001
46065,SD,Hughes,5.3254437
46067,SD,Hutchinson,3.4912717
46069,SD,Hyde,5.3140097
46071,SD,Jackson,.33444816
46073,SD,Jerauld,2.1459227
46075,SD,Jones,1.8404908
46077,SD,Kingsbury,1.1583011
46079,SD,Lake,1.5936255
46081,SD,Lawrence,4.8076925
46083,SD,Lincoln,2.8921022
46085,SD,Lyman,1.3953488
46087,SD,McCook,3.8732395
46089,SD,McPherson,3.0150754
46091,SD,Marshall,1.3513514
46093,SD,Meade,6.060606
46095,SD,Mellette,5.2401748
46097,SD,Miner,2.0576131
46099,SD,Minnehaha,3.1979256
46101,SD,Moody,2.3391812
46103,SD,Pennington,5.175292
46105,SD,Perkins,.45766589
46107,SD,Potter,.40485829
46109,SD,Roberts,1.2557077
46111,SD,Sanborn,1.7412935
46115,SD,Spink,.5925926
46117,SD,Stanley,1.0928962
46119,SD,Sully,0
46121,SD,Todd,0
46123,SD,Tripp,1.7488077
46125,SD,Turner,3.6523929
46127,SD,Union,.94876659
46129,SD,Walworth,2.734375
46135,SD,Yankton,1.300578
46137,SD,Ziebach,.83333331
47001,TN,Anderson,9.5238094
47003,TN,Bedford,2.9057405
47005,TN,Benton,6.4794817
47007,TN,Bledsoe,6.7357512
47009,TN,Blount,7.8571429
47011,TN,Bradley,8.1784382
47013,TN,Campbell,4.8648648
47015,TN,Cannon,4.7419806
47017,TN,Carroll,3.5519125
47019,TN,Carter,3.0425963
47021,TN,Cheatham,9.1566267
47023,TN,Chester,3.3248081
47025,TN,Claiborne,3.3862433
47027,TN,Clay,2.8301888
47029,TN,Cocke,4.8000002
47031,TN,Coffee,5.4748602
47033,TN,Crockett,1.3550136
47035,TN,Cumberland,9.5549736
47037,TN,Davidson,8.8888893
47039,TN,Decatur,1.2345679
47041,TN,DeKalb,6.2794347
47043,TN,Dickson,6.0367455
47045,TN,Dyer,4.8997774
47047,TN,Fayette,2.6845639
47049,TN,Fentress,5.4104476
47051,TN,Franklin,6.504065
47053,TN,Gibson,4.6987953
47055,TN,Giles,3.250591
47057,TN,Grainger,6.1016951
47059,TN,Greene,4.6263347
47061,TN,Grundy,10.791367
47063,TN,Hamblen,7.381371
47065,TN,Hamilton,11.051693
47067,TN,Hancock,5.2516413
47069,TN,Hardeman,4.4905009
47071,TN,Hardin,4.244482
47073,TN,Hawkins,4.5929017
47075,TN,Haywood,2.1791768
47077,TN,Henderson,3.4360189
47079,TN,Henry,4.1162229
47081,TN,Hickman,5.4773083
47083,TN,Houston,3.2544379
47085,TN,Humphreys,5.3511705
47087,TN,Jackson,5.6112223
47089,TN,Jefferson,5.8103976
47091,TN,Johnson,5.4621849
47093,TN,Knox,9.2105265
47095,TN,Lake,0
47097,TN,Lauderdale,3.7199125
47099,TN,Lawrence,7.6972418
47101,TN,Lewis,5.4054055
47103,TN,Lincoln,4.6394982
47105,TN,Loudon,7.4452553
47107,TN,McMinn,6.5196548
47109,TN,McNairy,4.711246
47111,TN,Macon,3.7542663
47113,TN,Madison,4.560811
47115,TN,Marion,6.0714288
47117,TN,Marshall,4.6829267
47119,TN,Maury,3.7673497
47121,TN,Meigs,4.1009464
47123,TN,Monroe,6.880734
47125,TN,Montgomery,7.4074073
47127,TN,Moore,2.2346368
47129,TN,Morgan,11.380145
47131,TN,Obion,3.169014
47133,TN,Overton,5.4229937
47135,TN,Perry,6.504065
47137,TN,Pickett,4.4303799
47139,TN,Polk,14.117647
47141,TN,Putnam,6.6815143
47143,TN,Rhea,9.2457418
47145,TN,Roane,11.753372
47147,TN,Robertson,4.8305087
47149,TN,Rutherford,7.0836473
47151,TN,Scott,2.9801323
47153,TN,Sequatchie,6.3829789
47155,TN,Sevier,6.4676619
47157,TN,Shelby,6.5693431
47159,TN,Smith,2.9411764
47161,TN,Stewart,3.1428571
47163,TN,Sullivan,4.1899443
47165,TN,Sumner,4.2804427
47167,TN,Tipton,6.1538463
47169,TN,Trousdale,3.4482758
47171,TN,Unicoi,6.4516129
47173,TN,Union,5.8823528
47175,TN,Van Buren,4.0816326
47177,TN,Warren,5.080214
47179,TN,Washington,5.8689022
47181,TN,Wayne,3.0120482
47183,TN,Weakley,4.5296168
47185,TN,White,5.8252425
47187,TN,Williamson,5.6896553
47189,TN,Wilson,5.0916495
48001,TX,Anderson,2.8485758
48003,TX,Andrews,1.183432
48005,TX,Angelina,4.1025643
48007,TX,Aransas,4
48009,TX,Archer,.94161958
48011,TX,Armstrong,1.0676156
48013,TX,Atascosa,2.1640663
48015,TX,Austin,2.049571
48017,TX,Bailey,0
48019,TX,Bandera,4.4910178
48021,TX,Bastrop,4.9447913
48023,TX,Baylor,0
48025,TX,Bee,2.9774127
48027,TX,Bell,4.4611135
48029,TX,Bexar,4.5584044
48031,TX,Blanco,3.1565657
48033,TX,Borden,1.7543859
48035,TX,Bosque,1.8181819
48037,TX,Bowie,2.7794936
48039,TX,Brazoria,3.8822389
48041,TX,Brazos,4.8866854
48043,TX,Brewster,4.4554458
48045,TX,Briscoe,1.0638298
48047,TX,Brooks,2.4064171
48049,TX,Brown,2.7632952
48051,TX,Burleson,2.3792863
48053,TX,Burnet,4.1863604
48055,TX,Caldwell,4.5594578
48057,TX,Calhoun,2.2727273
48059,TX,Callahan,2.217742
48061,TX,Cameron,6.6666665
48063,TX,Camp,2.6694045
48065,TX,Carson,.51813471
48067,TX,Cass,3.3203125
48069,TX,Castro,.18796992
48071,TX,Chambers,4.7683926
48073,TX,Cherokee,4.3202033
48075,TX,Childress,.52219319
48077,TX,Clay,2.7874565
48079,TX,Cochran,0
48081,TX,Coke,1.3544018
48083,TX,Coleman,1.986755
48085,TX,Collin,5.8745584
48087,TX,Collingsworth,1.305483
48089,TX,Colorado,2.4761906
48091,TX,Comal,3.6231885
48093,TX,Comanche,2.5087109
48095,TX,Concho,.24937657
48097,TX,Cooke,3.6998973
48099,TX,Coryell,2.9051988
48101,TX,Cottle,.37878788
48103,TX,Crane,14.814815
48105,TX,Crockett,3.2407408
48107,TX,Crosby,.23201856
48109,TX,Culberson,0
48111,TX,Dallam,2.9649596
48113,TX,Dallas,6.6746125
48115,TX,Dawson,.16778524
48117,TX,Deaf Smith,.64412236
48119,TX,Delta,1.3232514
48121,TX,Denton,4.9328756
48123,TX,DeWitt,2.2209234
48125,TX,Dickens,.45766589
48127,TX,Dimmit,3.2697549
48129,TX,Donley,3.9473684
48131,TX,Duval,1.0445683
48133,TX,Eastland,2.0442929
48135,TX,Ector,6.439394
48137,TX,Edwards,2.8639617
48139,TX,Ellis,3.8427563
48141,TX,El Paso,7.6103501
48143,TX,Erath,2.3137436
48145,TX,Falls,2.9295328
48147,TX,Fannin,3.1411531
48149,TX,Fayette,1.9489723
48151,TX,Fisher,.34013605
48153,TX,Floyd,.16977929
48155,TX,Foard,0
48157,TX,Fort Bend,5.287714
48159,TX,Franklin,4.8076925
48161,TX,Freestone,3.0982201
48163,TX,Frio,3.3794162
48165,TX,Gaines,.77639753
48167,TX,Galveston,5.2287583
48169,TX,Garza,2.166065
48171,TX,Gillespie,3.7899296
48173,TX,Glasscock,1.0752689
48175,TX,Goliad,1.4468085
48177,TX,Gonzales,1.6726403
48179,TX,Gray,1.438849
48181,TX,Grayson,3.8641686
48183,TX,Gregg,2.2770398
48185,TX,Grimes,2.1390374
48187,TX,Guadalupe,3.0789826
48189,TX,Hale,1.4460511
48191,TX,Hall,0
48193,TX,Hamilton,2.2977023
48195,TX,Hansford,.38022813
48197,TX,Hardeman,.28011206
48199,TX,Hardin,7.7272725
48201,TX,Harris,5.4372449
48203,TX,Harrison,4.5454545
48205,TX,Hartley,1.9607843
48207,TX,Haskell,0
48209,TX,Hays,7.2967339
48211,TX,Hemphill,.86206895
48213,TX,Henderson,4.0795512
48215,TX,Hidalgo,6.108283
48217,TX,Hill,2.7600849
48219,TX,Hockley,1.2804097
48221,TX,Hood,3.6547434
48223,TX,Hopkins,1.4671084
48225,TX,Houston,2.3255813
48227,TX,Howard,1.8947369
48229,TX,Hudspeth,0
48231,TX,Hunt,4.7551117
48233,TX,Hutchinson,2.834008
48235,TX,Irion,2.5806451
48237,TX,Jack,4.1666665
48239,TX,Jackson,1.8495685
48241,TX,Jasper,5.5928411
48243,TX,Jeff Davis,0
48245,TX,Jefferson,5.3664923
48247,TX,Jim Hogg,.76045626
48249,TX,Jim Wells,2.1012416
48251,TX,Johnson,4.300364
48253,TX,Jones,2.9585798
48255,TX,Karnes,.69875777
48257,TX,Kaufman,3.2883921
48259,TX,Kendall,3.6770008
48261,TX,Kenedy,0
48263,TX,Kent,1.0309278
48265,TX,Kerr,3.1914895
48267,TX,Kimble,1.9933555
48269,TX,King,1.6949153
48271,TX,Kinney,1.0204082
48273,TX,Kleberg,1.7456359
48275,TX,Knox,0
48277,TX,Lamar,2.2246337
48279,TX,Lamb,0
48281,TX,Lampasas,3.8348083
48283,TX,La Salle,2.2421525
48285,TX,Lavaca,1.4902561
48287,TX,Lee,2.3242943
48289,TX,Leon,2.6503568
48291,TX,Liberty,4.6938777
48293,TX,Limestone,2.3591087
48295,TX,Lipscomb,1.0830325
48297,TX,Live Oak,1.1210762
48299,TX,Llano,2.0270271
48301,TX,Loving,0
48303,TX,Lubbock,4.3010755
48305,TX,Lynn,.43956044
48307,TX,McCulloch,3.0694668
48309,TX,McLennan,2.5320318
48311,TX,McMullen,0
48313,TX,Madison,3.0927835
48315,TX,Marion,1.2145749
48317,TX,Martin,.4830918
48319,TX,Mason,2.1875
48321,TX,Matagorda,3.3878505
48323,TX,Maverick,8.5034018
48325,TX,Medina,4.6052632
48327,TX,Menard,.92307693
48329,TX,Midland,4.2592592
48331,TX,Milam,2.9858565
48333,TX,Mills,2.6436782
48335,TX,Mitchell,1.2448133
48337,TX,Montague,3.0261347
48339,TX,Montgomery,5.1842599
48341,TX,Moore,3.8314176
48343,TX,Morris,.97087377
48345,TX,Motley,0
48347,TX,Nacogdoches,2.5083611
48349,TX,Navarro,2.0987175
48351,TX,Newton,3.3333333
48353,TX,Nolan,.83682007
48355,TX,Nueces,2.785146
48357,TX,Ochiltree,1.1494253
48359,TX,Oldham,0
48361,TX,Orange,6.7064085
48363,TX,Palo Pinto,3.0097818
48365,TX,Panola,2.5949953
48367,TX,Parker,4.1647596
48369,TX,Parmer,.52631581
48371,TX,Pecos,4.1237111
48373,TX,Polk,3.1165311
48375,TX,Potter,4.263566
48377,TX,Presidio,6.7901235
48379,TX,Rains,5.1319647
48381,TX,Randall,3.4753363
48383,TX,Reagan,0
48385,TX,Real,2.9045644
48387,TX,Red River,2.4582968
48389,TX,Reeves,2.5
48391,TX,Refugio,3.8610039
48393,TX,Roberts,2.8037384
48395,TX,Robertson,2.7631578
48397,TX,Rockwall,2.5
48399,TX,Runnels,.86486489
48401,TX,Rusk,3.5971222
48403,TX,Sabine,1.4925373
48405,TX,San Augustine,2.2950819
48407,TX,San Jacinto,4.5512009
48409,TX,San Patricio,2.9957204
48411,TX,San Saba,3.4946237
48413,TX,Schleicher,4.1935482
48415,TX,Scurry,1.9202363
48417,TX,Shackelford,2.5751073
48419,TX,Shelby,1.908397
48421,TX,Sherman,1.5974441
48423,TX,Smith,5.1334009
48425,TX,Somervell,3.7142856
48427,TX,Starr,3.6051502
48429,TX,Stephens,1.1061947
48431,TX,Sterling,2.7397261
48433,TX,Stonewall,.84269661
48435,TX,Sutton,.91743118
48437,TX,Swisher,1.0619469
48439,TX,Tarrant,5.2425666
48441,TX,Taylor,2.6979983
48443,TX,Terrell,0
48445,TX,Terry,.31746033
48447,TX,Throckmorton,1.8181819
48449,TX,Titus,2.7465668
48451,TX,Tom Green,3.9068995
48453,TX,Travis,5.3886924
48455,TX,Trinity,2.9801323
48457,TX,Tyler,5.0894084
48459,TX,Upshur,3.0216649
48461,TX,Upton,4.9504952
48463,TX,Uvalde,1.5625
48465,TX,Val Verde,8.0760098
48467,TX,Van Zandt,3.7735848
48469,TX,Victoria,3.6529679
48471,TX,Walker,1.9871795
48473,TX,Waller,4.4628959
48475,TX,Ward,3.2258065
48477,TX,Washington,1.6685206
48479,TX,Webb,2.1551723
48481,TX,Wharton,2.318094
48483,TX,Wheeler,1.0889292
48485,TX,Wichita,2.9733958
48487,TX,Wilbarger,.47169811
48489,TX,Willacy,1.8691589
48491,TX,Williamson,5.7828484
48493,TX,Wilson,2.4549918
48495,TX,Winkler,2.3255813
48497,TX,Wise,5.1696286
48499,TX,Wood,5.0511947
48501,TX,Yoakum,2.0648968
48503,TX,Young,2.0125787
48505,TX,Zapata,1.55902
48507,TX,Zavala,.69686413
49001,UT,Beaver,4.33213
49003,UT,Box Elder,12.793522
49005,UT,Cache,9.8603125
49007,UT,Carbon,12.225705
49009,UT,Daggett,7.8431373
49011,UT,Davis,19.675457
49013,UT,Duchesne,4.820416
49015,UT,Emery,10.732538
49017,UT,Garfield,7.1684589
49019,UT,Grand,20.987654
49021,UT,Iron,8.447937
49023,UT,Juab,6.2322946
49025,UT,Kane,10.928962
49027,UT,Millard,5.2197804
49029,UT,Morgan,9.3023252
49031,UT,Piute,3.2520325
49033,UT,Rich,5.0632911
49035,UT,Salt Lake,16.666666
49037,UT,San Juan,2.546917
49039,UT,Sanpete,9.3229742
49041,UT,Sevier,7.7151337
49043,UT,Summit,10.032362
49045,UT,Tooele,14.495798
49047,UT,Uintah,6.3363118
49049,UT,Utah,15.922014
49051,UT,Wasatch,5.3333335
49053,UT,Washington,13.12608
49055,UT,Wayne,11.764706
49057,UT,Weber,13.202497
50001,VT,Addison,22.235872
50003,VT,Bennington,31.803278
50005,VT,Caledonia,29.821428
50007,VT,Chittenden,33.901192
50009,VT,Essex,20.430107
50011,VT,Franklin,19.701086
50013,VT,Grand Isle,23.140495
50015,VT,Lamoille,28.366762
50017,VT,Orange,26.737968
50019,VT,Orleans,23.981192
50021,VT,Rutland,29.0625
50023,VT,Washington,43.984962
50025,VT,Windham,36.465324
50027,VT,Windsor,26.041666
51001,VA,Accomack,9.2920351
51003,VA,Albemarle,9.1966171
51005,VA,Alleghany,10.628019
51007,VA,Amelia,5.6511059
51009,VA,Amherst,4.460094
51011,VA,Appomattox,7.0731707
51013,VA,Arlington,33.333332
51015,VA,Augusta,8.90973
51017,VA,Bath,5.1724138
51019,VA,Bedford,5.5514975
51021,VA,Bland,5.5248618
51023,VA,Botetourt,6.8493152
51025,VA,Brunswick,6.0897436
51027,VA,Buchanan,3.8834951
51029,VA,Buckingham,6.6496162
51031,VA,Campbell,6.7017083
51033,VA,Caroline,3.6199095
51035,VA,Carroll,6.1224489
51036,VA,Charles City,12.658228
51037,VA,Charlotte,3.2818532
51041,VA,Chesterfield,6.0913706
51043,VA,Clarke,15.094339
51045,VA,Craig,13.52657
51047,VA,Culpeper,8.8919287
51049,VA,Cumberland,4.961832
51051,VA,Dickenson,4.7619047
51053,VA,Dinwiddie,7.5718017
51057,VA,Essex,5.1020408
51059,VA,Fairfax,4.7297297
51061,VA,Fauquier,11.367249
51063,VA,Floyd,9.1541138
51065,VA,Fluvanna,6.6006598
51067,VA,Franklin,8.8954058
51069,VA,Frederick,8.8105726
51071,VA,Giles,11.375662
51073,VA,Gloucester,9.5588236
51075,VA,Goochland,8.5714283
51077,VA,Grayson,3.2722514
51079,VA,Greene,7.8703704
51081,VA,Greensville,5.2980132
51083,VA,Halifax,6.9518719
51085,VA,Hanover,9.5
51087,VA,Henrico,6.8376069
51089,VA,Henry,5.8620691
51091,VA,Highland,9.9616861
51093,VA,Isle of Wight,15.023474
51095,VA,James City,27.710844
51097,VA,King and Queen,8.661417
51099,VA,King George,13.75
51101,VA,King William,13.333333
51103,VA,Lancaster,8.1967211
51105,VA,Lee,4.249012
51107,VA,Loudoun,15.04298
51109,VA,Louisa,9.4845362
51111,VA,Lunenburg,4.5822101
51113,VA,Madison,10.536399
51115,VA,Mathews,23.636364
51117,VA,Mecklenburg,2.8462999
51119,VA,Middlesex,12.328767
51121,VA,Montgomery,9.9502487
51125,VA,Nelson,10.549451
51127,VA,New Kent,11.678832
51131,VA,Northampton,14.965986
51133,VA,Northumberland,13.265306
51135,VA,Nottoway,3.9325843
51137,VA,Orange,6.7641683
51139,VA,Page,5.6880732
51141,VA,Patrick,6.0070672
51143,VA,Pittsylvania,5.6868539
51145,VA,Powhatan,10
51147,VA,Prince Edward,5.0847459
51149,VA,Prince George,5.3892217
51153,VA,Prince William,10
51155,VA,Pulaski,3.3707864
51157,VA,Rappahannock,13.350126
51159,VA,Richmond,4.4444447
51161,VA,Roanoke,9.2857141
51163,VA,Rockbridge,8.6434574
51165,VA,Rockingham,10.935857
51167,VA,Russell,3.1155779
51169,VA,Scott,2.1671827
51171,VA,Shenandoah,9.2857141
51173,VA,Smyth,3.7878788
51175,VA,Southampton,5.0746269
51177,VA,Spotsylvania,10.298103
51179,VA,Stafford,12.55814
51181,VA,Surry,6.2992125
51183,VA,Sussex,8.1300812
51185,VA,Tazewell,6.5068493
51187,VA,Warren,8.9595375
51191,VA,Washington,4.4943819
51193,VA,Westmoreland,13.157895
51195,VA,Wise,6.060606
51197,VA,Wythe,4.6218486
51199,VA,York,21.276596
51550,VA,Chesapeake,14.229249
51800,VA,Suffolk,12.987013
51810,VA,Virginia Beach,18.181818
53001,WA,Adams,3.7868164
53003,WA,Asotin,8.6486483
53005,WA,Benton,12.458582
53007,WA,Chelan,15.168539
53009,WA,Clallam,20.895523
53011,WA,Clark,21.254536
53013,WA,Columbia,6.4935064
53015,WA,Cowlitz,25.203253
53017,WA,Douglas,8.3627796
53019,WA,Ferry,12.941176
53021,WA,Franklin,8.1540203
53023,WA,Garfield,4.2654028
53025,WA,Grant,7.6030927
53027,WA,Grays Harbor,17.953321
53029,WA,Island,29.973475
53031,WA,Jefferson,31.22172
53033,WA,King,20.794775
53035,WA,Kitsap,23.087818
53037,WA,Kittitas,10.735586
53039,WA,Klickitat,16.973684
53041,WA,Lewis,15.421979
53043,WA,Lincoln,2.4526198
53045,WA,Mason,18.302387
53047,WA,Okanogan,14.906833
53049,WA,Pacific,10
53051,WA,Pend Oreille,16.666666
53053,WA,Pierce,19.959404
53055,WA,San Juan,32.846714
53057,WA,Skagit,22.718809
53059,WA,Skamania,30.555555
53061,WA,Snohomish,18.567455
53063,WA,Spokane,16.233507
53065,WA,Stevens,14.982578
53067,WA,Thurston,17.814371
53069,WA,Wahkiakum,19.266054
53071,WA,Walla Walla,10.392365
53073,WA,Whatcom,17.743832
53075,WA,Whitman,4.7698746
53077,WA,Yakima,11.613109
54001,WV,Barbour,14.035088
54003,WV,Berkeley,11.390532
54005,WV,Boone,5.2631578
54007,WV,Braxton,6.2176166
54009,WV,Brooke,11.458333
54011,WV,Cabell,7.0496082
54013,WV,Calhoun,8.8105726
54015,WV,Clay,8.7719297
54017,WV,Doddridge,11.079545
54019,WV,Fayette,12.068966
54021,WV,Gilmer,5.1063828
54023,WV,Grant,3.0864198
54025,WV,Greenbrier,9.7680101
54027,WV,Hampshire,9.6491232
54029,WV,Hancock,10.416667
54031,WV,Hardy,5.0607285
54033,WV,Harrison,10.668381
54035,WV,Jackson,6.147541
54037,WV,Jefferson,15.568862
54039,WV,Kanawha,7.6190476
54041,WV,Lewis,7.352941
54043,WV,Lincoln,4.6979866
54045,WV,Logan,0
54047,WV,McDowell,45.454544
54049,WV,Marion,13.105925
54051,WV,Marshall,7.3313785
54053,WV,Mason,5.5999999
54055,WV,Mercer,3.75
54057,WV,Mineral,9.7902098
54059,WV,Mingo,30
54061,WV,Monongalia,14.628821
54063,WV,Monroe,6.0301509
54065,WV,Morgan,12.755102
54067,WV,Nicholas,11.195929
54069,WV,Ohio,8.6294413
54071,WV,Pendleton,4.1366906
54073,WV,Pleasants,6.6666665
54075,WV,Pocahontas,9.5115681
54077,WV,Preston,10.885609
54079,WV,Putnam,8.4558821
54081,WV,Raleigh,11.445783
54083,WV,Randolph,8.8888893
54085,WV,Ritchie,9.3457947
54087,WV,Roane,8.347826
54089,WV,Summers,9.565217
54091,WV,Taylor,12.376238
54093,WV,Tucker,9.2592592
54095,WV,Tyler,11.188811
54097,WV,Upshur,9.4298248
54099,WV,Wayne,9.1370554
54101,WV,Webster,17.142857
54103,WV,Wetzel,11.646586
54105,WV,Wirt,7.8341012
54107,WV,Wood,5.269608
54109,WV,Wyoming,18.518518
55001,WI,Adams,6.3897762
55003,WI,Ashland,10.695188
55005,WI,Barron,7.9425116
55007,WI,Bayfield,23.863636
55009,WI,Brown,7.8307829
55011,WI,Buffalo,3.7700284
55013,WI,Burnett,8.8669949
55015,WI,Calumet,6.3977747
55017,WI,Chippewa,6.033011
55019,WI,Clark,9.5381956
55021,WI,Columbia,10.038363
55023,WI,Crawford,4.3438916
55025,WI,Dane,9.3124771
55027,WI,Dodge,7.7037773
55029,WI,Door,10.585305
55031,WI,Douglas,11.813187
55033,WI,Dunn,9.2592592
55035,WI,Eau Claire,8.7585678
55037,WI,Florence,15.555555
55039,WI,Fond du Lac,5.4324517
55041,WI,Forest,18.897638
55043,WI,Grant,3.5303776
55045,WI,Green,6.1488671
55047,WI,Green Lake,8.0592108
55049,WI,Iowa,6.6120906
55051,WI,Iron,6.5573769
55053,WI,Jackson,5.6712961
55055,WI,Jefferson,9.2244902
55057,WI,Juneau,4.7158403
55059,WI,Kenosha,14.206128
55061,WI,Kewaunee,8.038147
55063,WI,La Crosse,7.0855613
55065,WI,Lafayette,3.5942492
55067,WI,Langlade,8.5858583
55069,WI,Lincoln,16.035635
55071,WI,Manitowoc,7.9248366
55073,WI,Marathon,8.3406887
55075,WI,Marinette,11.962617
55077,WI,Marquette,7.5313807
55078,WI,Menominee,0
55079,WI,Milwaukee,30.487804
55081,WI,Monroe,7.6323986
55083,WI,Oconto,8.1808395
55085,WI,Oneida,16.666666
55087,WI,Outagamie,10.42735
55089,WI,Ozaukee,13.701923
55091,WI,Pepin,6.9716778
55093,WI,Pierce,10.007943
55095,WI,Polk,12.795126
55097,WI,Portage,11.558308
55099,WI,Price,7.6271186
55101,WI,Racine,15.130435
55103,WI,Richland,5.7936506
55105,WI,Rock,9.4764748
55107,WI,Rusk,9.6408319
55109,WI,St. Croix,8.6097393
55111,WI,Sauk,7.2672672
55113,WI,Sawyer,15.116279
55115,WI,Shawano,7.4334898
55117,WI,Sheboygan,10.243407
55119,WI,Taylor,6.9286451
55121,WI,Trempealeau,5.2228413
55123,WI,Vernon,10.637342
55125,WI,Vilas,23.404255
55127,WI,Walworth,12.413794
55129,WI,Washburn,12.098765
55131,WI,Washington,8.2865171
55133,WI,Waukesha,15.61939
55135,WI,Waupaca,8.2096071
55137,WI,Waushara,8.7837839
55139,WI,Winnebago,5.1029544
55141,WI,Wood,9.2783508
56001,WY,Albany,7.3660712
56003,WY,Big Horn,7.0175438
56005,WY,Campbell,7.1236558
56007,WY,Carbon,6.5830722
56009,WY,Converse,6.5853658
56011,WY,Crook,3.5269709
56013,WY,Fremont,7.4101248
56015,WY,Goshen,2.9113925
56017,WY,Hot Springs,6.1797752
56019,WY,Johnson,7.821229
56021,WY,Laramie,5.1971326
56023,WY,Lincoln,7.5657897
56025,WY,Natrona,5.0377831
56027,WY,Niobrara,3.8461537
56029,WY,Park,6.0465117
56031,WY,Platte,3.1683168
56033,WY,Sheridan,6.6951566
56035,WY,Sublette,5.527638
56037,WY,Sweetwater,8.6274509
56039,WY,Teton,7.1428571
56041,WY,Uinta,7.6190476
56043,WY,Washakie,2.3923445
56045,WY,Weston,1.1363636
