CountyFIPS,house_worship_freq
21007,3
21017,21
21031,5
21065,17
21069,15
21093,78
21099,7
21131,4
21151,66
21155,7
21179,28
17091,95
17187,21
17197,375
18027,34
18061,36
01001,33
01005,21
01023,30
01035,14
01051,39
01055,78
01065,13
01089,247
01113,49
01117,125
02016,4
02130,21
02180,18
02282,1
05011,9
05015,41
05019,26
05025,4
05063,30
05067,11
05121,15
06001,1290
06003,2
06005,23
06013,789
06019,745
06023,93
06033,62
06037,9045
06047,165
06057,82
06081,448
06085,1216
06115,54
08013,235
08029,45
08049,9
08077,117
08083,31
08091,11
09009,548
11001,747
12009,451
12023,97
12039,81
12055,145
12065,25
12073,273
12095,1387
12107,120
12123,26
12127,455
12131,96
12133,39
13009,37
13027,25
13103,51
13121,918
13141,7
13149,5
13179,62
13183,8
13189,23
13209,12
13229,23
13267,25
13271,22
13291,36
13305,29
13319,15
15007,0
16015,9
16023,3
16025,1
16027,144
16037,3
16039,20
16043,6
16061,4
16063,3
16085,17
19175,14
20053,8
20095,11
20135,8
20199,3
48011,2
48025,24
48035,21
48053,33
48055,36
48083,6
29057,7
29143,22
29157,17
29189,955
29199,3
29207,42
30015,7
30023,7
30029,90
30039,4
30057,11
30071,12
30077,9
30085,18
30087,14
30105,11
31091,1
53065,59
21189,1
21195,41
21217,18
21237,7
21239,20
22001,28
22009,21
22011,31
22029,21
22031,28
22033,435
22047,25
22071,419
22081,6
22099,21
22119,36
23013,28
23015,23
24003,398
18103,38
18129,15
18147,18
19001,14
19045,35
19083,28
19111,21
31167,7
34003,714
34007,419
34013,817
34023,483
34041,62
35007,28
35011,4
35051,18
36013,126
36029,541
36043,37
36045,57
36047,4618
36053,38
36065,99
36077,40
36081,2112
36091,84
36115,40
37007,23
37027,52
37039,23
37049,94
37055,36
37059,24
37069,36
37083,55
37091,23
37093,45
37099,26
37111,26
37117,29
37127,99
37165,42
37175,29
37199,8
38017,112
38037,9
38085,1
38099,20
39035,1027
39039,50
39043,67
39125,18
40065,13
48103,2
48141,378
48151,3
48161,15
48167,241
48199,52
48213,83
48229,3
48241,47
48245,277
48261,0
48289,19
48317,3
48333,3
48347,48
48361,73
48371,14
48395,11
48423,287
48427,15
48457,27
48471,52
48475,16
48477,44
48499,48
49001,1
49003,6
49011,58
40073,21
40079,41
40145,78
41005,278
41021,1
41033,76
41035,64
41039,299
41043,117
41051,685
41055,3
41061,29
42005,70
42029,272
42035,20
42059,36
42067,23
42091,586
42111,85
45005,17
45019,343
45025,88
45043,76
45063,312
45077,154
45091,267
46073,5
46093,20
46095,4
46123,13
47001,37
47003,21
47005,12
47019,27
47029,17
47049,16
47063,37
47073,13
47081,12
47097,19
47121,0
47149,210
47173,7
48007,20
25001,111
25013,282
25025,497
26033,35
26053,16
26063,34
26097,11
26115,83
13283,7
13289,11
13313,79
13317,8
15001,0
15009,0
16059,10
16073,13
16083,66
16087,12
17027,19
17031,4116
17047,11
49029,0
49035,395
49043,9
49049,57
51015,45
51037,13
51051,9
51053,22
51069,50
51073,30
51085,91
51099,26
51125,17
51131,10
51137,30
51145,24
51149,20
51161,77
51177,90
51185,59
51199,41
53005,121
53007,68
53009,59
53015,92
53025,63
53031,32
53037,34
53043,10
12077,15
05061,13
05093,43
05095,11
05099,10
05103,31
05109,8
05117,5
05133,14
05147,7
06045,68
06051,8
24011,32
24033,1436
24043,173
25007,15
25017,771
26041,29
26099,348
26103,42
26135,4
26147,79
26163,1573
27023,18
27053,984
27077,7
27091,25
27129,27
27139,47
27163,145
28007,12
28033,89
28055,1
28075,79
28143,4
28157,10
28163,17
29023,49
29029,33
29031,85
29033,8
17075,36
17129,13
17161,101
17175,2
17185,13
18009,12
18035,118
18067,106
18083,40
18159,21
18175,24
49025,5
05003,18
05007,212
05013,4
05045,73
13051,236
13077,121
13123,34
13133,17
13137,42
13139,165
13143,23
13157,46
13171,16
13181,17
13185,114
13195,23
13213,22
13217,76
13237,26
13245,205
13251,25
13269,10
13279,31
23023,19
23031,71
24001,90
24005,733
24017,189
24021,217
24031,915
24045,101
28149,35
28151,42
29041,10
29069,35
29087,8
29113,31
29159,32
29183,190
29195,23
29197,9
29201,36
30001,9
30013,64
30027,9
30031,85
30045,4
30049,64
30055,6
30059,2
30069,1
30073,8
30083,12
30099,8
31103,3
31151,12
32001,15
32003,918
32015,9
33007,19
33015,109
33017,48
34001,192
34005,374
34015,168
34019,63
34021,300
34025,357
34029,573
34035,178
21229,3
21231,11
22035,6
22045,42
22053,17
22055,119
06055,77
06059,2622
06069,33
06073,2158
06079,235
06083,347
06097,310
06101,63
06107,321
06113,117
08019,6
08023,2
08031,537
08037,32
08055,11
01049,41
01063,14
01087,16
01091,21
01095,46
01101,181
01107,22
01115,45
01119,13
01131,13
02090,102
02158,6
02240,14
04005,105
04009,25
04013,2314
54001,15
54005,17
54021,5
54039,184
54045,15
54047,55
54063,11
54067,18
54087,4
54107,72
55003,19
55043,47
55113,16
56029,33
12086,2015
12093,48
12097,297
13021,200
13029,23
39137,19
39175,18
40013,28
40027,186
40057,3
40067,5
40075,12
40095,15
40125,56
40135,35
40143,949
27011,8
27013,50
27031,12
27061,43
27073,18
27075,14
27089,22
27097,30
27127,23
27161,17
27171,78
28001,27
28011,27
28029,21
28043,19
28083,18
28087,58
28103,22
28121,87
35015,60
35039,41
35045,120
35055,42
36025,44
36031,29
36103,798
36105,95
36119,569
36123,16
37009,15
37013,64
37017,32
37023,55
37037,35
37043,8
37053,11
37057,113
37065,78
37075,3
37085,86
37089,108
37095,8
37103,8
37115,20
37123,23
28141,8
42099,34
42103,32
42127,28
42133,290
48411,8
48429,9
48449,36
48453,728
48455,9
48467,54
48473,45
48479,87
49033,1
49045,15
49047,10
49051,6
50017,21
50027,43
51007,15
51017,6
51019,50
51023,31
51033,28
51036,6
51041,290
51057,16
51067,40
51083,47
51091,1
51095,34
51107,172
51111,8
51127,14
51133,14
51143,65
51159,13
51165,51
51175,23
51179,103
51187,36
53047,50
53049,37
53053,626
53061,555
53071,41
53073,197
54013,3
54017,13
54019,44
54023,13
54027,27
54033,67
54037,43
54043,11
54065,10
54071,8
54081,56
54093,10
54095,5
37133,90
37137,19
37149,23
37153,64
37161,50
37163,73
37177,4
38005,9
38033,5
38053,19
38059,29
38067,15
38071,14
22067,25
22069,43
22079,112
22097,37
22107,3
22113,23
22117,20
22123,10
23007,15
08065,5
08071,19
08093,17
08105,14
08113,6
09001,552
09007,94
09011,143
10005,155
12033,332
12037,15
12041,23
12047,16
12053,143
12071,501
19009,9
19027,20
19075,12
19113,125
19147,19
19195,10
20069,19
20143,11
20181,8
21005,18
21025,22
21029,43
21033,10
21043,22
21049,42
21063,3
21071,30
21085,11
21097,16
21109,10
21119,7
21125,25
21135,9
21139,7
21153,16
21159,6
21167,18
21181,4
21183,14
21193,21
21197,15
21205,25
54109,16
55023,15
55037,3
55051,6
55069,26
55075,35
55111,49
41007,39
41017,145
41019,124
41065,28
42003,706
42027,94
42033,80
42041,189
42045,369
42051,108
42061,42
42071,355
42089,101
42095,179
51063,15
51087,245
53077,183
45027,61
45047,87
01043,35
45029,69
45071,58
46067,16
01033,28
02050,13
04007,42
05039,7
06039,114
08043,50
12013,21
12069,347
12129,36
13219,44
16035,16
16069,41
17153,11
18071,37
19087,17
21003,14
21051,11
21165,5
46085,8
47057,1
02195,6
06009,40
08097,11
13007,8
21055,6
22017,258
22115,26
26137,11
29019,120
30005,10
37029,10
40089,32
41023,12
46117,2
47091,7
39047,18
39061,675
39095,362
45055,75
45059,117
45069,30
45073,127
45083,379
45089,59
46009,8
06043,24
06095,324
08035,191
10003,480
12079,35
12113,120
13001,20
13079,10
13135,902
13311,31
47107,34
47117,11
47123,23
47143,26
47151,8
47155,81
47157,834
47165,119
47167,45
47185,19
47189,90
48001,57
48005,77
48029,1048
48037,79
48043,16
48051,21
48057,21
48067,31
48091,109
48109,1
48119,3
48173,0
48187,97
48205,4
48215,439
48225,37
48263,2
48273,22
48287,15
48301,0
48311,0
48315,15
48339,357
48343,18
48349,49
48373,44
48377,5
48383,4
48405,12
48407,24
46041,8
46071,3
46075,2
46079,12
46127,11
47013,17
47021,16
47031,32
47035,34
47037,587
47041,4
47065,303
47089,15
56003,12
56013,31
56031,9
56035,9
01041,15
02100,5
04001,50
05001,19
05029,17
05057,26
39115,19
40113,53
41015,27
42049,196
42101,1400
45009,30
45057,121
45087,39
47025,8
47053,43
47135,6
47163,102
48089,26
48135,91
48203,76
48323,22
48351,18
48379,7
48409,51
48465,28
49007,15
49019,11
51005,19
51029,32
51089,69
51141,39
51193,13
53011,312
53045,35
54025,43
55001,11
08027,10
08051,17
05041,16
13261,34
18179,31
22111,8
23003,60
40133,34
35019,3
37105,47
37125,83
19035,14
20033,6
20149,28
21027,12
21147,11
21175,12
22005,63
22015,76
22025,8
22037,20
22091,10
22109,64
24029,25
24047,47
26055,62
27015,22
27167,9
28051,21
29013,14
29095,711
30053,28
35033,4
36059,1092
38003,24
38055,24
40055,7
40117,14
42043,240
42097,72
45015,182
45067,48
47009,63
47129,7
48065,5
48157,548
12057,1182
12089,80
13025,17
39167,57
40023,13
18007,12
18051,28
18123,13
20083,2
20203,3
21079,11
21123,14
21209,33
22065,3
22105,92
23025,23
26007,21
28017,19
48419,24
54083,22
06063,24
48129,7
48313,15
53027,78
54059,27
05119,403
06093,67
02170,103
13075,23
25005,208
13303,31
17017,12
22043,10
22127,13
10001,147
12075,49
27021,38
28089,66
29227,2
30043,14
30081,49
34027,265
36075,56
37021,220
37107,65
37145,15
37193,49
40141,9
41031,21
41047,260
27087,9
27173,25
28109,28
29027,27
30009,14
30033,1
31033,20
34031,373
35017,41
36009,60
36061,1247
36071,360
37015,22
37101,158
37131,14
37159,147
37183,752
13201,3
13265,3
44009,74
45003,203
45007,256
45017,26
45035,142
45041,193
45045,606
45051,295
30007,6
30093,19
37051,322
37139,25
45061,25
46055,5
47045,30
47127,2
51081,13
51105,19
51195,32
54007,7
54099,16
42031,42
01009,31
01047,41
05073,9
06027,30
06053,239
06099,387
08111,0
12045,28
12105,718
12121,64
16041,1
16079,19
18021,29
48175,8
48503,25
51113,13
53033,1496
53057,101
06091,5
18125,17
26003,7
27103,22
01039,30
01061,22
01075,7
04011,7
01013,14
01015,85
21235,26
22057,38
24023,38
26013,8
26071,16
47145,32
47183,17
48041,123
48079,6
48341,21
49005,17
49023,1
51103,16
51157,11
53019,9
53075,37
55011,13
56033,34
56039,16
05085,43
06089,168
08005,507
08033,3
01073,561
01129,22
02290,9
42131,10
45021,98
27137,172
28021,16
28053,7
28137,20
30003,12
30035,5
30061,7
30089,20
31009,5
32033,3
34009,69
36017,18
37019,62
37047,36
37079,19
37147,159
37173,12
45065,10
46003,5
47055,16
47085,22
05145,60
13107,23
16007,1
47119,63
47147,49
48015,41
48277,57
48391,7
48469,61
49057,81
51003,68
51031,54
51059,733
51121,72
51155,42
53067,165
54031,14
54057,27
54085,7
55007,13
55057,30
55121,24
41003,72
42023,8
42055,146
44007,388
21203,6
05017,8
13215,206
13301,9
16013,17
16031,12
17125,19
24015,54
24039,29
17007,23
18053,92
20065,8
21011,16
21067,230
21101,23
21133,19
22077,15
22103,161
08069,277
12029,33
27067,56
27119,51
20067,15
21089,27
26089,18
26141,11
32031,225
38097,19
47105,35
13309,6
17003,13
17189,11
19003,6
19163,122
20195,5
21187,10
22063,65
22101,45
08117,18
12007,40
13031,56
39123,31
40101,82
27069,12
27107,24
27145,82
28049,285
29171,1
30075,3
32011,1
34033,72
36113,37
37031,44
37113,35
38035,50
39055,44
46023,11
47093,280
01071,20
13019,7
48061,252
48185,22
48239,14
06011,13
16029,5
01021,26
01027,5
01029,4
04023,23
01093,23
05053,10
01103,71
01133,12
02070,6
02110,40
02150,19
02220,11
02261,19
48389,6
49017,1
51093,28
51171,55
53021,61
53055,13
05069,62
05107,19
06041,188
06077,513
08001,298
01059,19
01097,364
48283,4
48401,61
48459,34
49037,8
51027,15
51101,19
51147,21
51191,41
54003,71
54041,7
42017,310
05043,11
05049,7
02020,312
04021,196
13113,146
13151,251
13191,16
23027,16
24027,263
05135,17
09005,83
09013,65
12115,323
05101,22
05105,10
05115,80
05005,33
05009,47
08021,3
08039,26
08059,391
01037,5
08073,9
08101,107
08121,5
08125,14
05077,9
01017,36
05129,7
13063,270
13159,20
06031,87
06035,23
06075,619
08003,11
08015,24
13003,6
12035,79
12059,50
12087,69
12109,175
12111,297
05149,22
06021,31
06025,101
06061,262
06109,58
13117,101
13169,18
13197,9
17067,23
17183,63
13059,89
13069,50
13083,9
17053,15
13145,45
13023,14
13037,8
13053,7
17073,38
17097,355
17059,4
17063,22
13093,17
16051,3
16065,1
13111,30
13243,11
13257,43
17011,36
17015,24
18099,33
18101,15
13287,14
13295,69
15003,0
16009,10
18003,384
17149,17
17159,14
17107,24
17115,107
17121,45
17131,17
17135,36
17145,35
13233,41
13239,3
18031,31
18037,22
18041,28
18055,32
18065,49
18075,16
18085,81
18091,91
18109,72
16019,38
16021,20
16045,14
17029,43
18181,27
19007,13
19017,27
19025,14
18095,160
18097,1009
17173,27
17177,43
16075,19
17005,21
19103,64
19117,9
19127,44
19131,15
20105,5
20109,4
20111,28
20113,61
19135,4
19041,13
18017,29
20049,6
20057,30
18115,3
18119,24
18121,14
20091,408
20097,12
20101,2
19049,58
18133,34
18157,115
18111,12
17021,29
19159,7
19165,13
20063,2
20073,19
20077,11
20085,9
19169,54
19189,28
20001,27
20009,41
20015,71
20025,3
20029,14
20043,9
40045,9
48309,195
48337,18
48355,231
51720,4
51740,75
18143,28
18171,5
18177,77
19097,11
19141,26
19055,11
19073,14
19079,14
40041,50
46111,6
51810,255
20087,9
20089,6
46109,15
46121,11
53051,16
53059,13
54011,74
23011,60
24019,29
38103,13
30101,5
31003,8
48275,4
31029,9
24025,176
24035,28
25009,302
26015,46
38045,6
38051,8
38095,5
38101,49
25003,65
25011,46
25021,289
26159,70
26165,32
40151,19
42073,76
42083,52
48441,113
48451,93
55123,40
47115,17
47125,94
51153,324
46015,6
46035,14
46039,8
46049,7
51075,18
45001,39
48045,1
51181,7
29005,7
29009,34
39159,43
31171,3
48145,16
36057,43
36067,251
39105,30
27153,31
27157,22
28013,6
26023,37
37001,131
55077,13
29203,8
29133,17
29149,10
31031,11
31035,9
31037,7
38027,11
13205,28
13315,15
16033,1
17043,528
47101,5
48385,7
48399,10
55085,29
40131,69
48093,8
36019,26
31051,11
41025,9
47087,7
28023,23
48485,99
48489,19
50025,35
21075,8
21083,24
26027,34
30067,22
30095,14
36073,32
48049,43
48069,5
13273,7
45081,32
46005,24
46011,37
29021,64
29035,6
26037,37
26051,26
40001,14
40005,15
40033,4
08053,1
12031,1144
12119,66
13073,102
55105,106
55119,19
41011,72
51079,12
32013,11
27095,24
27101,19
27109,108
27125,6
54049,56
54073,6
55067,22
55073,105
17137,34
42121,72
44001,19
48107,5
39099,212
39103,93
32009,0
41027,25
41049,11
48507,6
49009,0
49021,10
56041,10
51011,30
51025,21
21045,17
21113,55
21141,20
41059,70
40017,102
56045,8
23019,71
51043,16
48251,154
51135,17
22095,29
22125,15
26061,30
48231,84
48279,9
04003,134
29081,15
31023,16
37189,49
38007,1
51630,33
42013,106
42117,42
26065,204
29167,26
19191,29
29085,13
40035,18
49027,4
50009,4
47139,12
47153,4
48497,56
13223,93
55127,81
56001,33
56005,25
21201,0
20023,7
47169,3
50019,16
48413,4
46059,4
46063,3
46077,10
46087,6
46089,5
56015,19
47177,18
48017,4
48131,8
48143,32
42011,233
42019,124
42105,24
42115,20
51049,8
26017,66
51685,12
48163,14
48165,19
48179,35
28047,115
48285,28
48303,217
51540,54
51570,12
51610,10
02060,1
02068,5
02188,8
02230,2
02275,4
30019,3
39025,132
39053,32
39067,17
31153,79
02013,3
40093,17
40103,12
40053,14
31081,21
31109,222
31119,38
01057,6
01111,8
05021,15
05023,19
05037,19
27071,18
19197,27
20013,21
40107,12
31053,33
31123,12
21041,11
39135,38
39119,68
05051,81
31095,22
29173,12
40021,41
36079,33
36097,7
29011,14
39127,26
20045,84
20051,20
20055,39
29177,30
28153,18
28159,17
28161,12
20173,458
20177,152
20185,9
29017,10
29047,131
20059,26
39163,12
29105,36
29109,34
31137,17
33003,27
39009,52
19181,31
19185,9
19187,35
21207,9
38065,3
06111,539
08009,12
08011,2
08017,5
29125,9
31133,4
20175,27
22023,5
22041,19
22051,305
22075,15
39171,48
20017,5
20183,13
20189,11
20037,41
20027,13
20031,13
29223,7
29510,445
21021,23
36107,34
20159,16
20169,54
21137,13
39147,42
39153,427
40037,82
34037,73
32023,38
32510,33
40039,37
40043,7
39131,24
29077,292
28115,10
28129,5
31177,14
20125,61
20209,204
21001,16
21077,9
23021,11
24009,43
06103,54
40009,24
40019,47
31041,16
38089,19
26131,11
38061,10
29001,29
51790,25
40069,11
46097,5
21171,6
26075,117
26079,12
26095,7
26133,26
26143,18
39007,91
36121,26
37121,3
37141,34
39073,24
39077,48
46099,185
54015,6
26119,9
21103,12
36033,22
36051,45
31055,380
40047,82
13047,42
20131,9
20141,9
31047,30
47039,4
55025,295
39129,47
39019,15
35003,10
35021,3
35037,21
20193,10
21013,22
39097,47
28067,45
21173,25
29119,33
31161,11
55039,59
55059,86
39151,287
40031,106
28071,26
28085,13
39083,60
39091,34
29061,9
29067,11
40121,37
40127,16
46125,22
21199,49
26149,60
39157,83
26153,4
26155,43
27081,15
39117,24
27033,20
27043,19
39143,48
46107,4
48365,34
53013,5
39165,167
39133,81
39013,48
31065,9
31071,5
31089,17
39107,19
39121,8
21227,73
53029,54
53035,182
53041,80
51830,14
55015,26
55021,41
39017,297
35047,26
35057,15
33013,70
39155,173
28133,18
22003,21
22021,5
18059,43
20021,42
27141,53
27147,28
27151,16
35061,54
21213,12
13235,12
13249,5
20147,11
20151,17
20153,4
17019,128
47131,24
13065,12
13161,17
21111,554
19171,12
12099,1215
12067,19
22121,12
01053,38
01067,11
21129,12
19077,9
19081,14
19089,10
13011,16
27131,48
27135,27
42079,155
45011,53
47181,4
48009,6
50003,23
19167,61
13207,25
18173,50
17179,104
13057,147
17057,30
13085,21
08115,4
13225,30
05089,16
19173,7
48417,3
48421,2
48431,1
48435,4
42047,23
13253,7
13277,51
48369,8
48381,85
17041,21
05113,23
26125,783
21169,5
48487,8
48493,27
42075,75
24510,786
25019,7
36095,29
19095,14
19099,32
13015,91
47075,18
17051,33
05055,21
08014,35
05065,16
05071,25
19101,26
19105,16
19109,19
12019,155
12049,49
19057,28
20061,25
42123,42
13095,120
27083,24
19161,11
13049,7
42119,36
13177,22
36099,13
33001,41
08099,21
45037,28
29055,24
26001,7
13167,9
27093,20
27099,43
21145,59
26039,8
26045,83
08041,661
19137,13
13043,10
18069,45
18073,41
37087,34
37155,114
38105,32
48139,207
48403,14
48481,49
41001,11
41045,28
42063,95
45053,36
18029,31
18131,16
18139,15
08047,2
08089,34
19047,16
40061,15
29137,14
31169,13
47161,18
17023,17
19043,26
19053,10
20171,11
19133,10
26019,16
26035,17
20071,1
20123,10
42065,58
44003,70
17061,24
18105,100
18117,25
18137,25
05083,30
40081,36
19071,3
19023,24
19029,14
08103,5
08109,23
05031,62
26009,26
27117,19
27121,21
27041,42
19115,10
19125,43
13187,24
17009,8
08119,36
12001,317
09015,57
12027,32
05123,20
26011,9
18043,64
21215,13
21221,17
22059,13
22073,151
22083,21
22087,22
40071,50
09003,560
05141,18
26117,64
26121,147
49055,1
42081,88
19061,43
19067,20
19139,28
19143,12
19153,327
19157,16
26101,17
19005,13
19013,95
19019,17
20139,13
42069,81
40115,42
27045,42
27123,414
13099,15
16053,16
54061,62
42007,147
48353,16
48357,15
48367,114
54069,43
28037,4
28041,6
48221,38
48227,24
38087,1
13089,830
12061,134
13285,92
17085,27
17089,284
45039,44
13115,96
42021,95
18141,252
18149,18
13125,5
13255,75
13259,7
08081,10
27001,24
42037,46
17069,4
17151,6
26077,215
42107,82
17071,8
30037,1
30051,3
27005,41
38023,8
51173,26
01077,43
01083,43
13067,646
13081,18
37097,127
37169,33
51510,281
51013,100
13165,7
26073,33
18005,80
18015,16
16071,2
17167,157
18163,150
18165,10
18169,40
54055,59
13299,57
26093,76
17203,24
08085,60
12021,225
12051,42
17147,15
48097,31
48113,2482
13307,3
17141,60
17157,31
47109,20
47113,80
48445,15
48483,5
53039,27
54035,16
48127,8
27133,12
54101,5
55005,55
17165,43
18001,46
01125,123
04017,75
56019,8
55089,52
39001,35
28091,12
51045,2
51580,7
51600,27
17081,50
13035,31
27019,67
27029,13
39169,67
42001,70
28095,26
47133,11
49041,9
26043,31
26057,38
26067,53
36069,53
28105,21
31039,12
13193,19
16001,265
26087,58
26091,88
21127,8
13293,30
17133,22
47043,36
54097,13
45023,49
50007,82
31113,2
42009,67
18079,23
17181,20
17191,17
17195,60
42053,9
48149,37
48155,1
48183,163
50011,24
26005,111
18093,52
05047,14
13055,33
05137,14
08061,0
08075,30
48189,34
40007,12
13321,30
17109,19
17113,123
26025,111
13101,3
17099,64
17103,28
17105,31
51197,47
37179,162
17123,14
13109,12
48397,89
18155,16
37025,182
37035,134
13211,15
40105,19
40111,40
26031,20
54089,5
51115,14
51169,20
17083,16
39071,44
39079,32
48267,6
28117,9
28125,4
29135,9
48271,1
51650,119
37143,14
29221,31
39069,30
29075,4
29079,13
29165,65
17111,116
30107,7
46047,13
37191,134
38001,9
29225,39
36085,262
28059,91
29093,18
56037,23
54079,43
39089,136
45085,134
46007,5
18089,448
18107,37
18161,4
19021,23
36117,67
48177,17
48191,4
48219,20
12005,168
48257,89
31021,9
36011,34
31141,24
31145,17
31149,4
48247,5
48021,76
29111,10
53001,19
53063,355
40153,18
17139,15
55091,7
37033,5
37185,23
37187,9
33005,47
35001,504
28107,29
36027,163
17193,25
18047,12
02185,6
05111,16
38015,72
29025,9
29091,44
20191,34
21039,4
48197,1
31067,29
31077,8
46065,20
54051,26
31097,4
20145,11
26123,46
31127,15
37109,57
37197,19
31083,9
31093,7
55071,40
42113,8
48209,124
48233,40
48307,19
31173,9
31175,4
35006,28
35009,56
31131,28
31139,17
48123,31
48125,2
51680,80
51683,41
13005,8
13045,117
21163,10
21191,10
39051,39
30065,8
35013,146
55083,22
48077,8
48081,1
40099,12
13087,36
27155,5
27159,19
27169,45
36049,20
39059,40
05027,24
48087,2
48235,2
48243,5
48249,26
29181,25
31013,12
48281,16
48291,59
41009,40
28065,11
28069,6
29107,35
13061,4
28039,18
37081,507
37119,872
37171,38
28005,15
28113,36
17025,19
55049,16
48253,15
51550,182
46129,12
51065,17
51520,20
28063,7
28127,20
17049,34
01007,11
30097,3
01019,17
28015,5
55031,27
01085,13
55101,139
28135,9
28145,17
55129,19
46051,17
41057,28
46045,10
20081,12
20093,6
46043,12
29053,19
30103,1
35028,22
28019,7
37181,43
28073,25
46057,9
55135,49
28025,19
48085,661
48095,3
48111,4
48115,12
36021,60
30109,4
29131,19
28155,5
29039,14
48047,5
48105,6
28031,9
28035,48
05125,71
21143,6
39081,58
37005,4
34039,401
29051,40
21219,9
22049,19
06049,8
06087,194
17033,32
40119,69
29147,24
29151,8
46091,8
35027,23
35053,17
39031,37
39033,44
21073,37
28099,21
28147,5
51750,9
40123,39
27059,37
37041,14
39037,47
26105,24
48439,1940
16055,119
39057,132
39065,29
29185,13
21047,57
21081,12
46103,84
37061,43
01045,32
31159,33
31165,2
31111,36
31115,1
56011,14
56017,3
56023,13
56027,6
12063,102
27055,18
01105,6
02122,87
25023,217
46061,6
47095,3
47099,14
56007,16
55093,33
55097,35
38039,8
46115,7
18049,23
18057,181
18077,27
18127,103
38029,9
38057,17
12101,351
47179,108
20163,6
39023,129
39139,121
30017,11
40129,6
40149,11
27085,36
31179,13
31183,2
32017,3
32021,5
32027,5
37003,22
35005,69
30021,14
49031,0
18019,91
38043,8
29083,21
39041,132
46037,12
47061,6
47069,21
47071,17
29097,141
32029,0
39027,36
21091,5
12081,273
41037,16
48121,559
48133,15
48269,1
48327,5
28101,6
29117,23
29121,10
46027,12
17055,65
16081,3
05079,5
20201,24
20205,19
48447,5
29139,17
47103,10
31121,8
31125,2
46135,22
05127,13
13199,32
21211,30
40091,15
19037,11
55141,50
30079,7
38019,10
38021,10
47027,2
47047,36
55027,69
21015,71
21087,1
20167,11
27035,42
18033,41
18039,199
36015,57
48305,5
13091,32
46033,17
36109,54
40085,8
37071,169
21019,45
12011,1839
13119,37
19149,23
47023,6
08007,11
38083,6
20127,6
20129,6
20133,23
17013,5
12015,100
27017,44
31163,4
29141,22
29145,55
46031,7
36039,44
47083,6
55133,245
21009,15
29205,9
29211,7
48331,40
48363,19
36041,6
36093,86
28077,4
22089,32
22093,13
20187,1
23009,33
27049,54
13129,52
29007,25
42015,36
46029,28
28097,8
38009,12
38011,7
29215,32
29219,19
18045,18
27065,19
21035,26
21053,9
28111,10
29045,7
29073,13
54077,26
35041,28
44005,38
37073,7
38013,7
19051,10
05035,51
51760,274
53023,0
20003,7
20047,6
20119,12
20157,10
50015,13
40059,3
31063,5
41029,186
16011,15
38069,8
39005,55
17095,38
21157,32
40139,25
48137,5
48217,43
48299,19
18011,45
20121,35
31143,6
32005,23
31087,9
31117,2
42109,45
23005,164
17035,8
17039,7
20041,22
20137,6
42025,28
20179,4
26151,32
17079,9
51021,12
40109,714
40083,31
40137,34
29123,17
29187,60
41041,44
17155,6
18023,22
18063,120
18145,34
26161,240
38041,5
40063,11
35023,13
37157,92
37195,92
31181,5
37151,109
17101,16
12003,21
53003,15
19011,20
31007,2
40025,4
40147,64
41053,58
51840,32
13175,54
08123,173
27009,23
27057,31
26069,20
18135,27
31027,7
31043,20
55045,15
46025,10
17117,69
56009,10
42077,209
49053,43
18153,15
19123,30
21117,110
29186,13
31099,8
21105,2
13247,106
17077,64
18183,28
27007,55
19015,15
31045,9
29229,28
30041,26
31005,1
12043,11
39015,39
35025,70
38031,11
13147,30
05097,5
06105,15
08107,13
12103,701
13017,19
51183,15
13071,46
41063,7
39029,101
48027,238
19065,33
19093,9
13033,31
48375,114
48461,4
48495,3
19119,27
17087,16
51590,47
27079,19
42087,44
20007,8
20117,13
19121,12
19151,8
19179,42
27039,20
27063,13
48415,12
27111,83
27165,19
19107,12
20207,4
21061,3
38079,10
48193,17
48433,0
48505,7
13297,71
15005,0
19033,38
17201,190
19059,13
19183,22
20075,3
01011,9
39113,508
18167,94
37067,324
19063,13
27115,25
13231,25
26021,140
39141,68
51820,15
48059,6
55033,33
28045,19
27143,20
20039,7
27105,27
19177,5
20011,25
55087,104
39063,50
39149,45
28079,11
29155,28
54053,29
27149,15
36023,21
01003,143
01109,17
04015,112
05091,48
55017,45
55019,26
38047,6
38049,11
47171,6
26059,41
28139,16
26029,22
26111,67
35059,5
39085,136
35031,62
41071,100
27025,35
12085,125
40029,4
28009,2
33011,174
36001,204
23029,23
50023,44
01127,53
02164,3
29059,11
29063,6
36007,130
28131,8
29049,17
48099,46
22027,24
24037,65
26047,33
29217,19
04019,591
56043,12
20005,18
46013,41
46017,2
31049,8
55109,52
55137,33
56025,63
40049,34
51800,58
17045,21
50001,25
47007,8
26113,16
26129,16
36037,18
50013,4
38073,9
46069,4
56021,74
31185,20
33019,26
19193,75
55115,48
51035,30
01031,38
01123,27
35049,135
47011,117
31107,10
21233,9
53069,4
55095,64
55125,20
41013,17
36005,1090
36055,524
48319,7
48359,3
48425,9
51670,23
54029,17
28119,7
55053,18
19039,14
12091,203
36035,25
39109,89
31085,0
31147,23
51530,5
28057,8
29037,80
47051,23
16017,45
20099,25
31017,8
40015,44
19091,7
29209,42
28081,45
55047,24
55055,72
05087,14
08087,30
39093,188
46053,8
46102,10
48393,1
36089,33
38025,8
35035,65
06029,589
06071,1635
08063,15
54009,17
31135,5
17001,50
51071,22
32019,30
48013,25
48023,5
48033,0
48071,28
55041,7
39045,122
05033,70
29163,22
36083,86
54105,4
48019,19
51770,91
51775,29
13275,70
31079,53
08045,44
02198,12
13227,26
48181,104
48195,8
48211,4
48295,4
51620,9
55103,12
55065,18
13281,15
47137,1
46083,46
31129,11
31157,44
48297,12
46081,25
31001,34
55078,2
51710,188
51735,7
29169,35
20103,54
51660,37
38063,11
38081,6
31019,32
31011,5
31015,10
29175,24
30025,5
48101,2
48259,36
48463,23
19145,26
31101,11
55013,28
36003,42
29065,20
55009,135
47017,10
51640,5
55061,10
20197,7
51700,144
55063,84
50021,41
46019,10
48325,24
48329,120
48335,8
51077,18
08025,3
55131,69
34017,378
17037,72
29153,11
30011,4
31069,5
12017,122
20161,55
21059,68
39173,82
17093,45
17127,13
39087,49
35043,103
37045,79
55035,70
55099,24
31057,7
31075,1
31105,5
28061,8
17119,267
21121,15
21177,17
54103,15
55107,17
48443,2
48491,306
51009,28
51047,46
39145,59
40003,13
46119,2
19031,10
20019,6
20079,42
20107,12
46101,9
55117,99
55139,112
05081,12
12083,332
13127,102
29115,9
51119,16
51139,20
51730,47
37129,145
37167,42
38077,28
45079,479
06017,112
12125,17
19085,17
47015,4
48159,15
32007,17
17163,254
30111,142
31025,32
22019,143
47141,56
47175,1
48039,288
48223,40
48321,61
48387,8
46137,1
47059,37
01099,16
42129,271
48003,14
48265,70
48293,26
48437,4
06067,1192
17143,155
01079,15
19069,16
16067,12
42057,16
27037,229
05139,59
27051,19
48075,6
45031,85
17169,8
17171,11
54091,18
13173,5
48237,14
20035,44
13131,38
20155,52
12117,428
13013,46
45049,45
48063,13
16077,8
49015,4
02105,5
22039,18
51097,9
06007,172
13241,21
01025,14
08067,41
13263,5
21037,37
16047,13
48255,8
47111,6
48153,12
48169,6
17199,78
46021,4
28093,38
29089,10
36101,51
37063,282
35029,29
29003,9
29015,19
51690,30
19129,11
21023,3
37135,82
38091,5
08095,10
48207,9
54075,5
25015,70
21115,14
39161,30
29043,69
13097,140
13155,9
38075,7
38093,23
39003,103
39021,27
01081,113
26127,30
26145,140
49039,7
50005,29
51167,26
51595,5
51678,6
41069,2
42085,112
22061,41
28027,16
51061,61
55029,36
21095,21
47079,21
42125,137
06015,25
16003,3
21107,50
16049,31
36063,118
51117,39
13153,130
23001,53
21185,31
27047,37
28003,15
28123,14
42039,77
18025,11
21161,14
27003,182
31155,35
45075,132
48201,3663
39011,30
20115,24
20165,2
26107,48
40051,33
40077,10
18081,124
29103,6
29127,26
29161,60
39049,1083
22007,14
05059,30
05143,148
40011,17
29179,18
40097,52
26049,321
21057,4
39111,11
46105,10
42093,12
08057,1
33009,63
39101,72
30063,104
36111,139
23017,32
45013,116
34011,148
48345,4
25027,398
47187,211
04025,237
08079,0
41067,341
18013,18
26081,591
26085,14
55081,32
21149,6
29071,92
29213,85
30091,13
19155,56
18087,29
18113,50
29101,38
18151,34
26157,43
29129,5
36087,826
47067,2
47033,12
47159,12
48073,73
30047,32
31059,12
22013,12
22085,15
24013,109
26109,21
04027,96
13105,40
21223,3
31061,8
47077,9
48031,17
16057,34
37011,15
21225,11
48501,6
37077,34
13163,33
13221,13
24041,29
26083,2
16005,33
49013,7
51001,26
51109,31
51163,23
53017,21
05075,12
05131,124
06065,1609
01069,107
01121,54
04012,24
13039,49
40087,25
27027,61
27113,18
29099,129
48117,9
48147,35
17065,17
45033,42
31073,1
39075,27
48171,36
55079,724
26139,277
