CountyFIPS,natforest
21007,0
21017,0
21031,0
21065,1
21069,1
21093,0
21099,0
21131,1
21151,1
21155,0
21179,0
17091,0
17187,0
17197,1
18027,0
18061,0
01001,0
01005,0
01023,0
01035,1
01051,0
01055,0
01065,1
01089,0
01113,0
01117,0
02016,0
02130,1
02180,0
02282,1
05011,0
05015,1
05019,0
05025,0
05063,0
05067,0
05121,0
06001,0
06003,1
06005,1
06013,0
06019,1
06023,1
06033,1
06037,1
06047,0
06057,1
06081,0
06085,0
06115,1
08013,1
08029,1
08049,1
08077,1
08083,1
08091,1
09009,0
11001,0
12009,0
12023,1
12039,1
12055,0
12065,0
12073,1
12095,0
12107,1
12123,0
12127,1
12131,0
12133,0
13009,1
13027,0
13103,0
13121,0
13141,0
13149,0
13179,0
13183,0
13189,0
13209,0
13229,0
13267,0
13271,0
13291,1
13305,0
13319,0
15007,0
16015,1
16023,1
16025,1
16027,0
16037,1
16039,1
16043,1
16061,1
16063,0
16085,1
19175,0
20053,0
20095,0
20135,0
20199,0
48011,0
48025,0
48035,0
48053,0
48055,0
48083,0
29057,0
29143,0
29157,1
29189,0
29199,0
29207,1
30015,1
30023,1
30029,1
30039,1
30057,1
30071,0
30077,1
30085,0
30087,1
30105,0
31091,0
53065,1
21189,1
21195,1
21217,0
21237,1
21239,0
22001,0
22009,0
22011,0
22029,0
22031,1
22033,0
22047,0
22071,0
22081,0
22099,0
22119,1
23013,0
23015,0
24003,0
18103,0
18129,0
18147,0
19001,0
19045,0
19083,0
19111,0
31167,0
34003,0
34007,0
34013,0
34023,0
34041,0
35007,1
35011,0
35051,1
36013,0
36029,0
36043,0
36045,0
36047,0
36053,0
36065,0
36077,0
36081,0
36091,0
36115,1
37007,0
37027,1
37039,1
37049,1
37055,0
37059,0
37069,0
37083,0
37091,0
37093,0
37099,1
37111,1
37117,0
37127,0
37165,0
37175,1
37199,1
38017,0
38037,1
38085,1
38099,0
39035,0
39039,0
39043,0
39125,0
40065,0
48103,0
48141,0
48151,0
48161,0
48167,0
48199,0
48213,0
48229,0
48241,1
48245,0
48261,0
48289,0
48317,0
48333,0
48347,1
48361,0
48371,0
48395,0
48423,0
48427,0
48457,1
48471,1
48475,0
48477,0
48499,0
49001,1
49003,1
49011,1
40073,0
40079,1
40145,0
41005,1
41021,0
41033,1
41035,1
41039,1
41043,1
41051,1
41055,1
41061,1
42005,0
42029,0
42035,0
42059,0
42067,0
42091,0
42111,0
45005,1
45019,1
45025,0
45043,1
45063,0
45077,1
45091,0
46073,0
46093,1
46095,0
46123,0
47001,0
47003,0
47005,0
47019,1
47029,1
47049,0
47063,0
47073,0
47081,0
47097,0
47121,0
47149,0
47173,0
48007,0
25001,0
25013,0
25025,0
26033,1
26053,1
26063,0
26097,1
26115,0
13283,0
13289,0
13313,1
13317,0
15001,0
15009,0
16059,1
16073,1
16083,1
16087,1
17027,0
17031,0
17047,0
49029,1
49035,1
49043,1
49049,1
51015,1
51037,0
51051,1
51053,0
51069,1
51073,0
51085,0
51099,0
51125,1
51131,0
51137,0
51145,0
51149,0
51161,1
51177,0
51185,1
51199,0
53005,0
53007,1
53009,1
53015,1
53025,0
53031,1
53037,1
53043,0
12077,1
05061,1
05093,0
05095,0
05099,0
05103,0
05109,1
05117,0
05133,0
05147,0
06045,1
06051,1
24011,0
24033,0
24043,0
25007,0
25017,0
26041,1
26099,0
26103,1
26135,1
26147,0
26163,0
27023,0
27053,0
27077,0
27091,0
27129,0
27139,0
27163,0
28007,0
28033,0
28055,1
28075,0
28143,0
28157,1
28163,1
29023,1
29029,0
29031,1
29033,0
17075,0
17129,0
17161,0
17175,0
17185,0
18009,0
18035,0
18067,0
18083,0
18159,0
18175,1
49025,1
05003,0
05007,1
05013,0
05045,0
13051,0
13077,0
13123,1
13133,1
13137,1
13139,0
13143,0
13157,0
13171,0
13181,1
13185,0
13195,0
13213,1
13217,0
13237,1
13245,0
13251,0
13269,0
13279,0
23023,0
23031,1
24001,0
24005,0
24017,0
24021,0
24031,0
24045,0
28149,1
28151,0
29041,0
29069,0
29087,0
29113,0
29159,0
29183,0
29195,0
29197,0
29201,1
30001,1
30013,1
30027,1
30031,1
30045,1
30049,1
30055,0
30059,1
30069,0
30073,1
30083,1
30099,1
31103,0
31151,0
32001,0
32003,1
32015,1
33007,1
33015,0
33017,0
34001,0
34005,0
34015,0
34019,0
34021,0
34025,0
34029,0
34035,0
21229,0
21231,1
22035,0
22045,0
22053,0
22055,0
06055,0
06059,1
06069,0
06073,1
06079,1
06083,1
06097,0
06101,0
06107,1
06113,0
08019,1
08023,1
08031,0
08037,1
08055,1
01049,0
01063,0
01087,1
01091,0
01095,0
01101,0
01107,0
01115,0
01119,0
01131,0
02090,0
02158,0
02240,0
04005,1
04009,1
04013,1
54001,1
54005,0
54021,0
54039,0
54045,0
54047,0
54063,1
54067,1
54087,0
54107,0
55003,1
55043,0
55113,1
56029,1
12086,0
12093,0
12097,0
13021,0
13029,0
39137,0
39175,0
40013,1
40027,0
40057,0
40067,0
40075,0
40095,0
40125,0
40135,1
40143,0
27011,0
27013,0
27031,1
27061,1
27073,0
27075,1
27089,0
27097,0
27127,0
27161,0
27171,0
28001,1
28011,0
28029,1
28043,0
28083,0
28087,0
28103,0
28121,0
35015,1
35039,1
35045,0
35055,1
36025,0
36031,0
36103,0
36105,0
36119,0
36123,0
37009,1
37013,0
37017,0
37023,1
37037,0
37043,1
37053,0
37057,1
37065,0
37075,1
37085,0
37089,1
37095,0
37103,1
37115,1
37123,1
28141,0
42099,0
42103,0
42127,0
42133,0
48411,0
48429,0
48449,0
48453,0
48455,1
48467,0
48473,0
48479,0
49033,1
49045,1
49047,1
49051,1
50017,0
50027,1
51007,0
51017,1
51019,1
51023,1
51033,0
51036,0
51041,0
51057,0
51067,0
51083,0
51091,1
51095,0
51107,0
51111,0
51127,0
51133,0
51143,0
51159,0
51165,1
51175,0
51179,0
51187,1
53047,1
53049,0
53053,1
53061,1
53071,1
53073,1
54013,0
54017,0
54019,0
54023,1
54027,1
54033,0
54037,0
54043,0
54065,0
54071,1
54081,0
54093,1
54095,1
37133,1
37137,0
37149,0
37153,0
37161,0
37163,0
37177,0
38005,0
38033,1
38053,1
38059,0
38067,0
38071,0
22067,0
22069,1
22079,1
22097,0
22107,0
22113,0
22117,0
22123,0
23007,0
08065,1
08071,1
08093,1
08105,1
08113,1
09001,0
09007,0
09011,0
10005,0
12033,0
12037,1
12041,0
12047,1
12053,0
12071,0
19009,0
19027,0
19075,0
19113,0
19147,0
19195,0
20069,0
20143,0
20181,0
21005,0
21025,1
21029,0
21033,0
21043,1
21049,0
21063,1
21071,0
21085,0
21097,0
21109,1
21119,0
21125,1
21135,1
21139,1
21153,0
21159,0
21167,0
21181,0
21183,0
21193,1
21197,1
21205,1
54109,0
55023,0
55037,1
55051,1
55069,0
55075,1
55111,0
41007,0
41017,1
41019,1
41065,1
42003,0
42027,0
42033,0
42041,0
42045,0
42051,0
42061,0
42071,0
42089,0
42095,0
51063,0
51087,0
53077,1
45027,0
45047,1
01043,1
45029,0
45071,1
46067,0
01033,0
02050,0
04007,1
05039,0
06039,1
08043,1
12013,1
12069,1
12129,1
13219,1
16035,1
16069,1
17153,1
18071,1
19087,0
21003,0
21051,1
21165,1
46085,1
47057,0
02195,1
06009,1
08097,1
13007,0
21055,1
22017,0
22115,1
26137,1
29019,1
30005,0
37029,0
40089,1
41023,1
46117,1
47091,1
39047,0
39061,0
39095,0
45055,0
45059,1
45069,0
45073,1
45083,0
45089,1
46009,0
06043,1
06095,0
08035,1
10003,0
12079,0
12113,1
13001,0
13079,0
13135,0
13311,1
47107,1
47117,0
47123,1
47143,0
47151,1
47155,0
47157,0
47165,0
47167,0
47185,0
47189,0
48001,0
48005,1
48029,0
48037,0
48043,0
48051,0
48057,0
48067,0
48091,0
48109,1
48119,0
48173,0
48187,0
48205,0
48215,0
48225,1
48263,0
48273,0
48287,0
48301,0
48311,0
48315,0
48339,1
48343,0
48349,0
48373,0
48377,0
48383,0
48405,1
48407,1
46041,1
46071,1
46075,1
46079,0
46127,0
47013,1
47021,0
47031,0
47035,0
47037,0
47041,0
47065,0
47089,0
56003,1
56013,1
56031,1
56035,1
01041,0
02100,1
04001,1
05001,0
05029,1
05057,0
39115,1
40113,0
41015,1
42049,0
42101,0
45009,0
45057,0
45087,1
47025,0
47053,0
47135,0
47163,1
48089,0
48135,0
48203,0
48323,0
48351,1
48379,0
48409,0
48465,0
49007,1
49019,1
51005,1
51029,0
51089,0
51141,0
51193,0
53011,1
53045,1
54025,1
55001,0
08027,1
08051,1
05041,0
13261,0
18179,0
22111,1
23003,0
40133,0
35019,0
37105,0
37125,0
19035,0
20033,0
20149,0
21027,1
21147,1
21175,1
22005,0
22015,0
22025,0
22037,0
22091,0
22109,0
24029,0
24047,0
26055,1
27015,0
27167,0
28051,0
29013,0
29095,0
30053,1
35033,1
36059,0
38003,0
38055,0
40055,0
40117,0
42043,0
42097,0
45015,1
45067,0
47009,0
47129,0
48065,0
48157,0
12057,0
12089,0
13025,0
39167,1
40023,0
18007,0
18051,0
18123,1
20083,0
20203,0
21079,0
21123,0
21209,0
22065,0
22105,0
23025,0
26007,0
28017,1
48419,1
54083,1
06063,1
48129,0
48313,0
53027,1
54059,0
05119,1
06093,1
02170,1
13075,0
25005,0
13303,0
17017,0
22043,1
22127,1
10001,0
12075,0
27021,1
28089,0
29227,0
30043,1
30081,1
34027,0
36075,0
37021,1
37107,0
37145,0
37193,0
40141,0
41031,1
41047,1
27087,0
27173,0
28109,1
29027,1
30009,1
30033,0
31033,0
34031,0
35017,1
36009,1
36061,0
36071,0
37015,0
37101,0
37131,0
37159,0
37183,0
13201,0
13265,0
44009,0
45003,1
45007,0
45017,0
45035,0
45041,0
45045,0
45051,0
30007,1
30093,1
37051,0
37139,0
45061,0
46055,0
47045,0
47127,0
51081,0
51105,1
51195,1
54007,0
54099,0
42031,0
01009,0
01047,1
05073,0
06027,1
06053,1
06099,0
08111,1
12045,0
12105,0
12121,1
16041,1
16079,1
18021,0
48175,0
48503,0
51113,0
53033,1
53057,1
06091,1
18125,0
26003,1
27103,0
01039,1
01061,0
01075,0
04011,1
01013,0
01015,1
21235,1
22057,0
24023,0
26013,1
26071,1
47145,0
47183,0
48041,0
48079,0
48341,0
49005,1
49023,1
51103,0
51157,0
53019,1
53075,0
55011,0
56033,1
56039,1
05085,0
06089,1
08005,0
08033,1
01073,0
01129,0
02290,0
42131,0
45021,0
27137,1
28021,0
28053,1
28137,0
30003,1
30035,1
30061,1
30089,1
31009,1
32033,1
34009,0
36017,0
37019,0
37047,0
37079,0
37147,0
37173,1
45065,1
46003,0
47055,0
47085,0
05145,0
13107,0
16007,1
47119,0
47147,0
48015,0
48277,1
48391,0
48469,0
49057,1
51003,0
51031,0
51059,0
51121,1
51155,1
53067,1
54031,1
54057,0
54085,0
55007,1
55057,0
55121,0
41003,1
42023,0
42055,0
44007,0
21203,1
05017,0
13215,0
13301,0
16013,1
16031,1
17125,0
24015,0
24039,0
17007,0
18053,0
20065,0
21011,1
21067,0
21101,0
21133,1
22077,0
22103,0
08069,1
12029,0
27067,0
27119,0
20067,0
21089,0
26089,0
26141,0
32031,1
38097,0
47105,0
13309,0
17003,1
17189,0
19003,0
19163,0
20195,0
21187,0
22063,0
22101,0
08117,1
12007,1
13031,0
39123,0
40101,0
27069,0
27107,0
27145,0
28049,0
29171,0
30075,1
32011,1
34033,0
36113,0
37031,1
37113,1
38035,0
39055,0
46023,0
47093,0
01071,0
13019,0
48061,0
48185,0
48239,0
06011,1
16029,1
01021,1
01027,1
01029,1
04023,1
01093,0
05053,0
01103,0
01133,1
02070,0
02110,1
02150,0
02220,1
02261,1
48389,0
49017,1
51093,0
51171,1
53021,0
53055,0
05069,0
05107,1
06041,0
06077,0
08001,0
01059,1
01097,0
48283,0
48401,0
48459,0
49037,1
51027,1
51101,0
51147,0
51191,1
54003,0
54041,0
42017,0
05043,0
05049,0
02020,1
04021,1
13113,0
13151,0
13191,0
23027,0
24027,0
05135,0
09005,0
09013,0
12115,0
05101,1
05105,1
05115,1
05005,1
05009,0
08021,1
08039,0
08059,1
01037,0
08073,0
08101,1
08121,0
08125,0
05077,1
01017,0
05129,1
13063,0
13159,1
06031,0
06035,1
06075,0
08003,1
08015,1
13003,0
12035,0
12059,0
12087,0
12109,0
12111,0
05149,1
06021,1
06025,0
06061,1
06109,1
13117,0
13169,1
13197,0
17067,0
17183,0
13059,0
13069,0
13083,0
17053,0
13145,0
13023,0
13037,0
13053,0
17073,0
17097,0
17059,1
17063,0
13093,0
16051,1
16065,1
13111,1
13243,0
13257,1
17011,0
17015,0
18099,0
18101,1
13287,0
13295,1
15003,0
16009,1
18003,0
17149,0
17159,0
17107,0
17115,0
17121,0
17131,0
17135,0
17145,0
13233,0
13239,0
18031,0
18037,1
18041,0
18055,0
18065,0
18075,0
18085,0
18091,0
18109,0
16019,1
16021,1
16045,1
17029,0
18181,0
19007,0
19017,0
19025,0
18095,0
18097,0
17173,0
17177,0
16075,0
17005,0
19103,0
19117,0
19127,0
19131,0
20105,0
20109,0
20111,0
20113,0
19135,0
19041,0
18017,0
20049,0
20057,0
18115,0
18119,0
18121,0
20091,0
20097,0
20101,0
19049,0
18133,0
18157,0
18111,0
17021,0
19159,0
19165,0
20063,0
20073,0
20077,0
20085,0
19169,0
19189,0
20001,0
20009,0
20015,0
20025,0
20029,0
20043,0
40045,0
48309,0
48337,1
48355,0
51720,1
51740,0
18143,0
18171,0
18177,0
19097,0
19141,0
19055,0
19073,0
19079,0
40041,0
46111,0
51810,0
20087,0
20089,0
46109,0
46121,0
53051,1
53059,1
54011,1
23011,0
24019,0
38103,0
30101,0
31003,0
48275,0
31029,0
24025,0
24035,0
25009,0
26015,1
38045,0
38051,0
38095,0
38101,0
25003,1
25011,1
25021,0
26159,0
26165,1
40151,0
42073,0
42083,1
48441,0
48451,0
55123,0
47115,0
47125,0
51153,0
46015,0
46035,0
46039,0
46049,0
51075,0
45001,1
48045,0
51181,0
29005,0
29009,1
39159,0
31171,1
48145,0
36057,0
36067,0
39105,0
27153,0
27157,0
28013,0
26023,0
37001,0
55077,0
29203,1
29133,0
29149,1
31031,1
31035,0
31037,0
38027,0
13205,0
13315,0
16033,1
17043,0
47101,0
48385,0
48399,0
55085,1
40131,0
48093,0
36019,0
31051,0
41025,1
47087,0
28023,0
48485,0
48489,0
50025,1
21075,0
21083,0
26027,0
30067,1
30095,1
36073,0
48049,0
48069,0
13273,0
45081,1
46005,0
46011,0
29021,0
29035,1
26037,0
26051,0
40001,1
40005,0
40033,0
08053,1
12031,0
12119,0
13073,1
55105,0
55119,1
41011,1
51079,0
32013,1
27095,0
27101,0
27109,0
27125,0
54049,0
54073,1
55067,1
55073,0
17137,0
42121,0
44001,0
48107,0
39099,0
39103,0
32009,1
41027,1
41049,1
48507,0
49009,1
49021,1
56041,1
51011,0
51025,0
21045,0
21113,0
21141,0
41059,1
40017,0
56045,1
23019,0
51043,0
48251,0
51135,0
22095,0
22125,0
26061,1
48231,1
48279,0
04003,1
29081,0
31023,0
37189,1
38007,1
51630,0
42013,0
42117,0
26065,0
29167,0
19191,0
29085,0
40035,0
49027,1
50009,1
47139,1
47153,0
48497,1
13223,0
55127,0
56001,1
56005,1
21201,0
20023,0
47169,0
50019,0
48413,0
46059,0
46063,1
46077,0
46087,0
46089,0
56015,0
47177,0
48017,0
48131,0
48143,0
42011,0
42019,0
42105,0
42115,0
51049,0
26017,0
51685,0
48163,0
48165,0
48179,1
28047,1
48285,0
48303,0
51540,0
51570,0
51610,0
02060,0
02068,0
02188,0
02230,1
02275,1
30019,0
39025,0
39053,1
39067,0
31153,0
02013,0
40093,0
40103,0
40053,0
31081,0
31109,0
31119,0
01057,0
01111,0
05021,0
05023,0
05037,0
27071,1
19197,0
20013,0
40107,0
31053,0
31123,0
21041,0
39135,0
39119,0
05051,1
31095,0
29173,0
40021,0
36079,0
36097,1
29011,0
39127,1
20045,0
20051,0
20055,0
29177,0
28153,1
28159,1
28161,1
20173,0
20177,0
20185,0
29017,1
29047,0
20059,0
39163,1
29105,1
29109,0
31137,0
33003,1
39009,1
19181,0
19185,0
19187,0
21207,0
38065,0
06111,1
08009,1
08011,0
08017,0
29125,0
31133,0
20175,0
22023,0
22041,0
22051,0
22075,0
39171,0
20017,0
20183,0
20189,1
20037,0
20027,0
20031,0
29223,1
29510,0
21021,0
36107,0
20159,0
20169,0
21137,0
39147,0
39153,0
40037,0
34037,0
32023,1
32510,1
40039,0
40043,0
39131,0
29077,0
28115,1
28129,1
31177,0
20125,0
20209,0
21001,0
21077,0
23021,0
24009,0
06103,1
40009,0
40019,0
31041,0
38089,1
26131,1
38061,0
29001,0
51790,0
40069,0
46097,0
21171,0
26075,0
26079,0
26095,0
26133,1
26143,1
39007,0
36121,0
37121,1
37141,0
39073,1
39077,0
46099,0
54015,0
26119,0
21103,0
36033,0
36051,0
31055,0
40047,0
13047,1
20131,0
20141,0
31047,0
47039,0
55025,0
39129,0
39019,0
35003,1
35021,1
35037,0
20193,0
21013,1
39097,0
28067,1
21173,0
29119,0
31161,0
55039,0
55059,0
39151,0
40031,0
28071,1
28085,1
39083,0
39091,0
29061,0
29067,1
40121,0
40127,0
46125,0
21199,1
26149,0
39157,0
26153,1
26155,0
27081,0
39117,0
27033,0
27043,0
39143,0
46107,0
48365,0
53013,1
39165,0
39133,0
39013,0
31065,0
31071,0
31089,0
39107,0
39121,1
21227,0
53029,0
53035,0
53041,1
51830,0
55015,0
55021,0
39017,0
35047,1
35057,1
33013,0
39155,0
28133,0
22003,0
22021,0
18059,0
20021,0
27141,0
27147,0
27151,0
35061,1
21213,0
13235,0
13249,0
20147,0
20151,0
20153,0
17019,0
47131,0
13065,1
13161,0
21111,0
19171,0
12099,0
12067,0
22121,0
01053,1
01067,0
21129,1
19077,0
19081,0
19089,0
13011,1
27131,0
27135,0
42079,0
45011,1
47181,0
48009,0
50003,1
19167,0
13207,1
18173,0
17179,0
13057,0
17057,0
13085,1
08115,0
13225,0
05089,1
19173,0
48417,0
48421,1
48431,0
48435,0
42047,1
13253,0
13277,0
48369,0
48381,0
17041,0
05113,1
26125,0
21169,0
48487,0
48493,0
42075,0
24510,0
25019,0
36095,0
19095,0
19099,0
13015,0
47075,0
17051,0
05055,0
08014,0
05065,1
05071,1
19101,0
19105,0
19109,0
12019,0
12049,0
19057,0
20061,0
42123,1
13095,0
27083,0
19161,0
13049,0
42119,0
13177,0
36099,1
33001,0
08099,0
45037,1
29055,1
26001,1
13167,0
27093,0
27099,0
21145,0
26039,1
26045,0
08041,1
19137,0
13043,0
18069,0
18073,0
37087,1
37155,0
38105,0
48139,0
48403,1
48481,0
41001,1
41045,1
42063,0
45053,0
18029,0
18131,0
18139,0
08047,1
08089,1
19047,0
40061,0
29137,0
31169,0
47161,1
17023,0
19043,0
19053,0
20171,0
19133,0
26019,0
26035,0
20071,0
20123,0
42065,1
44003,0
17061,0
18105,1
18117,1
18137,0
05083,1
40081,0
19071,0
19023,0
19029,0
08103,1
08109,1
05031,0
26009,0
27117,0
27121,0
27041,0
19115,0
19125,0
13187,1
17009,0
08119,1
12001,0
09015,0
12027,0
05123,0
26011,0
18043,0
21215,0
21221,1
22059,0
22073,0
22083,0
22087,0
40071,0
09003,0
05141,1
26117,1
26121,1
49055,1
42081,0
19061,0
19067,0
19139,0
19143,0
19153,0
19157,0
26101,1
19005,0
19013,0
19019,0
20139,0
42069,0
40115,0
27045,0
27123,0
13099,0
16053,0
54061,0
42007,0
48353,0
48357,0
48367,0
54069,0
28037,1
28041,1
48221,0
48227,0
38087,1
13089,0
12061,0
13285,0
17085,0
17089,0
45039,1
13115,1
42021,0
18141,0
18149,0
13125,0
13255,0
13259,0
08081,1
27001,1
42037,0
17069,1
17151,1
26077,0
42107,0
17071,0
30037,1
30051,0
27005,0
38023,0
51173,1
01077,0
01083,0
13067,0
13081,0
37097,0
37169,0
51510,0
51013,0
13165,0
26073,0
18005,1
18015,0
16071,1
17167,0
18163,0
18165,0
18169,0
54055,1
13299,1
26093,0
17203,0
08085,1
12021,0
12051,0
17147,0
48097,0
48113,0
13307,0
17141,0
17157,1
47109,0
47113,0
48445,0
48483,0
53039,1
54035,0
48127,0
27133,0
54101,1
55005,0
17165,1
18001,0
01125,1
04017,1
56019,1
55089,0
39001,0
28091,0
51045,1
51580,1
51600,0
17081,0
13035,1
27019,0
27029,0
39169,0
42001,0
28095,0
47133,0
49041,1
26043,0
26057,0
26067,0
36069,0
28105,1
31039,0
13193,0
16001,1
26087,0
26091,0
21127,0
13293,0
17133,0
47043,0
54097,0
45023,1
50007,0
31113,0
42009,0
18079,0
17181,1
17191,0
17195,0
42053,1
48149,0
48155,0
48183,0
50011,0
26005,1
18093,1
05047,1
13055,1
05137,1
08061,0
08075,1
48189,0
40007,0
13321,0
17109,0
17113,0
26025,0
13101,1
17099,0
17103,0
17105,0
51197,1
37179,0
17123,0
13109,0
48397,0
18155,0
37025,0
37035,0
13211,1
40105,0
40111,0
26031,1
54089,0
51115,0
51169,1
17083,0
39071,0
39079,1
48267,0
28117,0
28125,1
29135,0
48271,0
51650,0
37143,0
29221,1
39069,0
29075,0
29079,0
29165,0
17111,0
30107,1
46047,1
37191,0
38001,0
29225,0
36085,0
28059,1
29093,1
56037,1
54079,0
39089,0
45085,0
46007,0
18089,0
18107,0
18161,0
19021,0
36117,0
48177,0
48191,0
48219,0
12005,1
48257,0
31021,0
36011,0
31141,0
31145,0
31149,0
48247,0
48021,0
29111,0
53001,0
53063,0
40153,0
17139,0
55091,0
37033,0
37185,0
37187,0
33005,0
35001,1
28107,0
36027,0
17193,0
18047,0
02185,0
05111,0
38015,0
29025,0
29091,1
20191,0
21039,0
48197,0
31067,0
31077,0
46065,0
54051,0
31097,0
20145,0
26123,1
31127,0
37109,0
37197,0
31083,0
31093,0
55071,0
42113,0
48209,0
48233,0
48307,0
31173,0
31175,0
35006,1
35009,0
31131,0
31139,0
48123,0
48125,0
51680,0
51683,0
13005,0
13045,0
21163,1
21191,0
39051,0
30065,1
35013,0
55083,1
48077,0
48081,0
40099,0
13087,0
27155,0
27159,0
27169,0
36049,0
39059,0
05027,0
48087,0
48235,0
48243,0
48249,0
29181,1
31013,0
48281,0
48291,1
41009,0
28065,0
28069,0
29107,0
13061,0
28039,1
37081,0
37119,0
37171,0
28005,1
28113,0
17025,0
55049,0
48253,0
51550,0
46129,0
51065,0
51520,0
28063,1
28127,0
17049,0
01007,1
30097,1
01019,1
28015,0
55031,0
01085,0
55101,0
28135,0
28145,1
55129,0
46051,0
41057,1
46045,0
20081,0
20093,0
46043,0
29053,0
30103,0
35028,1
28019,1
37181,0
28073,1
46057,0
55135,0
28025,0
48085,0
48095,0
48111,1
48115,0
36021,0
30109,1
29131,0
28155,0
29039,0
48047,0
48105,0
28031,0
28035,1
05125,1
21143,1
39081,0
37005,0
34039,0
29051,0
21219,0
22049,1
06049,1
06087,0
17033,0
40119,0
29147,0
29151,0
46091,0
35027,1
35053,1
39031,0
39033,0
21073,0
28099,0
28147,0
51750,0
40123,0
27059,0
37041,0
39037,0
26105,1
48439,0
16055,1
39057,0
39065,0
29185,0
21047,0
21081,0
46103,1
37061,0
01045,0
31159,0
31165,1
31111,0
31115,0
56011,1
56017,1
56023,1
56027,1
12063,0
27055,0
01105,1
02122,1
25023,0
46061,0
47095,0
47099,0
56007,1
55093,0
55097,0
38039,0
46115,0
18049,0
18057,0
18077,0
18127,0
38029,0
38057,0
12101,0
47179,1
20163,0
39023,0
39139,0
30017,1
40129,1
40149,0
27085,0
31179,0
31183,0
32017,1
32021,1
32027,0
37003,0
35005,1
30021,0
49031,1
18019,0
38043,0
29083,0
39041,0
46037,0
47061,0
47069,0
47071,0
29097,0
32029,0
39027,0
21091,0
12081,0
41037,1
48121,0
48133,0
48269,0
48327,0
28101,1
29117,0
29121,0
46027,0
17055,0
16081,1
05079,0
20201,0
20205,0
48447,0
29139,0
47103,0
31121,0
31125,0
46135,0
05127,1
13199,0
21211,0
40091,0
19037,0
55141,0
30079,0
38019,0
38021,0
47027,0
47047,0
55027,0
21015,0
21087,0
20167,0
27035,0
18033,0
18039,0
36015,0
48305,0
13091,0
46033,1
36109,0
40085,0
37071,0
21019,0
12011,0
13119,1
19149,0
47023,0
08007,1
38083,0
20127,0
20129,1
20133,0
17013,0
12015,0
27017,0
31163,0
29141,0
29145,0
46031,1
36039,0
47083,0
55133,0
21009,0
29205,0
29211,0
48331,0
48363,0
36041,0
36093,0
28077,0
22089,0
22093,0
20187,0
23009,0
27049,0
13129,1
29007,0
42015,0
46029,0
28097,0
38009,0
38011,1
29215,1
29219,0
18045,0
27065,0
21035,0
21053,0
28111,1
29045,0
29073,0
54077,1
35041,0
44005,0
37073,0
38013,0
19051,0
05035,0
51760,0
53023,1
20003,0
20047,0
20119,0
20157,0
50015,0
40059,0
31063,0
41029,1
16011,0
38069,0
39005,0
17095,0
21157,0
40139,1
48137,0
48217,0
48299,0
18011,0
20121,0
31143,0
32005,1
31087,0
31117,0
42109,0
23005,0
17035,0
17039,0
20041,0
20137,0
42025,0
20179,0
26151,0
17079,0
51021,1
40109,0
40083,0
40137,0
29123,1
29187,1
41041,1
17155,0
18023,0
18063,0
18145,0
26161,0
38041,0
40063,0
35023,1
37157,0
37195,0
31181,0
37151,1
17101,0
12003,1
53003,1
19011,0
31007,0
40025,1
40147,0
41053,1
51840,0
13175,0
08123,1
27009,0
27057,1
26069,1
18135,0
31027,0
31043,0
55045,0
46025,0
17117,0
56009,1
42077,0
49053,1
18153,0
19123,0
21117,0
29186,1
31099,0
21105,0
13247,0
17077,1
18183,0
27007,1
19015,0
31045,1
29229,1
30041,0
31005,0
12043,0
39015,0
35025,0
38031,0
13147,0
05097,1
06105,1
08107,1
12103,0
13017,0
51183,0
13071,0
41063,1
39029,0
48027,0
19065,0
19093,0
13033,1
48375,0
48461,0
48495,0
19119,0
17087,1
51590,0
27079,0
42087,0
20007,0
20117,0
19121,0
19151,0
19179,0
27039,0
27063,0
48415,0
27111,0
27165,0
19107,0
20207,0
21061,0
38079,0
48193,0
48433,0
48505,0
13297,0
15005,0
19033,0
17201,0
19059,0
19183,0
20075,0
01011,0
39113,0
18167,0
37067,0
19063,0
27115,0
13231,0
26021,0
39141,0
51820,1
48059,0
55033,0
28045,0
27143,0
20039,0
27105,0
19177,0
20011,0
55087,0
39063,0
39149,0
28079,1
29155,0
54053,0
27149,0
36023,0
01003,0
01109,0
04015,1
05091,0
55017,0
55019,0
38047,0
38049,1
47171,1
26059,0
28139,1
26029,0
26111,0
35059,1
39085,0
35031,1
41071,1
27025,0
12085,0
40029,0
28009,1
33011,0
36001,0
23029,0
50023,1
01127,1
02164,0
29059,0
29063,0
36007,0
28131,1
29049,0
48099,0
22027,1
24037,0
26047,0
29217,0
04019,1
56043,1
20005,0
46013,0
46017,0
31049,0
55109,0
55137,0
56025,1
40049,0
51800,0
17045,0
50001,1
47007,0
26113,0
26129,1
36037,0
50013,0
38073,1
46069,0
56021,1
31185,0
33019,0
19193,0
55115,0
51035,1
01031,1
01123,0
35049,1
47011,0
31107,0
21233,0
53069,0
55095,0
55125,1
41013,1
36005,0
36055,0
48319,0
48359,0
48425,0
51670,0
54029,0
28119,0
55053,0
19039,0
12091,1
36035,0
39109,0
31085,0
31147,0
51530,1
28057,0
29037,0
47051,0
16017,1
20099,0
31017,0
40015,0
19091,0
29209,1
28081,0
55047,0
55055,0
05087,1
08087,0
39093,0
46053,0
46102,1
48393,0
36089,0
38025,1
35035,1
06029,1
06071,1
08063,0
54009,0
31135,0
17001,0
51071,1
32019,1
48013,0
48023,0
48033,0
48071,0
55041,1
39045,0
05033,1
29163,0
36083,1
54105,0
48019,0
51770,0
51775,0
13275,0
31079,0
08045,1
02198,1
13227,0
48181,0
48195,0
48211,1
48295,0
51620,0
55103,0
55065,0
13281,1
47137,1
46083,0
31129,0
31157,0
48297,0
46081,1
31001,0
55078,1
51710,0
51735,0
29169,1
20103,0
51660,0
38063,0
38081,0
31019,0
31011,0
31015,0
29175,0
30025,1
48101,0
48259,0
48463,0
19145,0
31101,0
55013,0
36003,0
29065,1
55009,0
47017,0
51640,0
55061,0
20197,0
51700,0
55063,0
50021,1
46019,0
48325,0
48329,0
48335,0
51077,1
08025,0
55131,0
34017,0
17037,0
29153,1
30011,1
31069,0
12017,0
20161,0
21059,0
39173,0
17093,0
17127,1
39087,1
35043,1
37045,0
55035,0
55099,1
31057,0
31075,0
31105,1
28061,1
17119,0
21121,1
21177,0
54103,1
55107,0
48443,0
48491,0
51009,1
51047,0
39145,1
40003,0
46119,0
19031,0
20019,0
20079,0
20107,0
46101,0
55117,0
55139,0
05081,1
12083,1
13127,0
29115,0
51119,0
51139,1
51730,0
37129,0
37167,1
38077,1
45079,0
06017,1
12125,0
19085,0
47015,0
48159,0
32007,1
17163,0
30111,0
31025,0
22019,0
47141,0
47175,0
48039,0
48223,0
48321,0
48387,0
46137,1
47059,1
01099,0
42129,0
48003,0
48265,0
48293,0
48437,0
06067,0
17143,0
01079,1
19069,0
16067,0
42057,0
27037,0
05139,0
27051,0
48075,0
45031,0
17169,0
17171,0
54091,0
13173,0
48237,0
20035,0
13131,0
20155,0
12117,1
13013,0
45049,0
48063,0
16077,1
49015,1
02105,1
22039,0
51097,0
06007,1
13241,1
01025,0
08067,1
13263,0
21037,0
16047,0
48255,0
47111,0
48153,0
48169,0
17199,1
46021,0
28093,1
29089,0
36101,0
37063,0
35029,0
29003,0
29015,0
51690,0
19129,0
21023,0
37135,0
38091,0
08095,0
48207,0
54075,1
25015,0
21115,0
39161,0
29043,1
13097,0
13155,0
38075,0
38093,0
39003,0
39021,0
01081,0
26127,1
26145,0
49039,1
50005,0
51167,1
51595,0
51678,0
41069,1
42085,0
22061,0
28027,0
51061,0
55029,0
21095,1
47079,0
42125,0
06015,1
16003,1
21107,0
16049,1
36063,0
51117,0
13153,0
23001,0
21185,0
27047,0
28003,0
28123,1
42039,0
18025,1
21161,0
27003,0
31155,0
45075,0
48201,0
39011,0
20115,0
20165,0
26107,1
40051,0
40077,0
18081,0
29103,0
29127,0
29161,1
39049,0
22007,0
05059,1
05143,1
40011,0
29179,1
40097,0
26049,1
21057,0
39111,1
46105,1
42093,0
08057,1
33009,1
39101,0
30063,1
36111,0
23017,1
45013,0
34011,0
48345,0
25027,0
47187,0
04025,1
08079,1
41067,0
18013,1
26081,1
26085,1
55081,0
21149,0
29071,0
29213,1
30091,0
19155,0
18087,0
18113,0
29101,0
18151,0
26157,0
29129,0
36087,0
47067,0
47033,0
47159,0
48073,1
30047,1
31059,0
22013,1
22085,1
24013,0
26109,0
04027,0
13105,0
21223,0
31061,0
47077,0
48031,0
16057,1
37011,1
21225,1
48501,0
37077,0
13163,0
13221,1
24041,0
26083,0
16005,1
49013,1
51001,0
51109,0
51163,1
53017,1
05075,0
05131,1
06065,1
01069,0
01121,1
04012,0
13039,0
40087,0
27027,0
27113,0
29099,0
48117,0
48147,1
17065,0
45033,0
31073,0
39075,0
48171,0
55079,0
26139,1
