STATEFP,COUNTYFP,INTERSTATE_5MILE
01,01001,1
01,01003,1
01,01005,1
01,01007,1
01,01009,1
01,01011,0
01,01013,1
01,01015,1
01,01017,1
01,01019,1
01,01021,1
01,01023,0
01,01025,0
01,01027,0
01,01029,1
01,01031,0
01,01033,0
01,01035,1
01,01037,0
01,01039,0
01,01041,1
01,01043,1
01,01045,0
01,01047,0
01,01049,1
01,01051,1
01,01053,1
01,01055,1
01,01057,0
01,01059,0
01,01061,0
01,01063,1
01,01065,1
01,01067,0
01,01069,0
01,01071,1
01,01073,1
01,01075,0
01,01077,0
01,01079,0
01,01081,1
01,01083,1
01,01085,1
01,01087,1
01,01089,1
01,01091,0
01,01093,0
01,01095,0
01,01097,1
01,01099,0
01,01101,1
01,01103,1
01,01105,0
01,01107,0
01,01109,0
01,01111,0
01,01113,1
01,01115,1
01,01117,1
01,01119,1
01,01121,1
01,01123,1
01,01125,1
01,01127,0
01,01129,0
01,01131,0
01,01133,0
02,02013,0
02,02016,0
02,02020,0
02,02050,0
02,02060,0
02,02068,0
02,02070,0
02,02090,0
02,02100,0
02,02105,0
02,02110,0
02,02122,0
02,02130,0
02,02150,0
02,02158,0
02,02164,0
02,02170,0
02,02180,0
02,02185,0
02,02188,0
02,02195,0
02,02198,0
02,02220,0
02,02230,0
02,02240,0
02,02261,0
02,02275,0
02,02282,0
02,02290,0
04,04001,1
04,04003,1
04,04005,1
04,04007,0
04,04009,1
04,04011,0
04,04012,1
04,04013,1
04,04015,1
04,04017,1
04,04019,1
04,04021,1
04,04023,1
04,04025,1
04,04027,1
05,05001,0
05,05003,0
05,05005,0
05,05007,1
05,05009,0
05,05011,0
05,05013,0
05,05015,0
05,05017,0
05,05019,1
05,05021,0
05,05023,0
05,05025,0
05,05027,0
05,05029,1
05,05031,1
05,05033,1
05,05035,1
05,05037,1
05,05039,0
05,05041,0
05,05043,0
05,05045,1
05,05047,1
05,05049,0
05,05051,1
05,05053,1
05,05055,0
05,05057,1
05,05059,1
05,05061,0
05,05063,0
05,05065,0
05,05067,0
05,05069,1
05,05071,1
05,05073,1
05,05075,0
05,05077,1
05,05079,0
05,05081,1
05,05083,1
05,05085,1
05,05087,0
05,05089,0
05,05091,1
05,05093,1
05,05095,1
05,05097,0
05,05099,1
05,05101,0
05,05103,0
05,05105,1
05,05107,0
05,05109,0
05,05111,1
05,05113,0
05,05115,1
05,05117,1
05,05119,1
05,05121,0
05,05123,1
05,05125,1
05,05127,0
05,05129,0
05,05131,1
05,05133,0
05,05135,0
05,05137,0
05,05139,0
05,05141,0
05,05143,1
05,05145,1
05,05147,1
05,05149,1
06,06001,1
06,06003,0
06,06005,0
06,06007,0
06,06009,0
06,06011,1
06,06013,1
06,06015,0
06,06017,1
06,06019,1
06,06021,1
06,06023,0
06,06025,1
06,06027,0
06,06029,1
06,06031,1
06,06033,0
06,06035,0
06,06037,1
06,06039,1
06,06041,1
06,06043,0
06,06045,0
06,06047,1
06,06049,0
06,06051,0
06,06053,0
06,06055,1
06,06057,1
06,06059,1
06,06061,1
06,06063,0
06,06065,1
06,06067,1
06,06069,0
06,06071,1
06,06073,1
06,06075,1
06,06077,1
06,06079,0
06,06081,1
06,06083,0
06,06085,1
06,06087,0
06,06089,1
06,06091,1
06,06093,1
06,06095,1
06,06097,0
06,06099,1
06,06101,1
06,06103,1
06,06105,1
06,06107,0
06,06109,0
06,06111,1
06,06113,1
06,06115,0
08,08001,1
08,08003,0
08,08005,1
08,08007,0
08,08009,0
08,08011,0
08,08013,1
08,08014,1
08,08015,0
08,08017,0
08,08019,1
08,08021,0
08,08023,0
08,08025,0
08,08027,0
08,08029,0
08,08031,1
08,08033,0
08,08035,1
08,08037,1
08,08039,1
08,08041,1
08,08043,0
08,08045,1
08,08047,1
08,08049,1
08,08051,0
08,08053,0
08,08055,1
08,08057,0
08,08059,1
08,08061,0
08,08063,1
08,08065,0
08,08067,0
08,08069,1
08,08071,1
08,08073,1
08,08075,1
08,08077,1
08,08079,0
08,08081,0
08,08083,0
08,08085,0
08,08087,1
08,08089,0
08,08091,0
08,08093,0
08,08095,0
08,08097,0
08,08099,0
08,08101,1
08,08103,0
08,08105,0
08,08107,0
08,08109,0
08,08111,0
08,08113,0
08,08115,1
08,08117,1
08,08119,0
08,08121,1
08,08123,1
08,08125,0
09,09001,1
09,09003,1
09,09005,1
09,09007,1
09,09009,1
09,09011,1
09,09013,1
09,09015,1
10,10001,0
10,10003,1
10,10005,0
11,11001,1
12,12001,1
12,12003,1
12,12005,0
12,12007,0
12,12009,1
12,12011,1
12,12013,1
12,12015,1
12,12017,1
12,12019,1
12,12021,1
12,12023,1
12,12027,1
12,12029,0
12,12031,1
12,12033,1
12,12035,1
12,12037,0
12,12039,1
12,12041,0
12,12043,0
12,12045,0
12,12047,1
12,12049,0
12,12051,0
12,12053,1
12,12055,0
12,12057,1
12,12059,1
12,12061,1
12,12063,1
12,12065,1
12,12067,0
12,12069,1
12,12071,1
12,12073,1
12,12075,0
12,12077,1
12,12079,1
12,12081,1
12,12083,1
12,12085,1
12,12086,1
12,12087,0
12,12089,1
12,12091,1
12,12093,0
12,12095,1
12,12097,1
12,12099,1
12,12101,1
12,12103,1
12,12105,1
12,12107,0
12,12109,1
12,12111,1
12,12113,1
12,12115,1
12,12117,1
12,12119,1
12,12121,1
12,12123,0
12,12125,1
12,12127,1
12,12129,0
12,12131,1
12,12133,1
13,13001,0
13,13003,1
13,13005,0
13,13007,0
13,13009,0
13,13011,1
13,13013,1
13,13015,1
13,13017,0
13,13019,1
13,13021,1
13,13023,1
13,13025,0
13,13027,1
13,13029,1
13,13031,1
13,13033,0
13,13035,1
13,13037,0
13,13039,1
13,13043,1
13,13045,1
13,13047,1
13,13049,0
13,13051,1
13,13053,1
13,13055,0
13,13057,1
13,13059,1
13,13061,0
13,13063,1
13,13065,1
13,13067,1
13,13069,0
13,13071,1
13,13073,1
13,13075,1
13,13077,1
13,13079,1
13,13081,1
13,13083,1
13,13085,0
13,13087,0
13,13089,1
13,13091,0
13,13093,1
13,13095,0
13,13097,1
13,13099,0
13,13101,1
13,13103,1
13,13105,1
13,13107,1
13,13109,1
13,13111,0
13,13113,1
13,13115,1
13,13117,1
13,13119,1
13,13121,1
13,13123,0
13,13125,0
13,13127,1
13,13129,1
13,13131,0
13,13133,1
13,13135,1
13,13137,0
13,13139,1
13,13141,1
13,13143,1
13,13145,1
13,13147,1
13,13149,0
13,13151,1
13,13153,1
13,13155,1
13,13157,1
13,13159,0
13,13161,0
13,13163,0
13,13165,1
13,13167,0
13,13169,1
13,13171,1
13,13173,1
13,13175,1
13,13177,1
13,13179,1
13,13181,0
13,13183,0
13,13185,1
13,13187,0
13,13189,1
13,13191,1
13,13193,1
13,13195,1
13,13197,0
13,13199,1
13,13201,0
13,13205,0
13,13207,1
13,13209,1
13,13211,1
13,13213,1
13,13215,1
13,13217,1
13,13219,1
13,13221,1
13,13223,1
13,13225,1
13,13227,1
13,13229,0
13,13231,0
13,13233,0
13,13235,0
13,13237,1
13,13239,1
13,13241,0
13,13243,0
13,13245,1
13,13247,1
13,13249,0
13,13251,1
13,13253,0
13,13255,1
13,13257,1
13,13259,0
13,13261,1
13,13263,0
13,13265,1
13,13267,1
13,13269,0
13,13271,0
13,13273,0
13,13275,0
13,13277,1
13,13279,1
13,13281,0
13,13283,1
13,13285,1
13,13287,1
13,13289,1
13,13291,0
13,13293,0
13,13295,1
13,13297,1
13,13299,0
13,13301,1
13,13303,0
13,13305,0
13,13307,0
13,13309,0
13,13311,0
13,13313,1
13,13315,0
13,13317,0
13,13319,1
13,13321,0
15,15001,0
15,15003,1
15,15005,0
15,15007,0
15,15009,0
16,16001,1
16,16003,1
16,16005,1
16,16007,0
16,16009,0
16,16011,1
16,16013,1
16,16015,0
16,16017,1
16,16019,1
16,16021,0
16,16023,0
16,16025,0
16,16027,1
16,16029,1
16,16031,1
16,16033,1
16,16035,0
16,16037,0
16,16039,1
16,16041,1
16,16043,1
16,16045,1
16,16047,1
16,16049,0
16,16051,1
16,16053,1
16,16055,1
16,16057,0
16,16059,0
16,16061,0
16,16063,0
16,16065,0
16,16067,1
16,16069,0
16,16071,1
16,16073,1
16,16075,1
16,16077,1
16,16079,1
16,16081,0
16,16083,1
16,16085,1
16,16087,1
17,17001,1
17,17003,1
17,17005,1
17,17007,1
17,17009,0
17,17011,1
17,17013,1
17,17015,0
17,17017,0
17,17019,1
17,17021,1
17,17023,1
17,17025,1
17,17027,1
17,17029,1
17,17031,1
17,17033,0
17,17035,1
17,17037,1
17,17039,1
17,17041,1
17,17043,1
17,17045,1
17,17047,1
17,17049,1
17,17051,1
17,17053,1
17,17055,1
17,17057,0
17,17059,0
17,17061,0
17,17063,1
17,17065,1
17,17067,0
17,17069,0
17,17071,0
17,17073,1
17,17075,1
17,17077,0
17,17079,1
17,17081,1
17,17083,0
17,17085,0
17,17087,1
17,17089,1
17,17091,1
17,17093,1
17,17095,1
17,17097,1
17,17099,1
17,17101,0
17,17103,1
17,17105,1
17,17107,1
17,17109,0
17,17111,1
17,17113,1
17,17115,1
17,17117,1
17,17119,1
17,17121,1
17,17123,1
17,17125,0
17,17127,1
17,17129,1
17,17131,0
17,17133,1
17,17135,1
17,17137,1
17,17139,1
17,17141,1
17,17143,1
17,17145,0
17,17147,1
17,17149,1
17,17151,1
17,17153,1
17,17155,1
17,17157,1
17,17159,0
17,17161,1
17,17163,1
17,17165,0
17,17167,1
17,17169,0
17,17171,1
17,17173,1
17,17175,0
17,17177,0
17,17179,1
17,17181,1
17,17183,1
17,17185,1
17,17187,0
17,17189,1
17,17191,1
17,17193,1
17,17195,1
17,17197,1
17,17199,1
17,17201,1
17,17203,1
18,18001,1
18,18003,1
18,18005,1
18,18007,1
18,18009,0
18,18011,1
18,18013,0
18,18015,0
18,18017,0
18,18019,1
18,18021,1
18,18023,1
18,18025,1
18,18027,1
18,18029,1
18,18031,1
18,18033,1
18,18035,1
18,18037,1
18,18039,1
18,18041,1
18,18043,1
18,18045,1
18,18047,1
18,18049,0
18,18051,1
18,18053,1
18,18055,1
18,18057,1
18,18059,1
18,18061,1
18,18063,1
18,18065,1
18,18067,0
18,18069,1
18,18071,1
18,18073,1
18,18075,0
18,18077,0
18,18079,1
18,18081,1
18,18083,1
18,18085,0
18,18087,1
18,18089,1
18,18091,1
18,18093,1
18,18095,1
18,18097,1
18,18099,0
18,18101,1
18,18103,0
18,18105,1
18,18107,1
18,18109,1
18,18111,1
18,18113,0
18,18115,0
18,18117,0
18,18119,1
18,18121,0
18,18123,1
18,18125,1
18,18127,1
18,18129,1
18,18131,0
18,18133,1
18,18135,0
18,18137,1
18,18139,1
18,18141,1
18,18143,1
18,18145,1
18,18147,1
18,18149,0
18,18151,1
18,18153,0
18,18155,1
18,18157,1
18,18159,0
18,18161,0
18,18163,1
18,18165,1
18,18167,1
18,18169,0
18,18171,1
18,18173,1
18,18175,1
18,18177,1
18,18179,1
18,18181,1
18,18183,1
19,19001,1
19,19003,0
19,19005,0
19,19007,0
19,19009,1
19,19011,1
19,19013,1
19,19015,0
19,19017,0
19,19019,1
19,19021,0
19,19023,0
19,19025,0
19,19027,0
19,19029,1
19,19031,1
19,19033,1
19,19035,0
19,19037,0
19,19039,1
19,19041,0
19,19043,0
19,19045,0
19,19047,0
19,19049,1
19,19051,0
19,19053,1
19,19055,0
19,19057,0
19,19059,0
19,19061,0
19,19063,0
19,19065,0
19,19067,0
19,19069,1
19,19071,1
19,19073,0
19,19075,0
19,19077,1
19,19079,1
19,19081,0
19,19083,1
19,19085,1
19,19087,0
19,19089,0
19,19091,0
19,19093,0
19,19095,1
19,19097,0
19,19099,1
19,19101,0
19,19103,1
19,19105,0
19,19107,0
19,19109,0
19,19111,1
19,19113,1
19,19115,0
19,19117,0
19,19119,0
19,19121,1
19,19123,0
19,19125,0
19,19127,0
19,19129,1
19,19131,0
19,19133,1
19,19135,0
19,19137,0
19,19139,1
19,19141,0
19,19143,0
19,19145,0
19,19147,0
19,19149,1
19,19151,0
19,19153,1
19,19155,1
19,19157,1
19,19159,1
19,19161,0
19,19163,1
19,19165,1
19,19167,0
19,19169,1
19,19171,0
19,19173,0
19,19175,0
19,19177,0
19,19179,0
19,19181,1
19,19183,0
19,19185,0
19,19187,0
19,19189,0
19,19191,0
19,19193,1
19,19195,1
19,19197,1
20,20001,0
20,20003,0
20,20005,0
20,20007,0
20,20009,0
20,20011,0
20,20013,0
20,20015,1
20,20017,1
20,20019,0
20,20021,1
20,20023,0
20,20025,0
20,20027,0
20,20029,0
20,20031,1
20,20033,0
20,20035,0
20,20037,0
20,20039,0
20,20041,1
20,20043,1
20,20045,1
20,20047,0
20,20049,0
20,20051,1
20,20053,1
20,20055,0
20,20057,0
20,20059,1
20,20061,1
20,20063,1
20,20065,0
20,20067,0
20,20069,0
20,20071,0
20,20073,1
20,20075,0
20,20077,0
20,20079,1
20,20081,0
20,20083,0
20,20085,0
20,20087,1
20,20089,0
20,20091,1
20,20093,0
20,20095,0
20,20097,0
20,20099,0
20,20101,0
20,20103,1
20,20105,1
20,20107,0
20,20109,1
20,20111,1
20,20113,1
20,20115,1
20,20117,0
20,20119,0
20,20121,1
20,20123,0
20,20125,0
20,20127,0
20,20129,0
20,20131,0
20,20133,0
20,20135,0
20,20137,0
20,20139,1
20,20141,0
20,20143,1
20,20145,0
20,20147,0
20,20149,1
20,20151,0
20,20153,0
20,20155,0
20,20157,0
20,20159,0
20,20161,1
20,20163,0
20,20165,0
20,20167,1
20,20169,1
20,20171,0
20,20173,1
20,20175,0
20,20177,1
20,20179,1
20,20181,1
20,20183,0
20,20185,0
20,20187,0
20,20189,0
20,20191,1
20,20193,1
20,20195,1
20,20197,1
20,20199,0
20,20201,0
20,20203,0
20,20205,0
20,20207,0
20,20209,1
21,21001,0
21,21003,1
21,21005,1
21,21007,1
21,21009,1
21,21011,1
21,21013,0
21,21015,1
21,21017,1
21,21019,1
21,21021,0
21,21023,0
21,21025,0
21,21027,0
21,21029,1
21,21031,1
21,21033,1
21,21035,0
21,21037,1
21,21039,0
21,21041,1
21,21043,1
21,21045,0
21,21047,1
21,21049,1
21,21051,0
21,21053,0
21,21055,1
21,21057,0
21,21059,0
21,21061,1
21,21063,1
21,21065,0
21,21067,1
21,21069,1
21,21071,0
21,21073,1
21,21075,1
21,21077,1
21,21079,1
21,21081,1
21,21083,1
21,21085,1
21,21087,0
21,21089,1
21,21091,0
21,21093,1
21,21095,0
21,21097,1
21,21099,1
21,21101,1
21,21103,1
21,21105,0
21,21107,1
21,21109,0
21,21111,1
21,21113,1
21,21115,0
21,21117,1
21,21119,0
21,21121,1
21,21123,1
21,21125,1
21,21127,0
21,21129,0
21,21131,0
21,21133,0
21,21135,1
21,21137,0
21,21139,1
21,21141,0
21,21143,1
21,21145,1
21,21147,0
21,21149,0
21,21151,1
21,21153,0
21,21155,0
21,21157,1
21,21159,0
21,21161,0
21,21163,1
21,21165,0
21,21167,0
21,21169,0
21,21171,0
21,21173,1
21,21175,0
21,21177,1
21,21179,1
21,21181,0
21,21183,1
21,21185,1
21,21187,1
21,21189,0
21,21191,1
21,21193,0
21,21195,0
21,21197,0
21,21199,0
21,21201,0
21,21203,1
21,21205,1
21,21207,0
21,21209,1
21,21211,1
21,21213,1
21,21215,1
21,21217,0
21,21219,1
21,21221,1
21,21223,1
21,21225,0
21,21227,1
21,21229,0
21,21231,0
21,21233,0
21,21235,1
21,21237,0
21,21239,1
22,22001,1
22,22003,0
22,22005,1
22,22007,0
22,22009,1
22,22011,0
22,22013,1
22,22015,1
22,22017,1
22,22019,1
22,22021,0
22,22023,1
22,22025,0
22,22027,1
22,22029,0
22,22031,1
22,22033,1
22,22035,0
22,22037,0
22,22039,1
22,22041,1
22,22043,1
22,22045,0
22,22047,1
22,22049,1
22,22051,1
22,22053,1
22,22055,1
22,22057,0
22,22059,0
22,22061,1
22,22063,1
22,22065,1
22,22067,1
22,22069,1
22,22071,1
22,22073,1
22,22075,0
22,22077,0
22,22079,1
22,22081,1
22,22083,1
22,22085,1
22,22087,1
22,22089,1
22,22091,1
22,22093,1
22,22095,1
22,22097,1
22,22099,1
22,22101,0
22,22103,1
22,22105,1
22,22107,0
22,22109,0
22,22111,1
22,22113,0
22,22115,0
22,22117,0
22,22119,1
22,22121,1
22,22123,0
22,22125,0
22,22127,0
23,23001,1
23,23003,1
23,23005,1
23,23007,0
23,23009,1
23,23011,1
23,23013,0
23,23015,1
23,23017,0
23,23019,1
23,23021,1
23,23023,1
23,23025,1
23,23027,1
23,23029,0
23,23031,1
24,24001,1
24,24003,1
24,24005,1
24,24009,0
24,24011,0
24,24013,1
24,24015,1
24,24017,1
24,24019,0
24,24021,1
24,24023,1
24,24025,1
24,24027,1
24,24029,0
24,24031,1
24,24033,1
24,24035,0
24,24037,0
24,24039,0
24,24041,0
24,24043,1
24,24045,0
24,24047,0
24,24510,1
25,25001,0
25,25003,1
25,25005,1
25,25007,0
25,25009,1
25,25011,1
25,25013,1
25,25015,1
25,25017,1
25,25019,0
25,25021,1
25,25023,1
25,25025,1
25,25027,1
26,26001,0
26,26003,0
26,26005,1
26,26007,0
26,26009,0
26,26011,1
26,26013,0
26,26015,0
26,26017,1
26,26019,0
26,26021,1
26,26023,1
26,26025,1
26,26027,1
26,26029,1
26,26031,1
26,26033,1
26,26035,0
26,26037,1
26,26039,1
26,26041,0
26,26043,0
26,26045,1
26,26047,1
26,26049,1
26,26051,1
26,26053,0
26,26055,0
26,26057,0
26,26059,1
26,26061,0
26,26063,0
26,26065,1
26,26067,1
26,26069,0
26,26071,0
26,26073,0
26,26075,1
26,26077,1
26,26079,0
26,26081,1
26,26083,0
26,26085,0
26,26087,1
26,26089,0
26,26091,1
26,26093,1
26,26095,0
26,26097,1
26,26099,1
26,26101,0
26,26103,0
26,26105,0
26,26107,0
26,26109,0
26,26111,0
26,26113,0
26,26115,1
26,26117,0
26,26119,0
26,26121,1
26,26123,0
26,26125,1
26,26127,0
26,26129,1
26,26131,0
26,26133,0
26,26135,0
26,26137,1
26,26139,1
26,26141,0
26,26143,1
26,26145,1
26,26147,1
26,26149,1
26,26151,0
26,26153,0
26,26155,1
26,26157,1
26,26159,1
26,26161,1
26,26163,1
26,26165,0
27,27001,0
27,27003,1
27,27005,0
27,27007,0
27,27009,1
27,27011,0
27,27013,0
27,27015,0
27,27017,1
27,27019,1
27,27021,0
27,27023,0
27,27025,1
27,27027,1
27,27029,0
27,27031,0
27,27033,0
27,27035,0
27,27037,1
27,27039,0
27,27041,1
27,27043,1
27,27045,1
27,27047,1
27,27049,0
27,27051,1
27,27053,1
27,27055,1
27,27057,0
27,27059,1
27,27061,0
27,27063,1
27,27065,1
27,27067,0
27,27069,1
27,27071,0
27,27073,0
27,27075,0
27,27077,0
27,27079,0
27,27081,0
27,27083,0
27,27085,0
27,27087,0
27,27089,1
27,27091,1
27,27093,0
27,27095,0
27,27097,0
27,27099,1
27,27101,0
27,27103,0
27,27105,1
27,27107,0
27,27109,1
27,27111,1
27,27113,0
27,27115,1
27,27117,0
27,27119,1
27,27121,1
27,27123,1
27,27125,0
27,27127,0
27,27129,0
27,27131,1
27,27133,1
27,27135,0
27,27137,1
27,27139,1
27,27141,1
27,27143,0
27,27145,1
27,27147,1
27,27149,0
27,27151,0
27,27153,1
27,27155,0
27,27157,0
27,27159,0
27,27161,0
27,27163,1
27,27165,0
27,27167,1
27,27169,1
27,27171,1
27,27173,0
28,28001,0
28,28003,0
28,28005,1
28,28007,1
28,28009,0
28,28011,0
28,28013,0
28,28015,1
28,28017,0
28,28019,0
28,28021,0
28,28023,1
28,28025,0
28,28027,0
28,28029,1
28,28031,1
28,28033,1
28,28035,1
28,28037,0
28,28039,0
28,28041,0
28,28043,1
28,28045,1
28,28047,1
28,28049,1
28,28051,1
28,28053,0
28,28055,0
28,28057,0
28,28059,1
28,28061,1
28,28063,0
28,28065,0
28,28067,1
28,28069,0
28,28071,0
28,28073,1
28,28075,1
28,28077,0
28,28079,0
28,28081,0
28,28083,0
28,28085,1
28,28087,0
28,28089,1
28,28091,0
28,28093,0
28,28095,0
28,28097,1
28,28099,0
28,28101,1
28,28103,0
28,28105,0
28,28107,1
28,28109,1
28,28111,0
28,28113,1
28,28115,0
28,28117,0
28,28119,0
28,28121,1
28,28123,1
28,28125,0
28,28127,1
28,28129,1
28,28131,0
28,28133,0
28,28135,1
28,28137,1
28,28139,0
28,28141,0
28,28143,1
28,28145,0
28,28147,0
28,28149,1
28,28151,0
28,28153,0
28,28155,0
28,28157,0
28,28159,0
28,28161,1
28,28163,1
29,29001,0
29,29003,1
29,29005,1
29,29007,0
29,29009,0
29,29011,1
29,29013,1
29,29015,0
29,29017,1
29,29019,1
29,29021,1
29,29023,1
29,29025,1
29,29027,1
29,29029,1
29,29031,1
29,29033,0
29,29035,1
29,29037,1
29,29039,0
29,29041,0
29,29043,0
29,29045,1
29,29047,1
29,29049,1
29,29051,1
29,29053,1
29,29055,1
29,29057,0
29,29059,1
29,29061,1
29,29063,1
29,29065,0
29,29067,0
29,29069,1
29,29071,1
29,29073,0
29,29075,0
29,29077,1
29,29079,0
29,29081,1
29,29083,0
29,29085,0
29,29087,1
29,29089,1
29,29091,0
29,29093,0
29,29095,1
29,29097,1
29,29099,1
29,29101,1
29,29103,0
29,29105,1
29,29107,1
29,29109,1
29,29111,0
29,29113,1
29,29115,0
29,29117,0
29,29119,1
29,29121,0
29,29123,1
29,29125,1
29,29127,1
29,29129,0
29,29131,1
29,29133,1
29,29135,1
29,29137,0
29,29139,1
29,29141,0
29,29143,1
29,29145,1
29,29147,0
29,29149,0
29,29151,1
29,29153,0
29,29155,1
29,29157,1
29,29159,1
29,29161,1
29,29163,0
29,29165,1
29,29167,0
29,29169,1
29,29171,0
29,29173,1
29,29175,0
29,29177,1
29,29179,0
29,29181,0
29,29183,1
29,29185,0
29,29186,1
29,29187,0
29,29189,1
29,29195,1
29,29197,0
29,29199,0
29,29201,1
29,29203,0
29,29205,0
29,29207,0
29,29209,0
29,29211,0
29,29213,0
29,29215,0
29,29217,1
29,29219,1
29,29221,1
29,29223,1
29,29225,1
29,29227,0
29,29229,0
29,29510,1
30,30001,1
30,30003,1
30,30005,0
30,30007,1
30,30009,1
30,30011,0
30,30013,1
30,30015,0
30,30017,1
30,30019,0
30,30021,1
30,30023,1
30,30025,0
30,30027,0
30,30029,0
30,30031,1
30,30033,0
30,30035,0
30,30037,0
30,30039,1
30,30041,0
30,30043,1
30,30045,0
30,30047,0
30,30049,1
30,30051,0
30,30053,0
30,30055,0
30,30057,1
30,30059,0
30,30061,1
30,30063,1
30,30065,0
30,30067,1
30,30069,0
30,30071,0
30,30073,1
30,30075,0
30,30077,1
30,30079,1
30,30081,0
30,30083,0
30,30085,0
30,30087,1
30,30089,1
30,30091,0
30,30093,1
30,30095,1
30,30097,1
30,30099,1
30,30101,1
30,30103,1
30,30105,0
30,30107,0
30,30109,1
30,30111,1
31,31001,1
31,31003,0
31,31005,0
31,31007,0
31,31009,0
31,31011,0
31,31013,0
31,31015,0
31,31017,0
31,31019,1
31,31021,1
31,31023,0
31,31025,1
31,31027,0
31,31029,0
31,31031,0
31,31033,1
31,31035,0
31,31037,0
31,31039,0
31,31041,0
31,31043,1
31,31045,0
31,31047,1
31,31049,1
31,31051,1
31,31053,1
31,31055,1
31,31057,0
31,31059,0
31,31061,0
31,31063,0
31,31065,0
31,31067,0
31,31069,0
31,31071,0
31,31073,1
31,31075,0
31,31077,0
31,31079,1
31,31081,1
31,31083,0
31,31085,0
31,31087,0
31,31089,0
31,31091,0
31,31093,0
31,31095,0
31,31097,0
31,31099,1
31,31101,1
31,31103,0
31,31105,1
31,31107,0
31,31109,1
31,31111,1
31,31113,0
31,31115,0
31,31117,0
31,31119,0
31,31121,1
31,31123,0
31,31125,0
31,31127,1
31,31129,0
31,31131,1
31,31133,0
31,31135,1
31,31137,1
31,31139,0
31,31141,0
31,31143,0
31,31145,0
31,31147,1
31,31149,0
31,31151,0
31,31153,1
31,31155,1
31,31157,0
31,31159,1
31,31161,0
31,31163,0
31,31165,0
31,31167,0
31,31169,0
31,31171,0
31,31173,1
31,31175,0
31,31177,1
31,31179,0
31,31181,0
31,31183,0
31,31185,1
32,32001,1
32,32003,1
32,32005,1
32,32007,1
32,32009,0
32,32011,1
32,32013,1
32,32015,1
32,32017,1
32,32019,1
32,32021,0
32,32023,0
32,32027,1
32,32029,1
32,32031,1
32,32033,0
32,32510,1
33,33001,1
33,33003,1
33,33005,1
33,33007,1
33,33009,1
33,33011,1
33,33013,1
33,33015,1
33,33017,1
33,33019,1
34,34001,0
34,34003,1
34,34005,1
34,34007,1
34,34009,0
34,34011,0
34,34013,1
34,34015,1
34,34017,1
34,34019,1
34,34021,1
34,34023,1
34,34025,1
34,34027,1
34,34029,1
34,34031,1
34,34033,1
34,34035,1
34,34037,1
34,34039,1
34,34041,1
35,35001,1
35,35003,0
35,35005,0
35,35006,1
35,35007,1
35,35009,0
35,35011,0
35,35013,1
35,35015,0
35,35017,1
35,35019,1
35,35021,0
35,35023,1
35,35025,0
35,35027,0
35,35028,0
35,35029,1
35,35031,1
35,35033,1
35,35035,0
35,35037,1
35,35039,0
35,35041,0
35,35043,1
35,35045,0
35,35047,1
35,35049,1
35,35051,1
35,35053,1
35,35055,0
35,35057,1
35,35059,0
35,35061,1
36,36001,1
36,36003,1
36,36005,1
36,36007,1
36,36009,1
36,36011,1
36,36013,1
36,36015,1
36,36017,1
36,36019,1
36,36021,1
36,36023,1
36,36025,1
36,36027,1
36,36029,1
36,36031,1
36,36033,0
36,36035,1
36,36037,1
36,36039,1
36,36041,0
36,36043,1
36,36045,1
36,36047,1
36,36049,0
36,36051,1
36,36053,1
36,36055,1
36,36057,1
36,36059,1
36,36061,1
36,36063,1
36,36065,1
36,36067,1
36,36069,1
36,36071,1
36,36073,1
36,36075,1
36,36077,1
36,36079,1
36,36081,1
36,36083,1
36,36085,1
36,36087,1
36,36089,0
36,36091,1
36,36093,1
36,36095,1
36,36097,0
36,36099,1
36,36101,1
36,36103,1
36,36105,1
36,36107,1
36,36109,1
36,36111,1
36,36113,1
36,36115,1
36,36117,1
36,36119,1
36,36121,0
36,36123,0
37,37001,1
37,37003,1
37,37005,0
37,37007,0
37,37009,0
37,37011,0
37,37013,0
37,37015,0
37,37017,1
37,37019,1
37,37021,1
37,37023,1
37,37025,1
37,37027,1
37,37029,0
37,37031,0
37,37033,0
37,37035,1
37,37037,1
37,37039,0
37,37041,0
37,37043,0
37,37045,1
37,37047,0
37,37049,0
37,37051,1
37,37053,0
37,37055,0
37,37057,1
37,37059,1
37,37061,1
37,37063,1
37,37065,1
37,37067,1
37,37069,0
37,37071,1
37,37073,0
37,37075,0
37,37077,1
37,37079,0
37,37081,1
37,37083,1
37,37085,1
37,37087,1
37,37089,1
37,37091,0
37,37093,0
37,37095,0
37,37097,1
37,37099,0
37,37101,1
37,37103,0
37,37105,0
37,37107,0
37,37109,1
37,37111,1
37,37113,0
37,37115,1
37,37117,0
37,37119,1
37,37121,1
37,37123,1
37,37125,1
37,37127,1
37,37129,1
37,37131,1
37,37133,0
37,37135,1
37,37137,0
37,37139,0
37,37141,1
37,37143,0
37,37145,0
37,37147,0
37,37149,1
37,37151,1
37,37153,1
37,37155,1
37,37157,0
37,37159,1
37,37161,0
37,37163,1
37,37165,1
37,37167,0
37,37169,0
37,37171,1
37,37173,0
37,37175,0
37,37177,0
37,37179,1
37,37181,1
37,37183,1
37,37185,1
37,37187,0
37,37189,0
37,37191,1
37,37193,1
37,37195,1
37,37197,1
37,37199,1
38,38001,0
38,38003,1
38,38005,0
38,38007,1
38,38009,0
38,38011,0
38,38013,0
38,38015,1
38,38017,1
38,38019,0
38,38021,0
38,38023,0
38,38025,0
38,38027,0
38,38029,0
38,38031,0
38,38033,1
38,38035,1
38,38037,0
38,38039,0
38,38041,0
38,38043,1
38,38045,1
38,38047,1
38,38049,0
38,38051,0
38,38053,0
38,38055,0
38,38057,0
38,38059,1
38,38061,1
38,38063,0
38,38065,0
38,38067,1
38,38069,0
38,38071,0
38,38073,0
38,38075,0
38,38077,1
38,38079,0
38,38081,0
38,38083,0
38,38085,0
38,38087,0
38,38089,1
38,38091,0
38,38093,1
38,38095,0
38,38097,1
38,38099,1
38,38101,1
38,38103,0
38,38105,0
39,39001,0
39,39003,1
39,39005,1
39,39007,1
39,39009,0
39,39011,1
39,39013,1
39,39015,0
39,39017,1
39,39019,0
39,39021,1
39,39023,1
39,39025,1
39,39027,1
39,39029,1
39,39031,1
39,39033,0
39,39035,1
39,39037,1
39,39039,0
39,39041,1
39,39043,1
39,39045,1
39,39047,1
39,39049,1
39,39051,1
39,39053,0
39,39055,1
39,39057,1
39,39059,1
39,39061,1
39,39063,1
39,39065,1
39,39067,0
39,39069,0
39,39071,0
39,39073,0
39,39075,0
39,39077,1
39,39079,0
39,39081,0
39,39083,1
39,39085,1
39,39087,1
39,39089,1
39,39091,0
39,39093,1
39,39095,1
39,39097,1
39,39099,1
39,39101,0
39,39103,1
39,39105,1
39,39107,0
39,39109,1
39,39111,0
39,39113,1
39,39115,1
39,39117,1
39,39119,1
39,39121,1
39,39123,1
39,39125,0
39,39127,1
39,39129,1
39,39131,0
39,39133,1
39,39135,1
39,39137,1
39,39139,1
39,39141,0
39,39143,1
39,39145,0
39,39147,0
39,39149,1
39,39151,1
39,39153,1
39,39155,1
39,39157,1
39,39159,1
39,39161,0
39,39163,0
39,39165,1
39,39167,1
39,39169,1
39,39171,1
39,39173,1
39,39175,0
40,40001,0
40,40003,0
40,40005,0
40,40007,0
40,40009,1
40,40011,1
40,40013,0
40,40015,1
40,40017,1
40,40019,1
40,40021,0
40,40023,0
40,40025,0
40,40027,1
40,40029,0
40,40031,1
40,40033,1
40,40035,1
40,40037,1
40,40039,1
40,40041,1
40,40043,0
40,40045,0
40,40047,0
40,40049,1
40,40051,1
40,40053,0
40,40055,0
40,40057,0
40,40059,0
40,40061,1
40,40063,0
40,40065,0
40,40067,0
40,40069,0
40,40071,1
40,40073,0
40,40075,0
40,40077,0
40,40079,1
40,40081,1
40,40083,1
40,40085,1
40,40087,1
40,40089,0
40,40091,1
40,40093,0
40,40095,0
40,40097,1
40,40099,1
40,40101,1
40,40103,1
40,40105,0
40,40107,1
40,40109,1
40,40111,1
40,40113,1
40,40115,1
40,40117,0
40,40119,1
40,40121,0
40,40123,0
40,40125,1
40,40127,0
40,40129,1
40,40131,1
40,40133,1
40,40135,1
40,40137,0
40,40139,0
40,40141,0
40,40143,1
40,40145,1
40,40147,0
40,40149,1
40,40151,0
40,40153,0
41,41001,1
41,41003,1
41,41005,1
41,41007,0
41,41009,1
41,41011,0
41,41013,1
41,41015,0
41,41017,1
41,41019,1
41,41021,1
41,41023,0
41,41025,0
41,41027,1
41,41029,1
41,41031,1
41,41033,1
41,41035,0
41,41037,0
41,41039,1
41,41041,0
41,41043,1
41,41045,1
41,41047,1
41,41049,1
41,41051,1
41,41053,1
41,41055,1
41,41057,0
41,41059,1
41,41061,1
41,41063,0
41,41065,1
41,41067,1
41,41069,0
41,41071,1
42,42001,0
42,42003,1
42,42005,1
42,42007,1
42,42009,1
42,42011,1
42,42013,1
42,42015,1
42,42017,1
42,42019,1
42,42021,0
42,42023,0
42,42025,1
42,42027,1
42,42029,1
42,42031,1
42,42033,1
42,42035,1
42,42037,1
42,42039,1
42,42041,1
42,42043,1
42,42045,1
42,42047,1
42,42049,1
42,42051,1
42,42053,0
42,42055,1
42,42057,1
42,42059,1
42,42061,1
42,42063,0
42,42065,1
42,42067,0
42,42069,1
42,42071,1
42,42073,1
42,42075,1
42,42077,1
42,42079,1
42,42081,1
42,42083,0
42,42085,1
42,42087,0
42,42089,1
42,42091,1
42,42093,1
42,42095,1
42,42097,1
42,42099,1
42,42101,1
42,42103,1
42,42105,0
42,42107,1
42,42109,0
42,42111,1
42,42113,0
42,42115,1
42,42117,1
42,42119,1
42,42121,1
42,42123,0
42,42125,1
42,42127,1
42,42129,1
42,42131,1
42,42133,1
44,44001,1
44,44003,1
44,44005,1
44,44007,1
44,44009,1
45,45001,0
45,45003,1
45,45005,1
45,45007,1
45,45009,1
45,45011,1
45,45013,1
45,45015,1
45,45017,1
45,45019,1
45,45021,1
45,45023,1
45,45025,0
45,45027,1
45,45029,1
45,45031,1
45,45033,1
45,45035,1
45,45037,1
45,45039,1
45,45041,1
45,45043,0
45,45045,1
45,45047,0
45,45049,1
45,45051,0
45,45053,1
45,45055,1
45,45057,1
45,45059,1
45,45061,1
45,45063,1
45,45065,0
45,45067,1
45,45069,1
45,45071,1
45,45073,1
45,45075,1
45,45077,1
45,45079,1
45,45081,0
45,45083,1
45,45085,1
45,45087,1
45,45089,0
45,45091,1
46,46003,1
46,46005,0
46,46007,0
46,46009,0
46,46011,1
46,46013,0
46,46015,1
46,46017,0
46,46019,1
46,46021,0
46,46023,0
46,46025,0
46,46027,1
46,46029,1
46,46031,0
46,46033,0
46,46035,1
46,46037,0
46,46039,1
46,46041,0
46,46043,0
46,46045,0
46,46047,0
46,46049,0
46,46051,1
46,46053,0
46,46055,0
46,46057,1
46,46059,0
46,46061,1
46,46063,0
46,46065,0
46,46067,0
46,46069,0
46,46071,1
46,46073,0
46,46075,1
46,46077,0
46,46079,0
46,46081,1
46,46083,1
46,46085,1
46,46087,1
46,46089,0
46,46091,0
46,46093,1
46,46095,1
46,46097,0
46,46099,1
46,46101,1
46,46102,0
46,46103,1
46,46105,0
46,46107,0
46,46109,1
46,46111,0
46,46115,0
46,46117,0
46,46119,0
46,46121,0
46,46123,0
46,46125,0
46,46127,1
46,46129,0
46,46135,0
46,46137,0
47,47001,1
47,47003,1
47,47005,1
47,47007,0
47,47009,1
47,47011,1
47,47013,1
47,47015,1
47,47017,1
47,47019,1
47,47021,1
47,47023,0
47,47025,0
47,47027,0
47,47029,1
47,47031,1
47,47033,1
47,47035,1
47,47037,1
47,47039,1
47,47041,1
47,47043,1
47,47045,1
47,47047,1
47,47049,0
47,47051,1
47,47053,0
47,47055,1
47,47057,0
47,47059,1
47,47061,1
47,47063,1
47,47065,1
47,47067,0
47,47069,0
47,47071,0
47,47073,1
47,47075,1
47,47077,1
47,47079,0
47,47081,1
47,47083,0
47,47085,1
47,47087,0
47,47089,1
47,47091,0
47,47093,1
47,47095,1
47,47097,1
47,47099,0
47,47101,0
47,47103,1
47,47105,1
47,47107,1
47,47109,0
47,47111,0
47,47113,1
47,47115,1
47,47117,1
47,47119,1
47,47121,1
47,47123,1
47,47125,1
47,47127,0
47,47129,1
47,47131,0
47,47133,1
47,47135,1
47,47137,0
47,47139,0
47,47141,1
47,47143,1
47,47145,1
47,47147,1
47,47149,1
47,47151,1
47,47153,0
47,47155,1
47,47157,1
47,47159,1
47,47161,0
47,47163,1
47,47165,1
47,47167,1
47,47169,0
47,47171,1
47,47173,0
47,47175,0
47,47177,0
47,47179,1
47,47181,0
47,47183,0
47,47185,1
47,47187,1
47,47189,1
48,48001,0
48,48003,0
48,48005,0
48,48007,0
48,48009,1
48,48011,1
48,48013,1
48,48015,1
48,48017,0
48,48019,1
48,48021,0
48,48023,0
48,48025,1
48,48027,1
48,48029,1
48,48031,0
48,48033,0
48,48035,0
48,48037,1
48,48039,1
48,48041,0
48,48043,0
48,48045,0
48,48047,0
48,48049,0
48,48051,0
48,48053,0
48,48055,1
48,48057,0
48,48059,1
48,48061,1
48,48063,0
48,48065,1
48,48067,1
48,48069,0
48,48071,1
48,48073,0
48,48075,0
48,48077,1
48,48079,0
48,48081,0
48,48083,0
48,48085,1
48,48087,1
48,48089,1
48,48091,1
48,48093,0
48,48095,0
48,48097,1
48,48099,0
48,48101,0
48,48103,1
48,48105,1
48,48107,0
48,48109,1
48,48111,0
48,48113,1
48,48115,0
48,48117,1
48,48119,0
48,48121,1
48,48123,0
48,48125,0
48,48127,0
48,48129,1
48,48131,0
48,48133,1
48,48135,1
48,48137,0
48,48139,1
48,48141,1
48,48143,1
48,48145,1
48,48147,0
48,48149,1
48,48151,1
48,48153,0
48,48155,0
48,48157,1
48,48159,1
48,48161,1
48,48163,1
48,48165,0
48,48167,1
48,48169,0
48,48171,1
48,48173,1
48,48175,0
48,48177,1
48,48179,1
48,48181,0
48,48183,1
48,48185,1
48,48187,1
48,48189,1
48,48191,0
48,48193,0
48,48195,0
48,48197,0
48,48199,1
48,48201,1
48,48203,1
48,48205,0
48,48207,0
48,48209,1
48,48211,0
48,48213,0
48,48215,1
48,48217,1
48,48219,0
48,48221,1
48,48223,1
48,48225,0
48,48227,1
48,48229,1
48,48231,1
48,48233,0
48,48235,0
48,48237,0
48,48239,0
48,48241,0
48,48243,1
48,48245,1
48,48247,0
48,48249,1
48,48251,1
48,48253,1
48,48255,0
48,48257,1
48,48259,1
48,48261,1
48,48263,0
48,48265,1
48,48267,1
48,48269,0
48,48271,0
48,48273,0
48,48275,0
48,48277,0
48,48279,0
48,48281,0
48,48283,1
48,48285,1
48,48287,0
48,48289,1
48,48291,1
48,48293,0
48,48295,0
48,48297,1
48,48299,0
48,48301,0
48,48303,1
48,48305,0
48,48307,0
48,48309,1
48,48311,1
48,48313,1
48,48315,0
48,48317,1
48,48319,0
48,48321,0
48,48323,0
48,48325,1
48,48327,0
48,48329,1
48,48331,0
48,48333,0
48,48335,1
48,48337,0
48,48339,1
48,48341,0
48,48343,1
48,48345,0
48,48347,0
48,48349,1
48,48351,0
48,48353,1
48,48355,1
48,48357,0
48,48359,1
48,48361,1
48,48363,1
48,48365,1
48,48367,1
48,48369,0
48,48371,1
48,48373,0
48,48375,1
48,48377,0
48,48379,0
48,48381,1
48,48383,0
48,48385,0
48,48387,1
48,48389,1
48,48391,0
48,48393,0
48,48395,0
48,48397,1
48,48399,0
48,48401,1
48,48403,0
48,48405,0
48,48407,1
48,48409,1
48,48411,0
48,48413,1
48,48415,0
48,48417,0
48,48419,0
48,48421,0
48,48423,1
48,48425,0
48,48427,0
48,48429,1
48,48431,0
48,48433,0
48,48435,1
48,48437,1
48,48439,1
48,48441,1
48,48443,1
48,48445,0
48,48447,0
48,48449,1
48,48451,0
48,48453,1
48,48455,0
48,48457,0
48,48459,0
48,48461,0
48,48463,0
48,48465,0
48,48467,1
48,48469,0
48,48471,1
48,48473,1
48,48475,1
48,48477,0
48,48479,1
48,48481,0
48,48483,1
48,48485,1
48,48487,0
48,48489,1
48,48491,1
48,48493,1
48,48495,1
48,48497,0
48,48499,0
48,48501,0
48,48503,0
48,48505,0
48,48507,0
49,49001,1
49,49003,1
49,49005,1
49,49007,0
49,49009,0
49,49011,1
49,49013,0
49,49015,1
49,49017,0
49,49019,1
49,49021,1
49,49023,1
49,49025,0
49,49027,1
49,49029,1
49,49031,1
49,49033,1
49,49035,1
49,49037,0
49,49039,1
49,49041,1
49,49043,1
49,49045,1
49,49047,0
49,49049,1
49,49051,1
49,49053,1
49,49055,0
49,49057,1
50,50001,0
50,50003,0
50,50005,1
50,50007,1
50,50009,1
50,50011,1
50,50013,1
50,50015,0
50,50017,1
50,50019,1
50,50021,0
50,50023,1
50,50025,1
50,50027,1
51,51001,0
51,51003,1
51,51005,1
51,51007,0
51,51009,0
51,51011,0
51,51013,1
51,51015,1
51,51017,1
51,51019,1
51,51021,1
51,51023,1
51,51025,1
51,51027,0
51,51029,0
51,51031,0
51,51033,1
51,51035,1
51,51036,1
51,51037,0
51,51041,1
51,51043,1
51,51045,0
51,51047,0
51,51049,0
51,51051,0
51,51053,1
51,51057,0
51,51059,1
51,51061,1
51,51063,0
51,51065,1
51,51067,1
51,51069,1
51,51071,1
51,51073,1
51,51075,1
51,51077,0
51,51079,0
51,51081,1
51,51083,0
51,51085,1
51,51087,1
51,51089,0
51,51091,0
51,51093,1
51,51095,1
51,51097,1
51,51099,0
51,51101,1
51,51103,0
51,51105,0
51,51107,1
51,51109,1
51,51111,1
51,51113,0
51,51115,0
51,51117,1
51,51119,0
51,51121,1
51,51125,1
51,51127,1
51,51131,0
51,51133,0
51,51135,0
51,51137,0
51,51139,1
51,51141,0
51,51143,0
51,51145,0
51,51147,0
51,51149,1
51,51153,1
51,51155,1
51,51157,1
51,51159,0
51,51161,1
51,51163,1
51,51165,1
51,51167,0
51,51169,1
51,51171,1
51,51173,1
51,51175,1
51,51177,1
51,51179,1
51,51181,1
51,51183,1
51,51185,0
51,51187,1
51,51191,1
51,51193,0
51,51195,0
51,51197,1
51,51199,1
51,51510,1
51,51520,1
51,51530,1
51,51540,1
51,51550,1
51,51570,1
51,51580,1
51,51590,0
51,51595,1
51,51600,1
51,51610,1
51,51620,0
51,51630,1
51,51640,0
51,51650,1
51,51660,1
51,51670,1
51,51678,1
51,51680,0
51,51683,1
51,51685,1
51,51690,0
51,51700,1
51,51710,1
51,51720,0
51,51730,1
51,51735,1
51,51740,1
51,51750,1
51,51760,1
51,51770,1
51,51775,1
51,51790,1
51,51800,1
51,51810,1
51,51820,1
51,51830,1
51,51840,1
53,53001,1
53,53003,0
53,53005,1
53,53007,0
53,53009,0
53,53011,1
53,53013,0
53,53015,1
53,53017,0
53,53019,0
53,53021,1
53,53023,0
53,53025,1
53,53027,0
53,53029,0
53,53031,0
53,53033,1
53,53035,0
53,53037,1
53,53039,1
53,53041,1
53,53043,1
53,53045,0
53,53047,0
53,53049,0
53,53051,0
53,53053,1
53,53055,0
53,53057,1
53,53059,1
53,53061,1
53,53063,1
53,53065,0
53,53067,1
53,53069,0
53,53071,1
53,53073,1
53,53075,1
53,53077,1
54,54001,0
54,54003,1
54,54005,1
54,54007,1
54,54009,1
54,54011,1
54,54013,1
54,54015,1
54,54017,0
54,54019,1
54,54021,1
54,54023,0
54,54025,1
54,54027,0
54,54029,0
54,54031,0
54,54033,1
54,54035,1
54,54037,1
54,54039,1
54,54041,1
54,54043,1
54,54045,0
54,54047,0
54,54049,1
54,54051,1
54,54053,1
54,54055,1
54,54057,1
54,54059,0
54,54061,1
54,54063,1
54,54065,1
54,54067,1
54,54069,1
54,54071,0
54,54073,1
54,54075,0
54,54077,1
54,54079,1
54,54081,1
54,54083,0
54,54085,0
54,54087,1
54,54089,1
54,54091,1
54,54093,0
54,54095,0
54,54097,1
54,54099,1
54,54101,0
54,54103,0
54,54105,1
54,54107,1
54,54109,0
55,55001,1
55,55003,0
55,55005,0
55,55007,0
55,55009,1
55,55011,0
55,55013,0
55,55015,1
55,55017,1
55,55019,0
55,55021,1
55,55023,0
55,55025,1
55,55027,1
55,55029,0
55,55031,1
55,55033,1
55,55035,1
55,55037,0
55,55039,1
55,55041,0
55,55043,0
55,55045,0
55,55047,0
55,55049,0
55,55051,0
55,55053,1
55,55055,1
55,55057,1
55,55059,1
55,55061,1
55,55063,1
55,55065,0
55,55067,0
55,55069,0
55,55071,1
55,55073,1
55,55075,0
55,55077,1
55,55078,0
55,55079,1
55,55081,1
55,55083,0
55,55085,0
55,55087,1
55,55089,1
55,55091,0
55,55093,1
55,55095,0
55,55097,1
55,55099,0
55,55101,1
55,55103,0
55,55105,1
55,55107,0
55,55109,1
55,55111,1
55,55113,0
55,55115,0
55,55117,1
55,55119,0
55,55121,1
55,55123,0
55,55125,0
55,55127,1
55,55129,0
55,55131,1
55,55133,1
55,55135,0
55,55137,1
55,55139,1
55,55141,0
56,56001,1
56,56003,0
56,56005,1
56,56007,1
56,56009,1
56,56011,1
56,56013,0
56,56015,0
56,56017,0
56,56019,1
56,56021,1
56,56023,0
56,56025,1
56,56027,0
56,56029,0
56,56031,1
56,56033,1
56,56035,0
56,56037,1
56,56039,0
56,56041,1
56,56043,0
56,56045,0
60,60010,0
60,60020,0
60,60030,0
60,60040,0
60,60050,0
66,66010,0
69,69085,0
69,69100,0
69,69110,0
69,69120,0
72,72001,0
72,72003,0
72,72005,0
72,72007,1
72,72009,1
72,72011,0
72,72013,1
72,72015,1
72,72017,1
72,72019,0
72,72021,1
72,72023,0
72,72025,1
72,72027,1
72,72029,1
72,72031,1
72,72033,1
72,72035,1
72,72037,1
72,72039,1
72,72041,1
72,72043,1
72,72045,0
72,72047,1
72,72049,0
72,72051,1
72,72053,1
72,72054,1
72,72055,0
72,72057,1
72,72059,0
72,72061,1
72,72063,1
72,72065,1
72,72067,0
72,72069,1
72,72071,1
72,72073,0
72,72075,1
72,72077,1
72,72079,0
72,72081,0
72,72083,0
72,72085,1
72,72087,1
72,72089,1
72,72091,1
72,72093,0
72,72095,1
72,72097,0
72,72099,0
72,72101,1
72,72103,1
72,72105,0
72,72107,0
72,72109,1
72,72111,1
72,72113,1
72,72115,1
72,72117,0
72,72119,1
72,72121,0
72,72123,1
72,72125,0
72,72127,1
72,72129,1
72,72131,1
72,72133,1
72,72135,1
72,72137,1
72,72139,1
72,72141,0
72,72143,1
72,72145,1
72,72147,0
72,72149,1
72,72151,1
72,72153,0
78,78010,0
78,78020,0
78,78030,0
,,
,,
,,
,,
,,
,,
,,
,,
,,
,,
,,
,,
,,
,,
,,
,,
,,
,,
,,
,,
,,
,,
,,
,,
,,
,,
,,
,,
,,
,,
,,
,,
,,
,,
,,
,,
,,
,,
,,
,,
,,
,,
,,
,,
,,
,,
,,
,,
,,
,,
,,
,,
,,
,,
,,
,,
,,
,,
,,
,,
,,
,,
,,
,,
,,
,,
,,
,,
,,
,,
,,
,,
,,
,,
,,
,,
,,
,,
,,
,,
,,
,,
,,
,,
,,
,,
,,
,,
,,
,,
,,
,,
,,
,,
,,
,,
,,
,,
,,
,,
,,
,,
,,
,,
,,
,,
,,
,,
,,
,,
,,
,,
,,
,,
,,
,,
,,
,,
,,
,,
,,
,,
,,
,,
,,
,,
,,
,,
,,
,,
,,
,,
,,
,,
,,
,,
,,
,,
,,
,,
,,
,,
,,
,,
,,
,,
,,
,,
,,
,,
,,
,,
,,
,,
,,
,,
,,
,,
,,
,,
,,
,,
,,
,,
,,
,,
,,
,,
,,
,,
,,
,,
,,
,,
,,
,,
,,
,,
,,
,,
,,
,,
,,
,,
,,
,,
,,
,,
,,
,,
,,
,,
,,
,,
,,
,,
,,
,,
,,
,,
,,
,,
,,
,,
,,
,,
,,
,,
,,
,,
,,
,,
,,
,,
,,
,,
,,
,,
,,
,,
,,
,,
,,
,,
,,
,,
,,
,,
,,
,,
,,
,,
,,
,,
,,
,,
,,
,,
,,
,,
,,
,,
,,
,,
,,
,,
,,
,,
,,
,,
,,
,,
,,
,,
,,
,,
,,
,,
,,
,,
,,
,,
,,
,,
,,
,,
,,
,,
,,
,,
,,
,,
,,
,,
,,
,,
,,
,,
,,
,,
,,
,,
,,
,,
,,
,,
,,
,,
,,
,,
,,
,,
,,
,,
,,
,,
,,
,,
,,
,,
,,
,,
,,
,,
,,
,,
,,
,,
,,
,,
,,
,,
,,
,,
,,
,,
,,
,,
,,
,,
,,
,,
,,
,,
,,
,,
,,
,,
,,
,,
,,
,,
,,
,,
,,
,,
,,
,,
,,
,,
,,
,,
,,
,,
,,
,,
,,
,,
,,
,,
,,
,,
,,
,,
,,
,,
,,
,,
,,
,,
,,
,,
,,
,,
,,
,,
,,
,,
,,
,,
,,
,,
,,
,,
,,
,,
,,
,,
,,
,,
,,
,,
,,
,,
,,
,,
,,
,,
,,
,,
,,
,,
,,
,,
,,
,,
,,
,,
,,
,,
,,
,,
,,
,,
,,
,,
,,
,,
,,
,,
,,
,,
,,
,,
,,
,,
,,
,,
,,
,,
,,
,,
,,
,,
,,
,,
,,
,,
,,
,,
,,
,,
,,
,,
,,
,,
,,
,,
,,
,,
,,
,,
,,
,,
,,
,,
,,
,,
,,
,,
,,
,,
,,
,,
,,
,,
,,
,,
,,
,,
,,
,,
,,
,,
,,
,,
,,
,,
,,
,,
,,
,,
,,
,,
,,
,,
,,
,,
,,
,,
,,
,,
,,
,,
,,
,,
,,
,,
,,
,,
,,
,,
,,
,,
,,
,,
,,
,,
,,
,,
,,
,,
,,
,,
,,
,,
,,
,,
,,
,,
,,
,,
,,
,,
,,
,,
,,
,,
,,
,,
,,
,,
,,
,,
,,
,,
,,
,,
,,
,,
,,
,,
,,
,,
,,
,,
,,
,,
,,
,,
,,
,,
,,
,,
,,
,,
,,
,,
,,
,,
,,
,,
,,
,,
,,
,,
,,
,,
,,
,,
,,
,,
,,
,,
,,
,,
,,
,,
,,
,,
,,
,,
,,
,,
,,
,,
,,
,,
,,
,,
,,
,,
,,
,,
,,
,,
,,
,,
,,
,,
,,
,,
,,
,,
,,
,,
,,
,,
,,
,,
,,
,,
,,
,,
,,
,,
,,
,,
,,
,,
,,
,,
,,
,,
,,
,,
,,
,,
,,
,,
,,
,,
,,
,,
,,
,,
,,
,,
,,
,,
,,
,,
,,
,,
,,
,,
,,
,,
,,
,,
,,
,,
,,
,,
,,
,,
,,
,,
,,
,,
,,
,,
,,
,,
,,
,,
,,
,,
,,
,,
,,
,,
,,
,,
,,
,,
,,
,,
,,
,,
,,
,,
,,
,,
,,
,,
,,
,,
,,
,,
,,
,,
,,
,,
,,
,,
,,
,,
,,
,,
,,
,,
,,
,,
,,
,,
,,
,,
,,
,,
,,
,,
,,
,,
,,
,,
,,
,,
,,
,,
,,
,,
,,
,,
,,
,,
,,
,,
,,
,,
,,
,,
,,
,,
,,
,,
,,
,,
,,
,,
,,
,,
,,
,,
,,
,,
,,
,,
,,
,,
,,
,,
,,
,,
,,
,,
,,
,,
,,
,,
,,
,,
,,
,,
,,
,,
,,
,,
,,
,,
,,
,,
,,
,,
,,
,,
,,
,,
,,
,,
,,
,,
,,
,,
,,
,,
,,
,,
,,
,,
,,
,,
,,
,,
,,
,,
,,
,,
,,
,,
,,
,,
,,
,,
,,
,,
,,
,,
,,
,,
,,
,,
,,
,,
,,
,,
,,
,,
,,
,,
,,
,,
,,
,,
,,
,,
,,
,,
,,
,,
,,
,,
,,
,,
,,
,,
,,
,,
,,
,,
,,
,,
,,
,,
,,
,,
,,
,,
,,
,,
,,
,,
,,
,,
,,
,,
,,
,,
,,
,,
,,
,,
,,
,,
,,
,,
,,
,,
,,
,,
,,
,,
,,
,,
,,
,,
,,
,,
,,
,,
,,
,,
,,
,,
,,
,,
,,
,,
,,
,,
,,
,,
,,
,,
,,
,,
,,
,,
,,
,,
,,
,,
,,
,,
,,
,,
,,
,,
,,
,,
,,
,,
,,
,,
,,
,,
,,
,,
,,
,,
,,
,,
,,
,,
,,
,,
,,
,,
,,
,,
,,
,,
,,
,,
,,
,,
,,
,,
,,
,,
,,
,,
,,
,,
,,
,,
,,
,,
,,
,,
,,
,,
,,
,,
,,
,,
,,
,,
,,
,,
,,
,,
,,
,,
,,
,,
,,
,,
,,
,,
,,
,,
,,
,,
,,
,,
,,
,,
,,
,,
,,
,,
,,
,,
,,
,,
,,
,,
,,
,,
,,
,,
,,
,,
,,
,,
,,
,,
,,
,,
,,
,,
,,
,,
,,
,,
,,
,,
,,
,,
,,
,,
,,
,,
,,
,,
,,
,,
,,
,,
,,
,,
,,
,,
,,
,,
,,
,,
,,
,,
,,
,,
,,
,,
,,
,,
,,
,,
,,
,,
,,
,,
,,
,,
,,
,,
,,
,,
,,
,,
,,
,,
,,
,,
,,
,,
,,
,,
,,
,,
,,
,,
,,
,,
,,
,,
,,
,,
,,
,,
,,
,,
,,
,,
,,
,,
,,
,,
,,
,,
,,
,,
,,
,,
,,
,,
,,
,,
,,
,,
,,
,,
,,
,,
,,
,,
,,
,,
,,
,,
,,
,,
,,
,,
,,
,,
,,
,,
,,
,,
,,
,,
,,
,,
,,
,,
,,
,,
,,
,,
,,
,,
,,
,,
,,
,,
,,
,,
,,
,,
,,
,,
,,
,,
,,
,,
,,
,,
,,
,,
,,
,,
,,
,,
,,
,,
,,
,,
,,
,,
,,
,,
,,
,,
,,
,,
,,
,,
,,
,,
,,
,,
,,
,,
,,
,,
,,
,,
,,
,,
,,
,,
,,
,,
,,
,,
,,
,,
,,
,,
,,
,,
,,
,,
,,
,,
,,
,,
,,
,,
,,
,,
,,
,,
,,
,,
,,
,,
,,
,,
,,
,,
,,
,,
,,
,,
,,
,,
,,
,,
,,
,,
,,
,,
,,
,,
,,
,,
,,
,,
,,
,,
,,
,,
,,
,,
,,
,,
,,
,,
,,
,,
,,
,,
,,
,,
,,
,,
,,
,,
,,
,,
,,
,,
,,
,,
,,
,,
,,
,,
,,
,,
,,
,,
,,
,,
,,
,,
,,
,,
,,
,,
,,
,,
,,
,,
,,
,,
,,
,,
,,
,,
,,
,,
,,
,,
,,
,,
,,
,,
,,
,,
,,
,,
,,
,,
,,
,,
,,
,,
,,
,,
,,
,,
,,
,,
,,
,,
,,
,,
,,
,,
,,
,,
,,
,,
,,
,,
,,
,,
,,
,,
,,
,,
,,
,,
,,
,,
,,
,,
,,
,,
,,
,,
,,
,,
,,
,,
,,
,,
,,
,,
,,
,,
,,
,,
,,
,,
,,
,,
,,
,,
,,
,,
,,
,,
,,
,,
,,
,,
,,
,,
,,
,,
,,
,,
,,
,,
,,
,,
,,
,,
,,
,,
,,
,,
,,
,,
,,
,,
,,
,,
,,
,,
,,
,,
,,
,,
,,
,,
,,
,,
,,
,,
,,
,,
,,
,,
,,
,,
,,
,,
,,
,,
,,
,,
,,
,,
,,
,,
,,
,,
,,
,,
,,
,,
,,
,,
,,
,,
,,
,,
,,
,,
,,
,,
,,
,,
,,
,,
,,
,,
,,
,,
,,
,,
,,
,,
,,
,,
,,
,,
,,
,,
,,
,,
,,
,,
,,
,,
,,
,,
,,
,,
,,
,,
,,
,,
,,
,,
,,
,,
,,
,,
,,
,,
,,
,,
,,
,,
,,
,,
,,
,,
,,
,,
,,
,,
,,
,,
,,
,,
,,
,,
,,
,,
,,
,,
,,
,,
,,
,,
,,
,,
,,
,,
,,
,,
,,
,,
,,
,,
,,
,,
,,
,,
,,
,,
,,
,,
,,
,,
,,
,,
,,
,,
,,
,,
,,
,,
,,
,,
,,
,,
,,
,,
,,
,,
,,
,,
,,
,,
,,
,,
,,
,,
,,
,,
,,
,,
,,
,,
,,
,,
,,
,,
,,
,,
,,
,,
,,
,,
,,
,,
,,
,,
,,
,,
,,
,,
,,
,,
,,
,,
,,
,,
,,
,,
,,
,,
,,
,,
,,
,,
,,
,,
,,
,,
,,
,,
,,
,,
,,
,,
,,
,,
,,
,,
,,
,,
,,
,,
,,
,,
,,
,,
,,
,,
,,
,,
,,
,,
,,
,,
,,
,,
,,
,,
,,
,,
,,
,,
,,
,,
,,
,,
,,
,,
,,
,,
,,
,,
,,
,,
,,
,,
,,
,,
,,
,,
,,
,,
,,
,,
,,
,,
,,
,,
,,
,,
,,
,,
,,
,,
,,
,,
,,
,,
,,
,,
,,
,,
,,
,,
,,
,,
,,
,,
,,
,,
,,
,,
,,
,,
,,
,,
,,
,,
,,
,,
,,
,,
,,
,,
,,
,,
,,
,,
,,
,,
,,
,,
,,
,,
,,
,,
,,
,,
,,
,,
,,
,,
,,
,,
,,
,,
,,
,,
,,
,,
,,
,,
,,
,,
,,
,,
,,
,,
,,
,,
,,
,,
,,
,,
,,
,,
,,
,,
,,
,,
,,
,,
,,
,,
,,
,,
,,
,,
,,
,,
,,
,,
,,
,,
,,
,,
,,
,,
,,
,,
,,
,,
,,
,,
,,
,,
,,
,,
,,
,,
,,
,,
,,
,,
,,
,,
,,
,,
,,
,,
,,
,,
,,
,,
,,
,,
,,
,,
,,
,,
,,
,,
,,
,,
,,
,,
,,
,,
,,
,,
,,
,,
,,
,,
,,
,,
,,
,,
,,
,,
,,
,,
,,
,,
,,
,,
,,
,,
,,
,,
,,
,,
,,
,,
,,
,,
,,
,,
,,
,,
,,
,,
,,
,,
,,
,,
,,
